Name,Set code,Set name,Collector number,Foil,Rarity,Quantity,ManaBox ID,Scryfall ID,Purchase price,Misprint,Altered,Condition,Language,Purchase price currency,Added
Abrade,HOU,Hour of Devastation,83,normal,uncommon,4,4592,84319dfb-eaf7-4b98-8c4f-30f5e779591b,0.19,false,false,near_mint,es,EUR,2025-04-20T23:27:12.695Z
Abstract Paintmage,SOS,Secrets of Strixhaven,171,normal,uncommon,1,112708,ea008094-d995-4740-9b39-c61049356c55,0.22,false,false,near_mint,es,EUR,2026-04-19T19:45:43.814Z
Access Tunnel,TDC,Tarkir: Dragonstorm Commander,337,normal,uncommon,1,104625,4bef5957-71a4-4fe0-b2ce-dff8e8690bd9,0.57,false,false,near_mint,es,EUR,2026-04-19T19:50:14.772Z
Act of Aggression,NPH,New Phyrexia,78,normal,uncommon,2,19807,61a9f30b-d154-49a4-ad6b-f05601992de3,0.28,false,false,near_mint,es,EUR,2025-04-20T23:27:12.695Z
Aether Channeler,DMU,Dominaria United,42,normal,rare,1,71489,60afeb75-2c1e-4634-8c83-88b1dddb77c2,0.37,false,false,near_mint,es,EUR,2025-04-20T23:27:12.695Z
Ajani's Pridemate,PLST,The List,WAR-4,normal,uncommon,2,49340,3a558693-629f-4921-ae82-396c133f9117,0.14,false,false,near_mint,es,EUR,2025-04-20T23:27:12.695Z
Ajani's Response,SOS,Secrets of Strixhaven,6,normal,common,2,112654,9cd1417a-badc-4abd-a8ca-5b31f85c1072,0.09,false,false,near_mint,es,EUR,2026-04-19T19:45:43.727Z
Alania's Pathmaker,BLB,Bloomburrow,123,normal,common,3,96123,d3871fe6-e26e-4ab4-bd81-7e3c7b8135c1,0.04,false,false,near_mint,es,EUR,2025-04-20T23:27:12.695Z
"Alania, Divergent Storm",BLB,Bloomburrow,204,foil,rare,1,95776,436d6a84-4cea-4ca7-94aa-9d08280652af,0.36,false,false,near_mint,es,EUR,2025-04-20T23:27:12.695Z
Alchemist's Apprentice,AVR,Avacyn Restored,42,normal,common,3,18236,31abba67-1241-4fb3-88b5-4c4668ec5f25,0.07,false,false,near_mint,es,EUR,2025-04-20T23:27:12.695Z
Ancestral Anger,SOS,Secrets of Strixhaven,106,normal,common,1,112627,6c5a93d6-d4ab-4062-bb3c-1b5330bf15ad,0.19,false,false,near_mint,es,EUR,2026-04-19T19:45:43.786Z
Ancient Imperiosaur,MOM,March of the Machine,174,normal,rare,1,81101,687d3261-dfbf-4c49-986f-20117b7ab5e7,0.37,false,false,near_mint,es,EUR,2025-04-20T23:27:12.695Z
Angel of Finality,FDN,Foundations,136,normal,uncommon,1,101057,baaabd52-3aa9-4e2f-9369-d4db8b405ba8,0.11,false,false,near_mint,es,EUR,2025-04-20T23:27:12.695Z
Angel of Vitality,J25,Foundations Jumpstart,162,normal,uncommon,1,100974,aba6ecdb-ec04-4d2b-beec-733cf112f290,0.36,false,false,near_mint,es,EUR,2025-04-20T23:27:12.695Z
Angelic Destiny,FDN,Foundations,565,normal,mythic,1,100119,066d73fa-369b-44a3-b1a9-d22176ac3566,1.56,false,false,near_mint,es,EUR,2025-04-20T23:27:12.695Z
Antiquities on the Loose,SOS,Secrets of Strixhaven,7,normal,rare,1,112291,68ee92cd-51af-4de5-bcc8-34d0bb2fd398,0.18,false,false,near_mint,es,EUR,2026-04-19T19:45:43.751Z
Apostle's Blessing,MM2,Modern Masters 2015,8,normal,common,1,11209,fdfbc07e-d726-4d42-9394-6aa0f5fc3a3a,0.44,false,false,near_mint,es,EUR,2025-04-20T23:27:12.695Z
"Aragorn and Arwen, Wed",LTR,The Lord of the Rings: Tales of Middle-earth,287,foil,mythic,1,83546,d7d4c97a-9319-4534-9a49-da000f41a02d,4.14,false,false,near_mint,es,EUR,2025-04-20T23:27:12.695Z
Arbiter of Woe,FDN,Foundations,55,normal,uncommon,1,101008,b2496c4a-df03-4583-bd76-f98ed5cb61ee,0.08,false,false,near_mint,es,EUR,2025-04-20T23:27:12.695Z
Arcane Omens,SOS,Secrets of Strixhaven,73,normal,uncommon,1,111654,d357d997-9d4e-4ade-81f2-37629853f13a,0.23,false,false,near_mint,es,EUR,2026-04-19T19:45:43.771Z
Arcane Signet,ELD,Throne of Eldraine,331,normal,common,1,46040,84128e98-87d6-4c2f-909b-9435a7833e63,0.72,false,false,near_mint,es,EUR,2025-04-20T23:27:12.695Z
Arcanis the Omnipotent,C17,Commander 2017,80,normal,rare,1,4375,e7a7941b-68bf-48b1-a5ed-2013068b486c,0.52,false,false,near_mint,es,EUR,2025-04-20T23:27:12.695Z
Archive Dragon,WOE,Wilds of Eldraine,41,normal,uncommon,2,85313,2979104f-7570-487c-8024-131d7ee3ab91,0.11,false,false,near_mint,es,EUR,2025-04-20T23:27:12.695Z
Archmage Emeritus,STX,Strixhaven: School of Mages,37,normal,rare,1,58151,761df6cd-0928-4167-8902-58fdb50181a0,3.05,false,false,near_mint,es,EUR,2025-04-20T23:27:12.695Z
Archway Angel,RNA,Ravnica Allegiance,3,normal,uncommon,1,43861,b209d219-b946-4226-a8b4-65a5f3837fac,0.12,false,false,near_mint,es,EUR,2025-04-20T23:27:12.695Z
Ark of Hunger,SOS,Secrets of Strixhaven,173,normal,rare,1,112311,79d01c19-162b-4a12-9e27-18366d95eaa0,0.23,false,false,near_mint,es,EUR,2026-04-19T19:45:43.742Z
Arni Brokenbrow,KHM,Kaldheim,120,normal,rare,1,57175,ff334bba-0805-4d5d-86c4-99185fe9a77a,0.09,false,false,near_mint,es,EUR,2025-04-20T23:27:12.695Z
"Arnyn, Deathbloom Botanist",SOS,Secrets of Strixhaven,74,normal,uncommon,1,112621,6168b472-0930-4db5-9920-407340b99050,0.32,false,false,near_mint,es,EUR,2026-04-19T19:45:43.754Z
Ascendant Dustspeaker,SOS,Secrets of Strixhaven,8,normal,common,1,112702,de3de40b-a7ac-455e-add2-4e451b602d17,0.15,false,false,near_mint,es,EUR,2026-04-19T19:45:43.766Z
Ascendant Packleader,VOW,Innistrad: Crimson Vow,186,normal,rare,1,64102,142c5b67-5de9-41da-b57f-7ce771457a3e,0.3,false,false,near_mint,es,EUR,2025-04-20T23:27:12.695Z
Asgardian Citadel,MSH,Marvel Super Heroes,258,normal,common,1,114013,d5f88c3d-b17b-46aa-a573-449350f95d46,0.14,false,false,near_mint,es,EUR,2026-06-20T00:03:25.265Z
Asmodeus the Archfiend,AFR,Adventures in the Forgotten Realms,88,normal,rare,1,60361,a5e6b864-58e7-43b9-9d79-1d0361340960,0.34,false,false,near_mint,es,EUR,2025-04-20T23:27:12.695Z
"Aurelia, the Warleader",FDN,Foundations,651,normal,mythic,1,101070,bc6ffc1c-575b-4116-83c9-d13b29886c35,6.54,false,false,near_mint,es,EUR,2025-04-20T23:27:12.695Z
Axgard Cavalry,KHM,Kaldheim,121,normal,common,4,56789,2411c341-a470-4484-9248-7c1d3ca12978,0.07,false,false,near_mint,es,EUR,2025-04-20T23:27:12.695Z
"Ayli, Eternal Pilgrim",PLST,The List,OGW-151,normal,rare,1,97931,7ee06259-06ab-4e8d-b2a4-6fbb46150ddb,0.36,false,false,near_mint,es,EUR,2025-04-20T23:27:12.695Z
Azorius Guildgate,C13,Commander 2013,275,normal,common,1,15111,093bdc0f-bf04-48d3-91d1-28bc8a0f25be,0.08,false,false,near_mint,es,EUR,2025-04-20T23:27:12.695Z
Backup Agent,SNC,Streets of New Capenna,2,normal,common,3,67662,2a46af75-3880-4141-b26e-19834d67e7a8,0.06,false,false,near_mint,es,EUR,2025-04-20T23:27:12.695Z
Bag End Porter,LTR,The Lord of the Rings: Tales of Middle-earth,153,normal,common,2,83427,b7557170-39a2-49df-823e-958c3eb34801,0.02,false,false,near_mint,es,EUR,2025-04-20T23:27:12.695Z
Ball Lightning,FDN,Foundations,618,normal,rare,1,100569,5f27dbf0-6818-40ea-832d-10686b4c2900,0.57,false,false,near_mint,es,EUR,2025-04-20T23:27:12.695Z
Ballyrush Banneret,FDN,Foundations,567,normal,common,1,101003,b18a7daa-a112-4728-9123-594366694915,0.31,false,false,near_mint,es,EUR,2025-04-20T23:27:12.695Z
Banishing Light,CM2,Commander Anthology Volume II,18,normal,uncommon,2,1719,e45da7c2-d869-4b51-956c-287d0b0d2df4,0.19,false,false,near_mint,es,EUR,2025-04-20T23:27:12.695Z
Basilisk Collar,PLST,The List,MM3-216,normal,rare,1,47807,fda957e5-e01d-4b85-84bb-fdf9e070df70,1.48,false,false,near_mint,es,EUR,2025-04-20T23:27:12.695Z
Bellowing Crier,BLB,Bloomburrow,42,normal,common,3,96119,ca2215dd-6300-49cf-b9b2-3a840b786c31,0.02,false,false,near_mint,es,EUR,2025-04-20T23:27:12.695Z
Bilbo's Ring,LTR,The Lord of the Rings: Tales of Middle-earth,298,normal,rare,1,83297,91dbeac4-1c39-4a4f-84e7-1b71f7468c8f,4.82,false,false,near_mint,es,EUR,2025-04-20T23:27:12.695Z
Bishop's Soldier,XLN,Ixalan,6,normal,common,1,4006,d954677c-2de6-440a-90d0-bab2e0c8b4af,0.08,false,false,near_mint,es,EUR,2025-04-20T23:27:12.695Z
Bite Down,DMU,Dominaria United,155,normal,common,1,71257,0eacd3de-b803-4322-8d88-d533761aa748,0.05,false,false,near_mint,es,EUR,2025-04-20T23:27:12.695Z
Black Dragon,AFR,Adventures in the Forgotten Realms,90,normal,uncommon,2,60372,aaca283a-39f1-4ae7-98fb-7821a927ef86,0.15,false,false,near_mint,es,EUR,2025-04-20T23:27:12.695Z
Blight Keeper,XLN,Ixalan,92,normal,common,1,3920,3bcabe2d-82d2-4c1b-8f28-21dc29c9dbf2,0.08,false,false,near_mint,es,EUR,2025-04-20T23:27:12.695Z
Blinding Souleater,PLST,The List,MM2-202,normal,common,2,47805,3e87c2cd-d849-4396-a8ba-0e914578ff30,0.1,false,false,near_mint,es,EUR,2025-04-20T23:27:12.695Z
Bloodfell Caves,M21,Core Set 2021,243,normal,common,2,50827,5d89a0e2-1163-4a11-b0df-deef2e6c8108,0.04,false,false,near_mint,es,EUR,2025-04-20T23:27:12.695Z
Blossom Dryad,PLST,The List,XLN-178,normal,common,1,48210,31a892e5-ac50-40e7-ac30-3710ed0f8eee,0.08,false,false,near_mint,es,EUR,2025-04-20T23:27:12.695Z
Blossoming Sands,PLST,The List,C18-237,normal,common,10,47695,1e10cef4-355c-4c92-af8d-fcc9a1fa5065,0.07,false,false,near_mint,es,EUR,2025-04-20T23:27:12.695Z
Bogwater Lumaret,SOS,Secrets of Strixhaven,177,normal,common,2,111650,7a42f51a-3377-47bb-b6fb-c0515bf1dcfb,0.12,false,false,near_mint,es,EUR,2026-04-19T19:45:43.734Z
Bolt Bend,FDN,Foundations,619,normal,uncommon,1,101152,cf01af2c-68e5-4bb5-81de-f3a1b860fb2e,3.02,false,false,near_mint,es,EUR,2025-04-20T23:27:12.695Z
Boon-Bringer Valkyrie,MOM,March of the Machine,9,normal,rare,1,81141,84e1cc7d-e645-4b0e-b117-63f93528ed12,0.34,false,false,near_mint,es,EUR,2025-04-20T23:27:12.695Z
Boros Charm,GK1,GRN Guild Kit,84,normal,uncommon,1,62,4cf1419c-11fa-46a1-89e0-11b14ec40fa7,3.95,false,false,near_mint,es,EUR,2025-04-20T23:27:12.695Z
Boros Guildgate,CM2,Commander Anthology Volume II,240,normal,common,1,1497,37b72bee-351a-4c06-9d42-cc2ae1241b45,0.08,false,false,near_mint,es,EUR,2025-04-20T23:27:12.695Z
Brave Brawler,MSH,Marvel Super Heroes,8,normal,common,1,113587,2242b5c3-42ef-4be0-a61f-65c93e56fcab,0.08,false,false,near_mint,es,EUR,2026-06-20T00:03:25.256Z
"Bria, Riptide Rogue",BLB,Bloomburrow,379,foil,mythic,1,91701,390c96b3-68da-4a42-89ab-d9ccc79ce0dd,10.03,false,false,near_mint,es,EUR,2025-04-20T23:27:12.695Z
Brineborn Cutthroat,M20,Core Set 2020,50,normal,uncommon,2,45411,0857765f-afd7-418a-a93b-c0bd1b1f037e,0.11,false,false,near_mint,es,EUR,2025-04-20T23:27:12.695Z
Broken Wings,ZNR,Zendikar Rising,181,normal,common,3,54736,c0fc2dfd-85b0-4add-be18-b39549235921,0.06,false,false,near_mint,es,EUR,2025-04-20T23:27:12.695Z
Brute Suit,NEO,Kamigawa: Neon Dynasty,241,normal,common,2,66866,363cb43a-e358-4380-a42f-9b095ca522c6,0.04,false,false,near_mint,es,EUR,2025-04-20T23:27:12.695Z
Burn the Accursed,MID,Innistrad: Midnight Hunt,132,normal,common,2,63521,ff4d4e6b-564d-46da-8e32-09ed08c8ddc5,0.04,false,false,near_mint,es,EUR,2025-04-20T23:27:12.695Z
Burnished Hart,PLST,The List,C15-248,normal,uncommon,1,47799,d892efa7-5805-4c20-9b1f-0a0d0ebdbc17,0.22,false,false,near_mint,es,EUR,2025-04-20T23:27:12.695Z
Burrog Barrage,SOS,Secrets of Strixhaven,141,normal,common,1,112647,95d5b0a8-2b66-418e-9e5e-ecf7b304c31e,0.13,false,false,near_mint,es,EUR,2026-04-19T19:45:43.748Z
Burrowguard Mentor,BLB,Bloomburrow,206,normal,uncommon,2,95945,87138ace-3594-499e-bad5-ec76148613ea,0.13,false,false,near_mint,es,EUR,2025-04-20T23:27:12.695Z
Burst Lightning,MM2,Modern Masters 2015,109,normal,common,4,11108,f2e6428f-5c78-45f7-9bf9-eb4de63325d5,0.12,false,false,near_mint,es,EUR,2025-04-20T23:27:12.695Z
Bushwhack,J25,Foundations Jumpstart,641,normal,uncommon,1,101366,f6b92766-1ab8-462d-bd45-ccd6f55cbe14,0.23,false,false,near_mint,es,EUR,2025-04-20T23:27:12.695Z
"Butterbur, Bree Innkeeper",LTR,The Lord of the Rings: Tales of Middle-earth,197,normal,uncommon,1,83640,f3fd9ff1-278b-4e6a-b30b-90250d8b5762,0.05,false,false,near_mint,es,EUR,2025-04-20T23:27:12.695Z
"Byrke, Long Ear of the Law",BLB,Bloomburrow,380,foil,mythic,1,91703,6441abd3-320b-424a-9753-61e3581fe1a9,2.01,false,false,near_mint,es,EUR,2025-04-20T23:27:12.695Z
Calamity Bearer,KHM,Kaldheim,125,normal,rare,1,57010,a15edad1-ff68-4f20-95f6-99fe549bea98,0.12,false,false,near_mint,es,EUR,2025-04-20T23:27:12.695Z
Cancel,PLST,The List,KTK-33,normal,common,1,49047,c8153fad-8a06-46f3-8a5a-2d0d4841191a,0.12,false,false,near_mint,es,EUR,2025-04-20T23:27:12.695Z
Carrot Cake,BLB,Bloomburrow,7,normal,common,2,95636,eb03bb4f-8b4b-417e-bfc6-294cd2186b2e,0.11,false,false,near_mint,es,EUR,2025-04-20T23:27:12.695Z
Cast into the Fire,LTR,The Lord of the Rings: Tales of Middle-earth,118,normal,common,1,82962,2ef878cb-27b6-47d8-ad11-bd20529b0e7e,0.62,false,false,near_mint,es,EUR,2025-04-20T23:27:12.695Z
Cat Collector,FDN,Foundations,4,normal,uncommon,1,100507,526fe356-bff1-4211-9e88-bf913ac76b1d,0.13,false,false,near_mint,es,EUR,2025-04-20T23:27:12.695Z
Cathedral Membrane,NPH,New Phyrexia,5,normal,uncommon,2,19880,07592731-68be-4218-bb2c-c2523c5a27f1,0.56,false,false,near_mint,es,EUR,2025-04-20T23:27:12.695Z
Charmed Sleep,ELD,Throne of Eldraine,40,normal,common,2,46298,f1f97d9e-650b-4b69-8733-d80c8e0f723f,0.1,false,false,near_mint,es,EUR,2025-04-20T23:27:12.695Z
Charming Prince,FDN,Foundations,568,normal,rare,1,100964,aa7b47e1-7e32-4f2f-aecf-bac7ca197081,1.52,false,false,near_mint,es,EUR,2025-04-20T23:27:12.695Z
Chart a Course,PLST,The List,XLN-48,normal,uncommon,1,49042,98f091ee-70c5-4878-9b11-43df85e1d5de,0.22,false,false,near_mint,es,EUR,2025-04-20T23:27:12.695Z
Chase Inspiration,SOS,Secrets of Strixhaven,41,normal,common,2,112562,06f9f257-c7ef-44b7-8b2b-f038fba900af,0.16,false,false,near_mint,es,EUR,2026-04-19T19:45:43.788Z
Chomping Kavu,MOM,March of the Machine,179,normal,common,2,81325,31c249d9-37c0-451d-866b-e834c4c57214,0.15,false,false,near_mint,es,EUR,2025-04-20T23:27:12.695Z
Choreographed Sparks,SOS,Secrets of Strixhaven,111,normal,rare,1,112564,0cda4235-4dce-48fe-a8a5-2a952dedbe25,0.93,false,false,near_mint,es,EUR,2026-04-19T19:45:43.818Z
Circuitous Route,FDN,Foundations,635,normal,uncommon,2,100946,a806dec2-d4f9-4f8d-a1dd-170777941131,0.35,false,false,near_mint,es,EUR,2025-04-20T23:27:12.695Z
Claim the Kingdom,MSH,Marvel Super Heroes,163,normal,uncommon,1,113428,cf13bfb1-5b44-4363-8de9-ece234233870,0.02,false,false,near_mint,es,EUR,2026-06-20T00:03:25.262Z
Cleaving Reaper,KHM,Kaldheim,376,normal,rare,1,57053,b59dadef-74e5-47c7-a3e0-51075ddb82b1,0.15,false,false,near_mint,es,EUR,2025-04-20T23:27:12.695Z
Clifftop Lookout,BLB,Bloomburrow,168,normal,uncommon,2,95931,662d3bcc-65f3-4c69-8ea1-446870a1193d,0.19,false,false,near_mint,es,EUR,2025-04-20T23:27:12.695Z
Clinquant Skymage,FDN,Foundations,33,normal,uncommon,1,100357,36012810-0e83-4640-8ba7-7262229f1b84,0.12,false,false,near_mint,es,EUR,2025-04-20T23:27:12.695Z
Cloudblazer,KLD,Kaladesh,176,normal,uncommon,1,7467,3cb12355-abd8-4bf3-aac1-f710ac162585,0.16,false,false,near_mint,es,EUR,2025-04-20T23:27:12.695Z
Colossification,IKO,Ikoria: Lair of Behemoths,148,normal,rare,1,49929,7b6e6f2a-5015-44c6-aa8d-85188494d1a6,0.46,false,false,near_mint,es,EUR,2025-04-20T23:27:12.695Z
Comforting Counsel,SOS,Secrets of Strixhaven,143,normal,rare,1,112612,5223a04f-6b47-4379-80ce-8489c4a91734,0.19,false,false,near_mint,es,EUR,2026-04-19T19:45:43.729Z
Command Tower,ELD,Throne of Eldraine,333,normal,common,1,46038,ec1f1041-f667-4b73-b1f2-e5bcae84095e,0.56,false,false,near_mint,es,EUR,2025-04-20T23:27:12.695Z
Confiscate,8ED,Eighth Edition,69,normal,uncommon,1,30467,48acfd80-eba3-4aa9-804c-563259ca84de,0.17,false,false,near_mint,es,EUR,2025-04-20T23:27:12.695Z
Consuming Aberration,FDN,Foundations,238,normal,rare,1,101066,bc2b28fd-66b0-457c-80ea-7caed2cc7926,0.13,false,false,near_mint,es,EUR,2025-04-20T23:27:12.695Z
Consuming Tide,VOW,Innistrad: Crimson Vow,53,normal,rare,1,64225,5865f0f1-28a6-49ac-b61e-135845075d1f,0.35,false,false,near_mint,es,EUR,2025-04-20T23:27:12.695Z
Contract Killing,XLN,Ixalan,95,normal,common,1,3917,d1f20feb-b1ed-4d80-bef9-f3cc44ffb7b0,0.08,false,false,near_mint,es,EUR,2025-04-20T23:27:12.695Z
Cooped Up,WOE,Wilds of Eldraine,8,normal,common,3,85552,8acb8758-09c5-4e19-ada1-904e36ece1fc,0.1,false,false,near_mint,es,EUR,2025-04-20T23:27:12.695Z
Corpse Traders,DDM,Duel Decks: Jace vs. Vraska,58,normal,uncommon,1,14692,005ae9a2-b235-49ee-ae54-6875e087f43d,0.06,false,false,near_mint,es,EUR,2025-04-20T23:27:12.695Z
Coruscation Mage,BLB,Bloomburrow,131,normal,uncommon,2,95972,dc2c1de0-6233-469a-be72-a050b97d2c8f,0.45,false,false,near_mint,es,EUR,2025-04-20T23:27:12.695Z
Cost of Brilliance,SOS,Secrets of Strixhaven,77,normal,common,1,112594,3a46816b-9f75-4c72-9ec6-cded6a4a0d01,0.15,false,false,near_mint,es,EUR,2026-04-19T19:45:43.756Z
Costly Plunder,PLST,The List,XLN-96,normal,common,1,48752,2ad01565-73f5-4687-8486-ea175526394b,0.22,false,false,near_mint,es,EUR,2025-04-20T23:27:12.695Z
Crackling Cyclops,FDN,Foundations,83,normal,common,2,101541,6e5b899a-52f7-471b-ad50-4fa6566758fd,0.12,false,false,near_mint,es,EUR,2025-04-20T23:27:12.695Z
Cragplate Baloth,ZNR,Zendikar Rising,359,normal,rare,1,54477,227be7a0-de77-48ae-9a07-91d671985168,0.38,false,false,near_mint,es,EUR,2025-04-20T23:27:12.695Z
Crash the Ramparts,XLN,Ixalan,182,normal,common,1,3830,20b52d17-7efb-4c6e-9e6a-4763d1ef1daa,0.14,false,false,near_mint,es,EUR,2025-04-20T23:27:12.695Z
Crash Through,PLST,The List,M19-133,normal,common,1,48461,32ad0b34-fcf6-4d0d-adf6-c592a5727b89,0.2,false,false,near_mint,es,EUR,2025-04-20T23:27:12.695Z
Crawling Barrens,ZNR,Zendikar Rising,378,normal,rare,1,54772,d9078dbd-65c5-4b02-ac21-c3d2da05b8ec,0.62,false,false,near_mint,es,EUR,2025-04-20T23:27:12.695Z
Creepy Puppeteer,VOW,Innistrad: Crimson Vow,151,normal,rare,1,64084,0bd17b9f-fd93-47d4-9cc4-cd333d0004f5,0.1,false,false,near_mint,es,EUR,2025-04-20T23:27:12.695Z
Crippling Chill,MM3,Modern Masters 2017,34,normal,common,2,6179,53f73e5f-6228-494f-b74e-aca3520dc2b2,0.07,false,false,near_mint,es,EUR,2025-04-20T23:27:12.695Z
Crusader of Odric,2XM,Double Masters,13,normal,common,1,52184,b81e6aaa-aea4-4187-a4ca-fbbea0d10c7d,0.07,false,false,near_mint,es,EUR,2025-04-20T23:27:12.695Z
Crypt Creeper,AVR,Avacyn Restored,91,normal,common,1,18187,0382cb94-0836-4e23-99b7-034faa363203,0.07,false,false,near_mint,es,EUR,2025-04-20T23:27:12.695Z
Cryptic Caves,M20,Core Set 2020,244,normal,uncommon,1,45216,fde9e9cb-68ab-4856-8ad6-30f66666dd93,0.15,false,false,near_mint,es,EUR,2025-04-20T23:27:12.695Z
Cultivator's Caravan,NEC,Neon Dynasty Commander,149,normal,rare,1,67068,c7bddb42-b754-4121-8ff7-e4e50df2eac6,0.16,false,false,near_mint,es,EUR,2025-04-20T23:27:12.695Z
Cyclone Summoner,KHM,Kaldheim,343,normal,rare,1,56815,3420845c-bcb3-4969-9c21-bf4732babfe2,0.52,false,false,near_mint,es,EUR,2025-04-20T23:27:12.695Z
Darksteel Colossus,FDN,Foundations,671,normal,mythic,1,100660,70197723-c61b-4600-b61d-41380c8f3067,3.0,false,false,near_mint,es,EUR,2025-04-20T23:27:12.695Z
Dauntless Survivor,ZNR,Zendikar Rising,184,normal,common,4,54548,52b1b4a2-52a7-4fcd-aa96-f7d9e459657b,0.03,false,false,near_mint,es,EUR,2025-04-20T23:27:12.695Z
Dawnwing Marshal,J25,Foundations Jumpstart,1,normal,uncommon,1,100495,51258ab9-25f6-4617-9499-b17cf7a8db06,0.25,false,false,near_mint,es,EUR,2025-04-20T23:27:12.695Z
Daydream,SOS,Secrets of Strixhaven,9,normal,uncommon,1,112304,e2b16cb2-b8b2-45df-9695-3c16e9d89e28,0.08,false,false,near_mint,es,EUR,2026-04-19T19:45:43.745Z
Deadly Brew,FDN,Foundations,654,normal,uncommon,1,100474,4cd4d5a4-4342-49fb-b1e4-7d08e6cf5376,0.25,false,false,near_mint,es,EUR,2025-04-20T23:27:12.695Z
Deathmark,M11,Magic 2011,91,normal,uncommon,1,21298,77b32384-985b-484a-a96f-66b23f3d0208,0.05,false,false,near_mint,es,EUR,2025-04-20T23:27:12.695Z
Demolition Field,BRO,The Brothers' War,260,normal,uncommon,1,75820,d9c88546-13c9-4d7e-a618-cb2ccd1dbc0f,0.78,false,false,near_mint,es,EUR,2025-04-20T23:27:12.695Z
Demonic Pact,ORI,Magic Origins,92,normal,mythic,1,10850,82c04014-91f9-4197-b4b4-f62c4739a5c2,2.23,false,false,near_mint,es,EUR,2025-04-20T23:27:12.695Z
Demonic Rising,AVR,Avacyn Restored,94,normal,rare,1,18184,a2136a82-b535-47f6-9eee-5b7585ac5cf1,0.3,false,false,near_mint,es,EUR,2025-04-20T23:27:12.695Z
Desecration Demon,DDR,Duel Decks: Nissa vs. Ob Nixilis,44,normal,rare,1,7819,d0d6fabf-ffef-4272-8285-c671f6d777f0,0.32,false,false,near_mint,es,EUR,2025-04-20T23:27:12.695Z
Desperate Castaways,PLST,The List,XLN-101,normal,common,1,48731,b00721f9-1519-4524-92e2-d146b7ed12bb,0.04,false,false,near_mint,es,EUR,2025-04-20T23:27:12.695Z
Devout Decree,M20,Core Set 2020,13,normal,uncommon,1,45448,2dcde8fe-d4a4-4c6e-926e-c4a1b45045e4,0.19,false,false,near_mint,es,EUR,2025-04-20T23:27:12.695Z
Diamond Mare,FDN,Foundations,672,normal,uncommon,1,100669,721463ad-9531-487f-bd82-5e638c4fc35f,0.1,false,false,near_mint,es,EUR,2025-04-20T23:27:12.695Z
Dictate of Kruphix,FDN,Foundations,587,normal,rare,1,101028,b5e4087b-e692-4eb2-bb59-ff2a001d6dd4,0.96,false,false,near_mint,es,EUR,2025-04-20T23:27:12.695Z
Dimir Guildgate,GTC,Gatecrash,241,normal,common,1,16583,4951bf75-1a88-4c85-b4e9-063d84f1dabf,0.18,false,false,near_mint,es,EUR,2025-04-20T23:27:12.695Z
Disenchant,PLST,The List,M20-14,normal,common,1,49277,239932a9-13fc-4e94-8b05-9d58795a0bcf,0.15,false,false,near_mint,es,EUR,2025-04-20T23:27:12.695Z
Dismal Backwater,PLST,The List,KTK-232,normal,common,2,47691,a01d98d3-a999-414b-8f29-636cacd8019b,0.19,false,false,near_mint,es,EUR,2025-04-20T23:27:12.695Z
Dive Down,XLN,Ixalan,53,normal,common,1,3959,b33e493e-1aef-43b3-9716-52158b002430,0.21,false,false,near_mint,es,EUR,2025-04-20T23:27:12.695Z
Divine Resilience,FDN,Foundations,10,normal,uncommon,1,101347,f3a08245-a535-4d24-b8c0-78759bb9c4b0,0.2,false,false,near_mint,es,EUR,2025-04-20T23:27:12.695Z
Doom Blade,M11,Magic 2011,95,normal,common,2,21294,685a74bb-f158-4d0e-b840-222ecbf107d4,0.09,false,false,near_mint,es,EUR,2025-04-20T23:27:12.695Z
Dragon Fodder,PLST,The List,GNT-39,normal,common,2,48445,2b1c0405-bfcd-4c5f-ab74-50bc27271377,0.12,false,false,near_mint,es,EUR,2025-04-20T23:27:12.695Z
Dragon Mage,SCD,Starter Commander Decks,132,normal,uncommon,1,77280,2847214c-f435-42db-80db-f3ca8bfb8567,0.35,false,false,near_mint,es,EUR,2025-04-20T23:27:12.695Z
Dragon Whelp,PLST,The List,CMA-81,normal,uncommon,3,48443,6955b7fb-cdef-4fcf-98ff-fb4e2a331e0f,0.06,false,false,near_mint,es,EUR,2025-04-20T23:27:12.695Z
Dragonmaster Outcast,C19,Commander 2019,139,normal,mythic,1,45795,c1479b6e-b1a2-4089-8ab5-56a6864dbbc0,0.73,false,false,near_mint,es,EUR,2025-04-20T23:27:12.695Z
Dragonsguard Elite,STX,Strixhaven: School of Mages,127,normal,rare,1,58128,658ec634-3eb2-4967-b938-d20d31ab77e3,0.17,false,false,near_mint,es,EUR,2025-04-20T23:27:12.695Z
Dragonwing Glider,ONE,Phyrexia: All Will Be One,128,normal,rare,1,78547,5456b036-231e-4a64-b060-0709f5254664,0.09,false,false,near_mint,es,EUR,2025-04-20T23:27:12.695Z
Dread Summons,C15,Commander 2015,20,normal,rare,1,10016,b2c20cb1-3e3d-4fea-b617-bd6d796c8d10,0.65,false,false,near_mint,es,EUR,2025-04-20T23:27:12.695Z
Dreadwing Scavenger,FDN,Foundations,118,normal,uncommon,1,101252,e24d838b-ab48-410a-9a50-dbfea5da089b,0.21,false,false,near_mint,es,EUR,2025-04-20T23:27:12.695Z
Dreamshackle Geist,VOW,Innistrad: Crimson Vow,58,normal,rare,1,64112,1b81d90b-708a-48c9-a478-e3b0a3d7e982,0.19,false,false,near_mint,es,EUR,2025-04-20T23:27:12.695Z
Driver of the Dead,PLST,The List,CN2-133,normal,common,1,48716,ab352bb4-06bb-4265-bb4f-f0a2a965b585,0.07,false,false,near_mint,es,EUR,2025-04-20T23:27:12.695Z
Drogskol Reaver,FDN,Foundations,655,normal,rare,1,101086,c0a4450c-8dfd-4d05-adb9-e84ec6066c7d,0.54,false,false,near_mint,es,EUR,2025-04-20T23:27:12.695Z
Druid of the Spade,BLB,Bloomburrow,170,normal,common,3,96054,6b485cf7-bad0-4824-9ba7-cb112ce4769f,0.07,false,false,near_mint,es,EUR,2025-04-20T23:27:12.695Z
Dryad Militant,GK1,GRN Guild Kit,111,normal,uncommon,1,35,3ba06012-ef77-4cc1-a795-eb50612d247f,0.25,false,false,near_mint,es,EUR,2025-04-20T23:27:12.695Z
Dunland Crebain,LTR,The Lord of the Rings: Tales of Middle-earth,411,normal,common,2,83634,f1b90963-2a4c-4e0a-9d00-5d3df258c880,0.07,false,false,near_mint,es,EUR,2025-04-20T23:27:12.695Z
Duress,PLST,The List,EMA-86,normal,common,1,48712,e3845911-37e1-44af-b270-bbcae21bdc61,0.17,false,false,near_mint,es,EUR,2025-04-20T23:27:12.695Z
Dusk Legion Duelist,MOM,March of the Machine,11,normal,rare,1,81113,7305a8d3-5403-4483-92af-863dc91c6084,0.57,false,false,near_mint,es,EUR,2025-04-20T23:27:12.695Z
Dwynen's Elite,JMP,Jumpstart,389,normal,uncommon,2,51525,d95d4f15-613c-42f1-a49b-f4f604e69feb,0.17,false,false,near_mint,es,EUR,2025-04-20T23:27:12.695Z
Dúnedain Blade,LTR,The Lord of the Rings: Tales of Middle-earth,6,normal,common,1,83014,3d5f92bf-e4e7-487a-834c-964fdd6ad674,0.06,false,false,near_mint,es,EUR,2025-04-20T23:27:12.695Z
East-Mark Cavalier,LTR,The Lord of the Rings: Tales of Middle-earth,9,normal,common,1,83337,9be412c0-45d4-4856-a8cf-63a5a822dc5c,0.07,false,false,near_mint,es,EUR,2025-04-20T23:27:12.695Z
Easterling Vanguard,LTR,The Lord of the Rings: Tales of Middle-earth,83,normal,common,2,83607,e860dd40-07c5-47c3-92a8-1ee95a953c2f,0.06,false,false,near_mint,es,EUR,2025-04-20T23:27:12.695Z
Eastfarthing Farmer,LTR,The Lord of the Rings: Tales of Middle-earth,8,normal,common,1,82944,26bb65ba-d605-4b79-a700-4a08ec5a90b4,0.05,false,false,near_mint,es,EUR,2025-04-20T23:27:12.695Z
Efflorescence,SOS,Secrets of Strixhaven,144,normal,common,1,112634,79b9ace7-eceb-4f97-9ee7-d5ee3e0b3515,0.14,false,false,near_mint,es,EUR,2026-04-19T19:45:43.777Z
Elemental Mascot,SOS,Secrets of Strixhaven,185,normal,common,1,111741,c507eb1c-48e9-4d28-bb2d-71f2a9df9ab0,0.16,false,false,near_mint,es,EUR,2026-04-19T19:45:43.803Z
Elvish Regrower,FDN,Foundations,104,normal,uncommon,1,100278,2694e3cd-26ed-4a10-ae55-fb84d7800253,0.04,false,false,near_mint,es,EUR,2025-04-20T23:27:12.695Z
Empyrean Eagle,FDN,Foundations,239,normal,uncommon,1,100533,577e99a7-4a55-4314-8f08-2ae0c33b85c7,0.12,false,false,near_mint,es,EUR,2025-04-20T23:27:12.695Z
Encampment Keeper,PLST,The List,XLN-11,normal,common,1,49263,5eb32517-6bd8-4918-b3f8-70c5cf512d7c,0.05,false,false,near_mint,es,EUR,2025-04-20T23:27:12.695Z
Enigma Drake,AKH,Amonkhet,198,normal,uncommon,1,5487,66286631-c16e-410c-b963-25cfe8005d8f,0.17,false,false,near_mint,es,EUR,2025-04-20T23:27:12.695Z
"Ennis, Debate Moderator",SOS,Secrets of Strixhaven,14,normal,uncommon,1,112521,d2ef31b4-24fa-4443-9f05-c8e99c3522e5,0.15,false,false,near_mint,es,EUR,2026-04-19T19:45:43.752Z
Essence Harvest,AVR,Avacyn Restored,100,normal,common,2,18178,7c3fac03-a019-4faa-bc1c-09e3a394fff7,0.4,false,false,near_mint,es,EUR,2025-04-20T23:27:12.695Z
Essence Scatter,PLST,The List,M19-54,normal,common,1,48987,ebe5399a-cff9-4f16-8105-18c40863a3f9,0.22,false,false,near_mint,es,EUR,2025-04-20T23:27:12.695Z
Eternal Student,SOS,Secrets of Strixhaven,82,normal,uncommon,1,112720,f97fac69-3e77-4150-9702-cc726daa6d21,0.17,false,false,near_mint,es,EUR,2026-04-19T19:45:43.731Z
Evolving Wilds,PLST,The List,C18-245,normal,common,14,47689,a561453e-499a-4455-b01d-26e3f58b189e,0.11,false,false,near_mint,es,EUR,2025-04-20T23:27:12.695Z
Expedition Map,MM2,Modern Masters 2015,213,normal,uncommon,1,11004,c708dbd5-1d7b-4ed3-b5a7-93a02d8355ee,1.5,false,false,near_mint,es,EUR,2025-04-20T23:27:12.695Z
Expressive Firedancer,SOS,Secrets of Strixhaven,114,normal,common,2,112286,259b8c45-6241-4206-a34e-34c7f401f47b,0.17,false,false,near_mint,es,EUR,2026-04-19T19:45:43.811Z
Exsanguinate,PLST,The List,SOM-61,normal,uncommon,1,48703,18a67eaf-b02a-4c01-a007-6c1ea96a5c08,0.84,false,false,near_mint,es,EUR,2025-04-20T23:27:12.695Z
Extraction Specialist,SNC,Streets of New Capenna,12,normal,rare,1,67957,b404d6c7-0b65-4c6a-b141-9dffbeb120db,0.52,false,false,near_mint,es,EUR,2025-04-20T23:27:12.695Z
Fading Hope,J25,Foundations Jumpstart,310,normal,uncommon,2,100491,502beb34-279f-4c75-bb95-6b9aba94ab6f,0.3,false,false,near_mint,es,EUR,2025-04-20T23:27:12.695Z
Faebloom Trick,FDN,Foundations,38,normal,uncommon,1,100148,0c3bee8f-f5be-4404-a696-c902637799c3,0.2,false,false,near_mint,es,EUR,2025-04-20T23:27:12.695Z
Fairgrounds Trumpeter,KLD,Kaladesh,155,normal,uncommon,2,7488,65983338-8806-4386-94a6-4670eb853848,0.11,false,false,near_mint,es,EUR,2025-04-20T23:27:12.695Z
Fanatical Firebrand,JMP,Jumpstart,315,normal,common,1,51114,05469d01-0d2b-47b9-8a69-16cf0c3d43f8,0.2,false,false,near_mint,es,EUR,2025-04-20T23:27:12.695Z
Fathom Fleet Cutthroat,M20,Core Set 2020,100,normal,common,1,45361,65a7004c-1952-41df-b645-b34bcbc3e401,0.09,false,false,near_mint,es,EUR,2025-04-20T23:27:12.695Z
Fathom Fleet Firebrand,XLN,Ixalan,142,normal,common,1,3870,52280963-ba5b-4735-b5cb-67866f8624c9,0.05,false,false,near_mint,es,EUR,2025-04-20T23:27:12.695Z
Fecund Greenshell,BLB,Bloomburrow,171,normal,rare,1,96071,80b3e815-0e2e-4325-b1d5-5531b7b92da6,0.36,false,false,near_mint,es,EUR,2025-04-20T23:27:12.695Z
Feed the Swarm,ZNR,Zendikar Rising,102,normal,common,3,54824,f6b2eba7-862a-4efd-9f65-065fb2070855,0.27,false,false,near_mint,es,EUR,2025-04-20T23:27:12.695Z
Feldon's Cane,CHR,Chronicles,97,normal,common,1,39329,38ae4abb-f16e-4433-ac1a-e4be57dc652b,0.2,false,false,near_mint,es,EUR,2025-04-20T23:27:12.695Z
Felidar Cub,BFZ,Battle for Zendikar,25,normal,common,1,10326,ea76a183-e15c-4968-b29d-91c074aa8681,0.1,false,false,near_mint,es,EUR,2025-04-20T23:27:12.695Z
Felidar Retreat,FDN,Foundations,574,normal,rare,1,100801,89e3cc09-5057-4c05-88fc-d6cda809fc74,1.25,false,false,near_mint,es,EUR,2025-04-20T23:27:12.695Z
Fettergeist,AVR,Avacyn Restored,52,normal,uncommon,2,18226,8e89ef0e-1bfe-4e12-90ee-38f993cd8110,0.04,false,false,near_mint,es,EUR,2025-04-20T23:27:12.695Z
Field Research,ZNR,Zendikar Rising,58,normal,common,2,54680,a48c3a2f-678b-4e70-a53f-258457d88d29,0.02,false,false,near_mint,es,EUR,2025-04-20T23:27:12.695Z
Fiendish Panda,FDN,Foundations,120,normal,uncommon,1,100483,4e434d74-cad0-45f5-bc8d-f34aa5e1d879,0.14,false,false,near_mint,es,EUR,2025-04-20T23:27:12.695Z
Fierce Empath,PLST,The List,DDU-10,normal,common,1,48142,17b6c555-17aa-4d66-a359-c3ad8383b85e,0.18,false,false,near_mint,es,EUR,2025-04-20T23:27:12.695Z
Fin Fang Foom,MSH,Marvel Super Heroes,129,normal,rare,1,113372,7777fac1-7bf5-4454-960d-26ec3183e392,0.11,false,false,near_mint,es,EUR,2026-06-20T00:03:25.263Z
Finale of Revelation,MKC,Murders at Karlov Manor Commander,106,normal,mythic,1,90298,2b090b79-befd-4b18-ae9f-03a2bf516aef,0.4,false,false,near_mint,es,EUR,2025-04-20T23:27:12.695Z
"Finneas, Ace Archer",BLB,Bloomburrow,212,normal,rare,1,95741,0dee197d-c313-4364-b52c-f83d5f579bc3,0.27,false,false,near_mint,es,EUR,2025-04-20T23:27:12.695Z
Fire of Orthanc,LTR,The Lord of the Rings: Tales of Middle-earth,127,normal,common,1,83332,9b5871c5-bb94-4803-93ba-cd1a630b00d6,0.02,false,false,near_mint,es,EUR,2025-04-20T23:27:12.695Z
Fires of Mount Doom,LTR,The Lord of the Rings: Tales of Middle-earth,294,normal,rare,1,83439,b9db8702-fc72-453b-afc8-62266f7cd1c2,0.57,false,false,near_mint,es,EUR,2025-04-20T23:27:12.695Z
Fireshrieker,J25,Foundations Jumpstart,750,normal,uncommon,1,101105,c48f5d22-a06c-4e91-ba24-3d7cde68808e,0.17,false,false,near_mint,es,EUR,2025-04-20T23:27:12.695Z
Flame Lash,JMP,Jumpstart,316,normal,common,3,51341,8383e698-0dd7-4f35-aecb-53f0ee746999,0.14,false,false,near_mint,es,EUR,2025-04-20T23:27:12.695Z
Flashfreeze,PLST,The List,MM2-45,normal,uncommon,1,48976,81db0226-23de-4180-9926-b61fa910820e,0.11,false,false,near_mint,es,EUR,2025-04-20T23:27:12.695Z
Flourishing Hunter,VOW,Innistrad: Crimson Vow,199,normal,common,2,64140,2abc54df-773d-4f46-b241-e1f42af8ab95,0.02,false,false,near_mint,es,EUR,2025-04-20T23:27:12.695Z
Fog Bank,PLST,The List,BBD-117,normal,uncommon,1,48972,d134eeed-61ee-4b18-b720-7d10438eb2ff,0.14,false,false,near_mint,es,EUR,2025-04-20T23:27:12.695Z
Follow the Lumarets,SOS,Secrets of Strixhaven,148,normal,common,1,112719,f9488480-2b6c-40bc-a93e-29fb1292a2e4,0.14,false,false,near_mint,es,EUR,2026-04-19T19:45:43.765Z
Foolish Fate,SOS,Secrets of Strixhaven,83,normal,uncommon,1,112693,d278f4c9-d20b-4a76-8c5c-4d3e985948b9,0.21,false,false,near_mint,es,EUR,2026-04-19T19:45:43.762Z
Foray of Orcs,LTR,The Lord of the Rings: Tales of Middle-earth,128,normal,uncommon,2,83116,5fea0c66-c776-4dc7-a235-f3822521cacd,0.15,false,false,near_mint,es,EUR,2025-04-20T23:27:12.695Z
Forest,ELD,Throne of Eldraine,266,normal,common,57,46072,f8f03bb2-313e-4688-945f-052eed678174,0.08,false,false,near_mint,es,EUR,2025-04-20T23:27:12.695Z
Forum of Amity,SOS,Secrets of Strixhaven,256,normal,common,1,111863,1de6c6cc-0c55-4997-8623-d7f796bd9ab8,0.13,false,false,near_mint,es,EUR,2026-04-19T19:45:43.758Z
Fractal,TSOS,Secrets of Strixhaven Tokens,5,normal,common,1,112640,8b5f1fdb-04df-4224-acb4-7819c37565f5,,false,false,near_mint,es,EUR,2026-04-19T19:45:43.749Z
Fractal Anomaly,SOS,Secrets of Strixhaven,50,normal,uncommon,1,112303,e1975a61-aef0-49a6-a6d6-c3a37e2e2b22,0.22,false,false,near_mint,es,EUR,2026-04-19T19:45:43.733Z
Fractal Mascot,SOS,Secrets of Strixhaven,189,normal,common,1,111745,cf5b19e3-eed1-4b36-9756-660ffb3baa08,0.16,false,false,near_mint,es,EUR,2026-04-19T19:45:43.763Z
Fractal Tender,SOS,Secrets of Strixhaven,190,normal,uncommon,1,112314,ea7f5262-4ddb-410a-be72-4bac6af9b4ec,0.15,false,false,near_mint,es,EUR,2026-04-19T19:45:43.770Z
"Frodo, Determined Hero",LTR,The Lord of the Rings: Tales of Middle-earth,289,normal,rare,1,83248,83d1b37c-a8c6-4690-8701-3395397711e7,0.78,false,false,near_mint,es,EUR,2025-04-20T23:27:12.695Z
Frost Breath,M21,Core Set 2021,51,normal,common,2,50769,393fc485-d3c1-4826-933d-89f66df769d4,0.05,false,false,near_mint,es,EUR,2025-04-20T23:27:12.695Z
Frost Trickster,STX,Strixhaven: School of Mages,43,normal,common,4,58409,fd79c9cc-0a8c-4d88-96e2-cb177134a18d,0.07,false,false,near_mint,es,EUR,2025-04-20T23:27:12.695Z
Fumigate,PKLD,Kaladesh Promos,15p,normal,rare,1,50450,085e4b57-495b-41bc-a49d-fa5f00553555,0.57,false,false,near_mint,es,EUR,2025-04-20T23:27:12.695Z
Futurist Forge,MSH,Marvel Super Heroes,55,normal,common,1,113901,a50feebf-c660-43f1-9fae-75294703b346,0.14,false,false,near_mint,es,EUR,2026-06-20T00:03:25.255Z
"Fynn, the Fangbearer",KHM,Kaldheim,170,normal,uncommon,1,56946,7d7a8a90-13c1-4b0c-ab2e-fc8d91ccefd9,0.26,false,false,near_mint,es,EUR,2025-04-20T23:27:12.695Z
Galadhrim Bow,LTR,The Lord of the Rings: Tales of Middle-earth,167,normal,common,1,83340,9df34f21-798f-440d-8b09-ec5b5c0b8c12,0.06,false,false,near_mint,es,EUR,2025-04-20T23:27:12.695Z
"Galadriel, Gift-Giver",LTR,The Lord of the Rings: Tales of Middle-earth,296,normal,rare,1,83239,8229264e-af6c-4f1f-b86a-257889ace9ce,2.55,false,false,near_mint,es,EUR,2025-04-20T23:27:12.695Z
"Gandalf, White Rider",LTR,The Lord of the Rings: Tales of Middle-earth,290,normal,rare,1,83412,b422ce26-06fb-4748-9c01-32c4be914a77,1.52,false,false,near_mint,es,EUR,2025-04-20T23:27:12.695Z
"Garna, Bloodfist of Keld",DMU,Dominaria United,299,normal,uncommon,1,71281,18b8721c-371b-454c-8ccd-5e57779fc4d0,0.1,false,false,near_mint,es,EUR,2025-04-20T23:27:12.695Z
Garruk's Uprising,FDN,Foundations,220,normal,uncommon,1,100447,4805c303-e73b-443b-a09f-49d2c2c88bb5,0.38,false,false,near_mint,es,EUR,2025-04-20T23:27:12.695Z
Gate Colossus,RNA,Ravnica Allegiance,232,normal,uncommon,1,43633,99767e2f-a558-4d63-b9b6-923d15b433e1,0.11,false,false,near_mint,es,EUR,2025-04-20T23:27:12.695Z
Gatekeeper of Malakir,ZEN,Zendikar,89,normal,uncommon,1,22535,71db3698-a45c-4eaf-87e6-30502c0c10f4,0.36,false,false,near_mint,es,EUR,2025-04-20T23:27:12.695Z
Gateway Sneak,RNA,Ravnica Allegiance,40,normal,uncommon,1,43824,edc0229d-05e6-41b7-b7a9-2a8b2b258add,0.16,false,false,near_mint,es,EUR,2025-04-20T23:27:12.695Z
Generous Ent,LTR,The Lord of the Rings: Tales of Middle-earth,169,normal,common,1,83258,85d22d5d-3875-42ff-b51e-c6e21db201f5,0.61,false,false,near_mint,es,EUR,2025-04-20T23:27:12.695Z
Ghitu Lavarunner,DOM,Dominaria,127,normal,common,2,2149,c448ba82-a502-459f-9ebc-fc9e85674e6c,0.07,false,false,near_mint,es,EUR,2025-04-20T23:27:12.695Z
Giant Cindermaw,BRO,The Brothers' War,136,normal,uncommon,1,75301,1349465f-d29f-4d4b-a653-f4388574c336,0.09,false,false,near_mint,es,EUR,2025-04-20T23:27:12.695Z
Giant Growth,PLST,The List,BBD-200,normal,common,4,48136,f349c459-6d80-4919-bb49-f1613f9b8d1f,0.12,false,false,near_mint,es,EUR,2025-04-20T23:27:12.695Z
Gigantosaurus,FDN,Foundations,718,foil,rare,1,101065,bc1c518a-dcb4-407c-85be-ed5935a24198,3.06,false,false,near_mint,es,EUR,2025-04-20T23:27:12.695Z
Gilded Lotus,CMM,Commander Masters,387,normal,rare,1,85028,eea7554e-be86-4d0f-8e80-0ccb4c2cd2f1,0.97,false,false,near_mint,es,EUR,2025-04-20T23:27:12.695Z
Gilded Sentinel,XLN,Ixalan,239,normal,common,2,3773,01cc1a59-76bf-4721-b4a7-ef746f3d3990,0.05,false,false,near_mint,es,EUR,2025-04-20T23:27:12.695Z
Glorious Sunrise,VOW,Innistrad: Crimson Vow,200,normal,rare,1,64350,a2caf73e-c3eb-4fa8-996a-d3d18b2ffaeb,0.79,false,false,near_mint,es,EUR,2025-04-20T23:27:12.695Z
Gnarlback Rhino,M20,Core Set 2020,300,normal,uncommon,1,45160,68a69558-aca0-413d-9762-2fa115b44abd,0.18,false,false,near_mint,es,EUR,2025-04-20T23:27:12.695Z
Goblin Assailant,M20,Core Set 2020,330,normal,common,3,45130,8cfefb65-b6e4-44a1-baa9-d3c00ee8ba96,0.11,false,false,near_mint,es,EUR,2025-04-20T23:27:12.695Z
Goblin Fireleaper,LTR,The Lord of the Rings: Tales of Middle-earth,133,normal,uncommon,1,83620,ec120dae-8c40-4053-9341-1f7774464634,0.1,false,false,near_mint,es,EUR,2025-04-20T23:27:12.695Z
Goblin Negotiation,FDN,Foundations,88,normal,uncommon,1,101335,f2016585-e26c-4d13-b09f-af6383c192f7,0.13,false,false,near_mint,es,EUR,2025-04-20T23:27:12.695Z
"Goddric, Cloaked Reveler",WOE,Wilds of Eldraine,132,normal,rare,1,85862,fe93ef82-51de-40ad-9b52-8f3fd11c144f,0.26,false,false,near_mint,es,EUR,2025-04-20T23:27:12.695Z
Golem's Heart,SOM,Scars of Mirrodin,161,normal,uncommon,2,20871,647ecb81-2d23-40f3-8570-0b86e2ed1c5e,0.1,false,false,near_mint,es,EUR,2025-04-20T23:27:12.695Z
Golgari Guildgate,C19,Commander 2019,247,normal,common,1,45687,9baed2e6-687f-4ab4-b378-4282f3a43c9c,0.16,false,false,near_mint,es,EUR,2025-04-20T23:27:12.695Z
"Gollum, Scheming Guide",LTR,The Lord of the Rings: Tales of Middle-earth,292,normal,rare,1,83231,7f93ad17-b655-4a10-990e-b26ead90d221,1.63,false,false,near_mint,es,EUR,2025-04-20T23:27:12.695Z
"Gothmog, Morgul Lieutenant",LTR,The Lord of the Rings: Tales of Middle-earth,87,normal,uncommon,1,83353,a1c10e93-88eb-46b9-8adc-583661807990,0.09,false,false,near_mint,es,EUR,2025-04-20T23:27:12.695Z
Gratuitous Violence,BLC,Bloomburrow Commander,197,normal,rare,1,96438,bab5985d-636e-41e3-8138-3e108eef8221,0.71,false,false,near_mint,es,EUR,2025-04-20T23:27:12.695Z
Graypelt Refuge,PLST,The List,C17-253,normal,uncommon,2,47680,80df5fcd-da0a-470f-ac21-511f9f54ee27,0.14,false,false,near_mint,es,EUR,2025-04-20T23:27:12.695Z
Great Hall of the Biblioplex,SOS,Secrets of Strixhaven,257,normal,rare,1,111794,42d92674-2664-411c-b9c5-b04da7c845f4,1.02,false,false,near_mint,es,EUR,2026-04-19T19:45:43.807Z
"Grishnákh, Brash Instigator",LTR,The Lord of the Rings: Tales of Middle-earth,134,normal,uncommon,1,83136,6385e769-f805-499d-9f47-494533362152,0.14,false,false,near_mint,es,EUR,2025-04-20T23:27:12.695Z
Growth Curve,SOS,Secrets of Strixhaven,193,normal,uncommon,1,112325,1675a445-86ae-413b-b95a-a1c254a7f252,0.21,false,false,near_mint,es,EUR,2026-04-19T19:45:43.761Z
Gruul Guildgate,GTC,Gatecrash,243,normal,common,1,16581,99c54269-8798-4023-836f-640103e08ce0,0.1,false,false,near_mint,es,EUR,2025-04-20T23:27:12.695Z
Gut Shot,PLST,The List,MM2-117,normal,common,1,48385,98423ff9-48e3-4985-9fe4-7c095c3ceee0,2.24,false,false,near_mint,es,EUR,2025-04-20T23:27:12.695Z
Guttersnipe,PLST,The List,IMA-131,normal,uncommon,1,48384,6d5a14b4-e67c-4129-91dc-9e2fefbe27d2,0.27,false,false,near_mint,es,EUR,2025-04-20T23:27:12.695Z
"Halana and Alena, Partners",VOW,Innistrad: Crimson Vow,239,normal,rare,1,64236,608fa232-f5fe-4c58-9efe-fb780f454b19,1.06,false,false,near_mint,es,EUR,2025-04-20T23:27:12.695Z
Harbinger of the Tides,DDT,Duel Decks: Merfolk vs. Goblins,7,normal,rare,1,3704,90f648d2-27be-4414-9e0a-5a3e4d5067ce,0.29,false,false,near_mint,es,EUR,2025-04-20T23:27:12.695Z
Harmless Offering,EMN,Eldritch Moon,131,normal,rare,1,8203,f8f3cc4f-7943-4025-b332-b40653b13014,0.49,false,false,near_mint,es,EUR,2025-04-20T23:27:12.695Z
Havengul Skaab,AVR,Avacyn Restored,60,normal,common,1,18218,4c7ff97f-fb06-4a61-98cd-50965a6522d4,0.02,false,false,near_mint,es,EUR,2025-04-20T23:27:12.695Z
Headstrong Brute,XLN,Ixalan,147,normal,common,1,3865,66973e90-0c8b-4438-bc22-6e78930c194d,0.03,false,false,near_mint,es,EUR,2025-04-20T23:27:12.695Z
Headwater Sentries,XLN,Ixalan,58,normal,common,1,3954,2af2c338-f5e9-4596-9435-c6aa965ae541,0.05,false,false,near_mint,es,EUR,2025-04-20T23:27:12.695Z
Heartfire Immolator,M21,Core Set 2021,150,normal,uncommon,2,50883,869fb9f1-0d59-4874-aa52-ac665c3cc0e8,0.06,false,false,near_mint,es,EUR,2025-04-20T23:27:12.695Z
Hedron Archive,C19,Commander 2019,214,normal,uncommon,1,45720,8c7d1fa1-e393-4eae-8c8e-449d5d253bbc,0.23,false,false,near_mint,es,EUR,2025-04-20T23:27:12.695Z
Heraldic Banner,FDN,Foundations,254,normal,uncommon,1,100678,743ea709-dbb3-4db8-a2ce-544f47eb6339,0.25,false,false,near_mint,es,EUR,2025-04-20T23:27:12.695Z
Hero's Downfall,FDN,Foundations,175,normal,uncommon,2,97185,ad2c01d9-8f54-46c0-9dc9-d4d4764ce1c9,0.13,false,false,near_mint,es,EUR,2025-04-20T23:27:12.695Z
Heroes' Bane,C20,Commander 2020,175,normal,uncommon,1,50243,247e2b05-b1bb-4ee0-bbac-21e903e51a38,0.22,false,false,near_mint,es,EUR,2025-04-20T23:27:12.695Z
Heroic Reinforcements,M19,Core Set 2019,217,normal,uncommon,1,1095,33c35bf8-ae43-41aa-aae9-4d7513f9058c,0.11,false,false,near_mint,es,EUR,2025-04-20T23:27:12.695Z
Hidetsugu's Second Rite,FDN,Foundations,202,normal,uncommon,1,100577,609421da-8d89-4365-b18b-778832d91482,0.08,false,false,near_mint,es,EUR,2025-04-20T23:27:12.695Z
High-Rise Sawjack,SNC,Streets of New Capenna,150,normal,common,3,67647,2399c6d7-57f9-4100-ad64-3c8897a438f7,0.04,false,false,near_mint,es,EUR,2025-04-20T23:27:12.695Z
Hinterland Sanctifier,J25,Foundations Jumpstart,5,normal,common,4,100716,7bd187b7-5001-4fc3-8c1e-7093827027ee,0.83,false,false,near_mint,es,EUR,2025-04-20T23:27:12.695Z
Hire a Crew,MSH,Marvel Super Heroes,134,normal,common,1,113696,50a6aa80-79a3-46f3-9cc1-5bf663b64976,,false,false,near_mint,es,EUR,2026-06-20T00:03:25.257Z
Hoarding Dragon,IMA,Iconic Masters,134,normal,uncommon,1,3491,5c6cd59a-f184-4e8e-885e-36fbceddfc06,0.12,false,false,near_mint,es,EUR,2025-04-20T23:27:12.695Z
Homesickness,SOS,Secrets of Strixhaven,53,normal,uncommon,1,112358,6e4a1f82-b0b1-4608-91f8-130bee731435,0.19,false,false,near_mint,es,EUR,2026-04-19T19:45:43.789Z
Homicidal Seclusion,AVR,Avacyn Restored,108,normal,uncommon,1,18170,022960a1-8223-4b83-aea2-85359c39f3b8,0.09,false,false,near_mint,es,EUR,2025-04-20T23:27:12.695Z
Honorbound Page // Forum's Favor,SOS,Secrets of Strixhaven,19,normal,common,1,112633,79a70863-860f-4a7b-9cb2-d3546b689d44,0.17,false,false,near_mint,es,EUR,2026-04-19T19:45:43.737Z
Hop to It,BLB,Bloomburrow,16,normal,uncommon,2,95851,ee7207f8-5daa-42af-aeea-7a489047110b,0.13,false,false,near_mint,es,EUR,2025-04-20T23:27:12.695Z
Hop to It,SOA,Secrets of Strixhaven Mystical Archive,6,normal,uncommon,1,112422,16fabbbf-e35b-468c-9aea-09aa6a388dee,0.21,false,false,near_mint,es,EUR,2026-04-19T19:45:43.759Z
"Hulk, Gamma Goliath",MSH,Marvel Super Heroes,215,normal,uncommon,1,113201,682b9f91-18bb-4113-9d5c-a381c191def9,0.17,false,false,near_mint,es,EUR,2026-06-20T00:03:25.259Z
Hullbreaker Horror,WOC,Wilds of Eldraine Commander,95,normal,rare,1,85247,0b743cf8-2d90-4fcf-94ad-8d9512dddd9e,1.38,false,false,near_mint,es,EUR,2025-04-20T23:27:12.695Z
Hydro-Channeler,SOS,Secrets of Strixhaven,54,normal,common,1,112563,099f8400-d70a-48ef-8ff6-645eae97e072,0.08,false,false,near_mint,es,EUR,2026-04-19T19:45:43.806Z
Immersturm Predator,KHM,Kaldheim,214,normal,rare,1,56749,0d83d2d9-b9d0-47f5-989b-f2c726401ade,0.22,false,false,near_mint,es,EUR,2025-04-20T23:27:12.695Z
Immolating Souleater,NPH,New Phyrexia,139,normal,common,3,19746,abbaf916-067d-4834-a55c-b400fe0d8c1f,0.12,false,false,near_mint,es,EUR,2025-04-20T23:27:12.695Z
Impact Tremors,PLST,The List,DTK-140,normal,common,1,48376,acabeb7d-6f8f-4750-a29d-e0dd4e781c52,1.53,false,false,near_mint,es,EUR,2025-04-20T23:27:12.695Z
Imperious Perfect,PLST,The List,CMA-118,normal,uncommon,2,48112,3b2e604b-5ca5-4b17-834c-9067f1605147,0.27,false,false,near_mint,es,EUR,2025-04-20T23:27:12.695Z
In the Trenches,BRO,The Brothers' War,8,normal,mythic,1,75543,71ff86e9-1ce6-43cc-8135-f2adb1b6c5a7,0.5,false,false,near_mint,es,EUR,2025-04-20T23:27:12.695Z
Incite,M11,Magic 2011,145,normal,common,1,21244,6ba4dcc6-05a5-43e9-b445-bae83180aa79,0.15,false,false,near_mint,es,EUR,2025-04-20T23:27:12.695Z
Infestation Sage,FDN,Foundations,64,normal,common,2,101601,d40c73de-7a5f-46f2-a70b-449bc8ecfe24,0.11,false,false,near_mint,es,EUR,2025-04-20T23:27:12.695Z
Ingenious Prodigy,WOE,Wilds of Eldraine,56,normal,rare,1,85734,cf224968-b676-40dd-83c1-a9ee2ceba574,0.45,false,false,near_mint,es,EUR,2025-04-20T23:27:12.695Z
Inkling,TSOS,Secrets of Strixhaven Tokens,7,normal,common,1,112603,43e9f729-abaf-4000-8df5-fa46d59eff9e,,false,false,near_mint,es,EUR,2026-04-19T19:45:43.726Z
Inkling Mascot,SOS,Secrets of Strixhaven,196,normal,common,1,111711,6d4a2f39-0e1e-4076-815a-2676a09a1aab,0.13,false,false,near_mint,es,EUR,2026-04-19T19:45:43.772Z
Inquisitor Exarch,NPH,New Phyrexia,12,normal,uncommon,1,19873,49e241a0-a027-494b-8187-6ecb006d1d33,0.18,false,false,near_mint,es,EUR,2025-04-20T23:27:12.695Z
Inspiring Overseer,SNC,Streets of New Capenna,18,normal,common,4,67694,35d9da1d-8678-4252-b0f8-9960795642f0,0.21,false,false,near_mint,es,EUR,2025-04-20T23:27:12.695Z
Into the Roil,DDM,Duel Decks: Jace vs. Vraska,23,normal,common,1,14727,a4ab4c36-eb3e-496e-ad70-de7c36e3f71e,0.12,false,false,near_mint,es,EUR,2025-04-20T23:27:12.695Z
Into the Void,M15,Magic 2015,60,normal,uncommon,2,13792,7021c9f7-82f3-4470-aaa1-8fa25e207069,0.02,false,false,near_mint,es,EUR,2025-04-20T23:27:12.695Z
Iridescent Blademaster,MOM,March of the Machine,195,normal,common,2,81337,3fee189f-539f-48fa-b217-4b2599375364,0.06,false,false,near_mint,es,EUR,2025-04-20T23:27:12.695Z
Island,UND,Unsanctioned,89,normal,common,55,47273,c5258f33-02c6-4b45-b4de-4429b4508924,0.09,false,false,near_mint,es,EUR,2025-04-20T23:27:12.695Z
Izzet Guildgate,C19,Commander 2019,253,normal,common,1,45681,c60c576b-a1ea-41d2-a1d8-4417c11ed48e,0.15,false,false,near_mint,es,EUR,2025-04-20T23:27:12.695Z
Jeska's Will,SOA,Secrets of Strixhaven Mystical Archive,44,foil,mythic,1,112661,aa1e5db0-4cd8-4d42-bde1-3e3d0041339f,45.44,false,false,near_mint,es,EUR,2026-04-19T19:45:43.828Z
Joust Through,FDN,Foundations,19,normal,uncommon,1,100767,846adb38-f9bb-4fed-b8ed-36ec7885f989,0.14,false,false,near_mint,es,EUR,2025-04-20T23:27:12.695Z
Jungle Hollow,PLST,The List,KTK-235,normal,common,2,47678,b7c3df5f-baa6-4cbd-8ecf-cdf590475172,0.15,false,false,near_mint,es,EUR,2025-04-20T23:27:12.695Z
Kalastria Highborn,FDN,Foundations,607,normal,rare,1,100208,1a52f6ef-7759-4be3-8b80-a57e9d6ae386,1.61,false,false,near_mint,es,EUR,2025-04-20T23:27:12.695Z
"Kang, Temporal Tyrant",MSH,Marvel Super Heroes,217,normal,uncommon,1,113289,fb96ee86-5139-472a-9c4b-8a8a4280fc7e,0.13,false,false,near_mint,es,EUR,2026-06-20T00:03:25.261Z
Karfell Kennel-Master,KHM,Kaldheim,101,normal,common,2,57156,f670c380-6faa-42ec-ab41-6be8137169b2,0.03,false,false,near_mint,es,EUR,2025-04-20T23:27:12.695Z
Kemba's Skyguard,SOM,Scars of Mirrodin,13,normal,common,2,21019,b9f20a74-7614-4bd9-ac08-0e098f98df0c,0.1,false,false,near_mint,es,EUR,2025-04-20T23:27:12.695Z
Kill Shot,KTK,Khans of Tarkir,15,normal,common,2,13383,f30d4136-78a3-4760-83af-d365cc97d118,0.04,false,false,near_mint,es,EUR,2025-04-20T23:27:12.695Z
Kinjalli's Caller,XLN,Ixalan,18,normal,common,1,3994,625211d4-c89c-4aee-a0b0-4bfabd3509ad,0.1,false,false,near_mint,es,EUR,2025-04-20T23:27:12.695Z
"Kirol, History Buff // Pack a Punch",SOS,Secrets of Strixhaven,198,normal,uncommon,1,111709,676ba521-66e4-42cf-a315-70d03cb7334e,0.13,false,false,near_mint,es,EUR,2026-04-19T19:45:43.732Z
Knight of Grace,DOM,Dominaria,23,normal,uncommon,1,2253,7bbbddc0-f8b3-4255-bd82-d50f829ca009,0.11,false,false,near_mint,es,EUR,2025-04-20T23:27:12.695Z
Knight of Malice,DOM,Dominaria,97,normal,uncommon,1,2179,b45266f0-eb4f-4a06-bc64-8c2d774b4cc5,0.19,false,false,near_mint,es,EUR,2025-04-20T23:27:12.695Z
Knight of the Keep,ELD,Throne of Eldraine,19,normal,common,3,46319,0d49653d-cd4e-40a7-99de-fc531b5d8594,0.03,false,false,near_mint,es,EUR,2025-04-20T23:27:12.695Z
Kolaghan Warmonger,MAT,March of the Machine: The Aftermath,67,normal,uncommon,3,82578,8d58c593-327c-4798-8bb8-811c831efb49,0.11,false,false,near_mint,es,EUR,2025-04-20T23:27:12.695Z
Lambholt Harrier,MID,Innistrad: Midnight Hunt,145,normal,common,3,63476,e2a732ca-cd68-465f-8e44-783e1fe34e44,0.06,false,false,near_mint,es,EUR,2025-04-20T23:27:12.695Z
"Landroval, Horizon Witness",LTR,The Lord of the Rings: Tales of Middle-earth,21,normal,uncommon,1,83089,5684483b-9a6a-499b-a5e1-e2815ee03cdb,0.03,false,false,near_mint,es,EUR,2025-04-20T23:27:12.695Z
Landscape Painter // Vibrant Idea,SOS,Secrets of Strixhaven,56,normal,common,1,112264,c0bd30c4-3cdf-4eda-8be5-0fb5e5ddddbf,0.19,false,false,near_mint,es,EUR,2026-04-19T19:45:43.802Z
Last Gasp,SOS,Secrets of Strixhaven,86,normal,common,1,112698,da5f3729-6ec7-4482-90cb-83b973edeae4,0.08,false,false,near_mint,es,EUR,2026-04-19T19:45:43.764Z
"Lathliss, Dragon Queen",FDN,Foundations,627,normal,rare,1,100410,409acb8f-cf03-4a56-a8c0-e4c97a01ee10,2.13,false,false,near_mint,es,EUR,2025-04-20T23:27:12.695Z
Lightning Bolt,PLST,The List,E01-54,normal,uncommon,1,48353,32a180dd-9641-4546-8940-9b21084f0c71,1.27,false,false,near_mint,es,EUR,2025-04-20T23:27:12.695Z
Lightning Strike,GN2,Game Night 2019,42,normal,common,3,46601,116d6679-2834-4cfe-a848-846c17f1af42,0.18,false,false,near_mint,es,EUR,2025-04-20T23:27:12.695Z
"Linden, the Steadfast Queen",ELD,Throne of Eldraine,20,normal,rare,1,46318,fa3ab467-be97-4b84-a73d-b03484d06b97,0.23,false,false,near_mint,es,EUR,2025-04-20T23:27:12.695Z
Llanowar Elves,FDN,Foundations,227,normal,common,4,95583,6a0b230b-d391-4998-a3f7-7b158a0ec2cd,0.17,false,false,near_mint,es,EUR,2025-04-20T23:27:12.695Z
Locust Spray,SOA,Secrets of Strixhaven Mystical Archive,31,normal,uncommon,1,112497,b221e1e9-7b14-4444-ac1c-3d5174c711e9,0.3,false,false,near_mint,es,EUR,2026-04-19T19:45:43.750Z
Lone Revenant,AVR,Avacyn Restored,64,normal,rare,1,18214,2e12186e-9c93-4136-9ea3-e8d2ae1ee2e5,0.12,false,false,near_mint,es,EUR,2025-04-20T23:27:12.695Z
Lorehold Charm,SOS,Secrets of Strixhaven,200,normal,uncommon,1,111656,5fe70295-e550-4577-a341-dab6c25aabfd,0.22,false,false,near_mint,es,EUR,2026-04-19T19:45:43.743Z
Lumengrid Gargoyle,MBS,Mirrodin Besieged,112,normal,uncommon,1,20029,45350c4b-def2-4b93-ab66-9f32bd426cff,0.13,false,false,near_mint,es,EUR,2025-04-20T23:27:12.695Z
Lyra Dawnbringer,J22,Jumpstart 2022,210,normal,mythic,1,76391,6a395674-3b3e-43bf-8384-2ffc63fe84dd,4.43,false,false,near_mint,es,EUR,2025-04-20T23:27:12.695Z
Maelstrom Pulse,UMA,Ultimate Masters,204,normal,rare,1,43199,d30ea59f-c582-4044-b639-dce6fc429b72,1.07,false,false,near_mint,es,EUR,2025-04-20T23:27:12.695Z
Mage Tower Referee,SOS,Secrets of Strixhaven,249,normal,common,1,112568,1ceb704a-97a8-49f9-b799-30f001404144,0.1,false,false,near_mint,es,EUR,2026-04-19T19:45:43.799Z
Magnigoth Sentry,DMU,Dominaria United,172,normal,common,2,71795,d939d4bc-b7e8-4ee8-b904-68f0bff0fde1,0.04,false,false,near_mint,es,EUR,2025-04-20T23:27:12.695Z
Make a Stand,M19,Core Set 2019,26,normal,uncommon,1,1286,4a0857fa-f2cc-4c01-9fe5-8f74d08d1b29,0.25,false,false,near_mint,es,EUR,2025-04-20T23:27:12.695Z
Many Partings,LTR,The Lord of the Rings: Tales of Middle-earth,176,normal,common,2,83528,d179dbbe-9c79-4dbc-955a-5209a3e2745a,0.1,false,false,near_mint,es,EUR,2025-04-20T23:27:12.695Z
Marrow Bats,C13,Commander 2013,82,normal,uncommon,2,15304,a469e9a9-2498-4651-89fb-a86729d8c978,0.05,false,false,near_mint,es,EUR,2025-04-20T23:27:12.695Z
Marrow Shards,NPH,New Phyrexia,15,normal,uncommon,1,19870,53ca60ee-e54b-4a28-b6a6-7bf3503c35b4,0.28,false,false,near_mint,es,EUR,2025-04-20T23:27:12.695Z
Massacre Wurm,DSC,Duskmourn: House of Horror Commander,147,normal,mythic,1,99208,721e2879-b9c6-4567-a105-00e1a52e1a0e,1.91,false,false,near_mint,es,EUR,2025-04-20T23:27:12.695Z
Masterful Flourish,SOS,Secrets of Strixhaven,89,normal,common,1,112643,8d93d14d-7760-4af2-a237-2df326dd28d3,0.17,false,false,near_mint,es,EUR,2026-04-19T19:45:43.783Z
"Mauhúr, Uruk-hai Captain",LTR,The Lord of the Rings: Tales of Middle-earth,214,normal,uncommon,1,83145,65e9a757-7ed4-4cc0-bb6f-a59fa69b32a5,0.11,false,false,near_mint,es,EUR,2025-04-20T23:27:12.695Z
Maze's End,DGM,Dragon's Maze,152,normal,mythic,1,16313,401f7042-24fd-42a0-ae7c-e6b7de1aa446,3.8,false,false,near_mint,es,EUR,2025-04-20T23:27:12.695Z
Mazemind Tome,M21,Core Set 2021,232,normal,rare,1,50917,9fd761f3-6b43-4150-8595-dc3abd85b06c,0.31,false,false,near_mint,es,EUR,2025-04-20T23:27:12.695Z
Melancholic Poet,SOS,Secrets of Strixhaven,90,normal,common,1,112696,d8309815-7035-47a5-acf2-2b2ac1e65037,0.11,false,false,near_mint,es,EUR,2026-04-19T19:45:43.747Z
Mentor of the Meek,C14,Commander 2014,79,normal,rare,1,12777,8bc89664-c84d-42cb-9686-28fbc85add8f,0.39,false,false,near_mint,es,EUR,2025-04-20T23:27:12.695Z
Meriadoc Brandybuck,LTR,The Lord of the Rings: Tales of Middle-earth,177,normal,uncommon,1,83266,885a3277-ef10-4dcf-ac63-eb8971cd627c,0.08,false,false,near_mint,es,EUR,2025-04-20T23:27:12.695Z
Mesa Cavalier,DMU,Dominaria United,26,normal,common,3,71884,feeec740-7ffc-4f57-b52c-92209da91d69,0.05,false,false,near_mint,es,EUR,2025-04-20T23:27:12.695Z
Meteor Golem,M20,Core Set 2020,232,normal,uncommon,1,45228,b748341f-557c-4b6a-a36c-c08c9cc05b90,0.1,false,false,near_mint,es,EUR,2025-04-20T23:27:12.695Z
"Mica, Reader of Ruins",SOS,Secrets of Strixhaven,124,normal,uncommon,2,112369,949ad3ff-9e80-493c-a3ae-146b919bfcd7,0.1,false,false,near_mint,es,EUR,2026-04-19T19:45:43.730Z
Micromancer,DMU,Dominaria United,57,normal,uncommon,1,71700,b21203c8-a935-4ce0-a742-148587e32145,0.04,false,false,near_mint,es,EUR,2025-04-20T23:27:12.695Z
Midnight Reaper,GRN,Guilds of Ravnica,77,normal,rare,1,406,5e122fe0-51c5-404d-a7b9-3d161a426c35,0.25,false,false,near_mint,es,EUR,2025-04-20T23:27:12.695Z
Midnight Snack,FDN,Foundations,65,normal,uncommon,1,101129,c9b7543f-2a45-4db6-b560-d15507a58c91,0.18,false,false,near_mint,es,EUR,2025-04-20T23:27:12.695Z
Might of Murasa,ZNR,Zendikar Rising,194,normal,common,4,54528,42914fd9-e56e-4c3e-a445-fdfa45a45178,0.02,false,false,near_mint,es,EUR,2025-04-20T23:27:12.695Z
Mind Flayer,CLB,Commander Legends: Battle for Baldur's Gate,728,normal,rare,1,69619,a6cb10f5-ee9f-49e6-826a-a2a2395daa92,0.4,false,false,near_mint,es,EUR,2025-04-20T23:27:12.695Z
Mind Spring,PLST,The List,DDT-14,normal,rare,1,48924,efb049d0-1dab-4b8b-b4eb-35b10f18f706,0.22,false,false,near_mint,es,EUR,2025-04-20T23:27:12.695Z
Mind Stone,PLST,The List,C18-210,normal,common,1,47745,616fa067-0d10-4111-bcc6-84d97a13b5ce,0.26,false,false,near_mint,es,EUR,2025-04-20T23:27:12.695Z
Mindful Biomancer,SOS,Secrets of Strixhaven,154,normal,common,1,112582,2c3a6eb8-ce0c-4dc8-9ed6-d2a9223eef53,0.1,false,false,near_mint,es,EUR,2026-04-19T19:45:43.774Z
Mindsparker,FDN,Foundations,628,normal,uncommon,1,100469,4c8b3e58-be07-451e-a5c7-61c70cc3a5a2,0.29,false,false,near_mint,es,EUR,2025-04-20T23:27:12.695Z
Mischievous Mystic,FDN,Foundations,47,normal,uncommon,2,100242,20d89cec-528b-4b2a-87db-e11ce0000622,0.24,false,false,near_mint,es,EUR,2025-04-20T23:27:12.695Z
Mist Raven,PLST,The List,DDQ-26,normal,common,2,48920,c0ea1af2-e86d-4c62-92b1-55473b622592,0.1,false,false,near_mint,es,EUR,2025-04-20T23:27:12.695Z
Mocking Sprite,WOE,Wilds of Eldraine,62,normal,common,1,85788,e595014d-4ff4-4561-b7f2-a9bd56300b01,0.1,false,false,near_mint,es,EUR,2025-04-20T23:27:12.695Z
Mockingbird,BLB,Bloomburrow,61,normal,rare,1,95959,ade32396-8841-4ba4-8852-d11146607f21,3.69,false,false,near_mint,es,EUR,2025-04-20T23:27:12.695Z
Mold Adder,M10,Magic 2010,194,normal,uncommon,1,23159,a216a729-6283-4c2b-90fe-ec8f3b9c570f,0.17,false,false,near_mint,es,EUR,2025-04-20T23:27:12.695Z
Moltensteel Dragon,NPH,New Phyrexia,88,foil,rare,1,19797,13b78018-bfbe-43fa-809f-9b52a155e11c,1.17,false,false,near_mint,es,EUR,2025-04-20T23:27:12.695Z
Moment of Craving,PLST,The List,RIX-79,normal,common,1,48638,2589a32c-c09f-4479-ac23-4a08a984f2e7,0.06,false,false,near_mint,es,EUR,2025-04-20T23:27:12.695Z
Monstrous Rage,SOA,Secrets of Strixhaven Mystical Archive,45,normal,uncommon,1,112439,4b2e000b-a147-443b-9138-9ff2d16c0422,0.35,false,false,near_mint,es,EUR,2026-04-19T19:45:43.794Z
Mordor Trebuchet,LTR,The Lord of the Rings: Tales of Middle-earth,97,normal,common,2,83140,648bc8ae-1798-4c2f-a372-0487a90ba4d3,0.06,false,false,near_mint,es,EUR,2025-04-20T23:27:12.695Z
Mortify,PLST,The List,C18-186,normal,uncommon,1,47897,8d29e7a2-bcb3-41d0-b467-2a6263bf5223,0.37,false,false,near_mint,es,EUR,2025-04-20T23:27:12.695Z
Mountain,FDN,Foundations,278,normal,common,70,100284,279df7e2-2a3b-464a-a7df-e91da28e3a8c,0.27,false,false,near_mint,es,EUR,2025-04-20T23:27:12.695Z
Mounted Dreadknight,MID,Innistrad: Midnight Hunt,150,normal,common,3,63443,d1814fc8-011f-4cd4-825b-f00ae6ec0fe0,0.04,false,false,near_mint,es,EUR,2025-04-20T23:27:12.695Z
Murasa Brute,ZNR,Zendikar Rising,195,normal,common,3,54812,efe1c5b2-4356-41ae-ab7e-ad9fc835a911,0.04,false,false,near_mint,es,EUR,2025-04-20T23:27:12.695Z
Muse's Encouragement,SOS,Secrets of Strixhaven,61,normal,common,1,112301,c59e0004-1d6a-42a1-8ce4-31da2af2e1bf,0.15,false,false,near_mint,es,EUR,2026-04-19T19:45:43.820Z
Mushroom Watchdogs,LTR,The Lord of the Rings: Tales of Middle-earth,180,normal,common,2,83526,d15fd66d-fa7e-411d-9014-a56caa879d93,0.06,false,false,near_mint,es,EUR,2025-04-20T23:27:12.695Z
Myojin of Night's Reach,FDN,Foundations,610,normal,rare,1,100676,73bc5505-7fa0-4ebf-a691-b4ca5f52b019,0.73,false,false,near_mint,es,EUR,2025-04-20T23:27:12.695Z
Mystical Teachings,PLST,The List,MM3-44,normal,common,1,48915,dcc77acd-5596-43a2-9a3f-452d985ef4a5,0.18,false,false,near_mint,es,EUR,2025-04-20T23:27:12.695Z
Nasty End,LTR,The Lord of the Rings: Tales of Middle-earth,416,normal,common,1,82993,37271b8b-3c58-43aa-b120-f0aa12fb3ad5,0.09,false,false,near_mint,es,EUR,2025-04-20T23:27:12.695Z
Nebelgast Beguiler,VOW,Innistrad: Crimson Vow,25,normal,common,2,64065,04c68dbd-e61b-49a7-aa17-da6b26c9fd29,0.03,false,false,near_mint,es,EUR,2025-04-20T23:27:12.695Z
Negate,M20,Core Set 2020,69,normal,common,1,45392,33b83158-78b4-425e-8379-be3ef038295c,0.12,false,false,near_mint,es,EUR,2025-04-20T23:27:12.695Z
Ninja of the Hand,MSH,Marvel Super Heroes,108,normal,common,1,113757,6b8116d8-2cc6-449b-a8b4-8a5166553497,0.17,false,false,near_mint,es,EUR,2026-06-20T00:03:25.258Z
Noxious Revival,NPH,New Phyrexia,118,normal,uncommon,1,19767,1bdd1243-1d14-496a-9b7a-0c5b34461361,3.54,false,false,near_mint,es,EUR,2025-04-20T23:27:12.695Z
Nullpriest of Oblivion,J25,Foundations Jumpstart,472,normal,rare,1,101090,c2581eba-2027-47ce-8500-490aaac9a339,0.43,false,false,near_mint,es,EUR,2025-04-20T23:27:12.695Z
Obliterating Bolt,BRO,The Brothers' War,145,normal,uncommon,1,75585,7f886411-8216-4fb7-9172-a408c39043ee,0.19,false,false,near_mint,es,EUR,2025-04-20T23:27:12.695Z
Oblivion's Hunger,ZNR,Zendikar Rising,119,normal,common,2,54832,faf65512-8228-48f4-ba7b-d861b66d28c9,0.08,false,false,near_mint,es,EUR,2025-04-20T23:27:12.695Z
Ogre Resister,MBS,Mirrodin Besieged,72,normal,common,1,20069,60b7407d-f677-403b-893c-361df456009a,0.02,false,false,near_mint,es,EUR,2025-04-20T23:27:12.695Z
Old-Growth Educator,SOS,Secrets of Strixhaven,207,normal,uncommon,1,111761,eb7e858a-9b85-49b2-a379-ee656b64935a,0.14,false,false,near_mint,es,EUR,2026-04-19T19:45:43.744Z
Oliphaunt,LTR,The Lord of the Rings: Tales of Middle-earth,139,normal,common,1,83161,6989018c-37b1-4282-a4af-9cc97f160b4d,0.12,false,false,near_mint,es,EUR,2025-04-20T23:27:12.695Z
Olog-hai Crusher,LTR,The Lord of the Rings: Tales of Middle-earth,140,normal,common,2,83476,c33bf593-62e0-491a-a31a-328bce6d8735,0.07,false,false,near_mint,es,EUR,2025-04-20T23:27:12.695Z
Opt,ELD,Throne of Eldraine,59,normal,common,4,46279,c3669391-8f64-4904-b432-0f0582f30449,0.1,false,false,near_mint,es,EUR,2025-04-20T23:27:12.695Z
Oracle's Restoration,SOS,Secrets of Strixhaven,156,normal,common,1,111670,0863a19d-4511-4a78-98dd-d194afd1c39b,0.11,false,false,near_mint,es,EUR,2026-04-19T19:45:43.736Z
Oran-Rief Ooze,ZNR,Zendikar Rising,198,foil,rare,1,54838,fd2ad967-dd77-4c3a-b53c-2929ecf7750f,0.24,false,false,near_mint,es,EUR,2025-04-20T23:27:12.695Z
Ordeal of Nylea,THS,Theros,170,normal,uncommon,1,15494,e5c48950-c246-47ad-94e1-bf42a62c2fe7,0.11,false,false,near_mint,es,EUR,2025-04-20T23:27:12.695Z
Orzhov Guildgate,GTC,Gatecrash,244,normal,common,1,16580,000d609c-deb7-4bd7-9c1d-e20fb3ed4f5f,0.13,false,false,near_mint,es,EUR,2025-04-20T23:27:12.695Z
Overrun,PLST,The List,CMA-130,normal,uncommon,1,48067,cea507a6-1c98-4f96-b718-9fdde63f1e55,0.31,false,false,near_mint,es,EUR,2025-04-20T23:27:12.695Z
"Ovika, Enigma Goliath",FDN,Foundations,663,normal,rare,1,100521,54819d7a-eec6-49e6-a0bb-d9d07d42b4a6,0.21,false,false,near_mint,es,EUR,2025-04-20T23:27:12.695Z
Owlin Historian,SOS,Secrets of Strixhaven,24,normal,common,1,112620,5fe99be0-e1ec-485e-82f8-02eba7b82441,0.09,false,false,near_mint,es,EUR,2026-04-19T19:45:43.746Z
Pacifism,PLST,The List,M20-32,normal,common,2,49163,abbc73f1-efe4-44ed-a97f-9f099afaa5c7,0.05,false,false,near_mint,es,EUR,2025-04-20T23:27:12.695Z
"Page, Loose Leaf",SOS,Secrets of Strixhaven,250,normal,common,1,112642,8c6fecfd-8241-4cf0-b1eb-19472b99e0ed,0.18,false,false,near_mint,es,EUR,2026-04-19T19:45:43.798Z
Paradox Gardens,SOS,Secrets of Strixhaven,258,normal,common,1,112152,dbc3447e-1329-4ea1-b4ca-b321b0ffec8f,0.13,false,false,near_mint,es,EUR,2026-04-19T19:45:43.776Z
Pearl of Wisdom,BLB,Bloomburrow,64,normal,common,3,95625,13cb9575-1138-4f99-8e90-0eaf00bdf4a1,0.07,false,false,near_mint,es,EUR,2025-04-20T23:27:12.695Z
Peel from Reality,PLST,The List,DDO-40,normal,common,2,48902,d600d048-92ee-45f8-9db3-2fb8fc9cd879,0.04,false,false,near_mint,es,EUR,2025-04-20T23:27:12.695Z
Pelakka Wurm,PLST,The List,MM2-154,normal,uncommon,1,48064,3137e404-2378-4825-9e09-4eac140265a7,0.11,false,false,near_mint,es,EUR,2025-04-20T23:27:12.695Z
Peregrin Took,LTR,The Lord of the Rings: Tales of Middle-earth,181,normal,uncommon,1,83648,f5baee8d-88e7-4468-94a9-66ca8e2caf15,0.19,false,false,near_mint,es,EUR,2025-04-20T23:27:12.695Z
Perforating Artist,FDN,Foundations,124,normal,uncommon,1,100674,72980409-53f0-43c1-965e-06f22e7bb608,0.13,false,false,near_mint,es,EUR,2025-04-20T23:27:12.695Z
Pest Mascot,SOS,Secrets of Strixhaven,209,normal,common,1,111751,d882beb9-6766-4818-afbb-f6fd7a2d5b70,0.11,false,false,near_mint,es,EUR,2026-04-19T19:45:43.755Z
Phyrexian Rebirth,C19,Commander 2019,68,normal,rare,1,45866,9e222a33-6ec6-4114-9660-2b7260ad7755,0.22,false,false,near_mint,es,EUR,2025-04-20T23:27:12.695Z
Pigment Wrangler // Striking Palette,SOS,Secrets of Strixhaven,126,normal,uncommon,1,112683,c2faf4cf-c4b6-4721-ac06-0e045dd9704a,0.2,false,false,near_mint,es,EUR,2026-04-19T19:45:43.800Z
Pileated Provisioner,BLB,Bloomburrow,25,normal,common,3,96102,ae442cd6-c4df-4aad-9b1d-ccd936c5ec96,0.02,false,false,near_mint,es,EUR,2025-04-20T23:27:12.695Z
Pious Interdiction,XLN,Ixalan,26,normal,common,1,3986,670b9645-ce34-41eb-a527-4af3e13c3a54,0.02,false,false,near_mint,es,EUR,2025-04-20T23:27:12.695Z
Pirate's Cutlass,JMP,Jumpstart,477,normal,common,1,51443,b1ff526b-3822-4073-baab-8ea5f95daf91,0.07,false,false,near_mint,es,EUR,2025-04-20T23:27:12.695Z
Pirate's Prize,XLN,Ixalan,68,normal,common,1,3944,48d97373-9b55-4eb7-99b6-8912f09bd0bb,0.12,false,false,near_mint,es,EUR,2025-04-20T23:27:12.695Z
Plains,ELD,Throne of Eldraine,252,normal,common,58,46086,9b5fbeae-9bd5-4741-80a2-9b646b374328,0.09,false,false,near_mint,es,EUR,2025-04-20T23:27:12.695Z
Plains,SOS,Secrets of Strixhaven,272,normal,common,1,112144,d85d0f25-a24a-4de0-9b8b-93fb5017bce9,0.18,false,false,near_mint,es,EUR,2026-04-19T19:45:43.767Z
Porcelain Legionnaire,NPH,New Phyrexia,19,normal,common,3,19866,2616aa0e-8413-4e63-877c-bffd5263f552,0.12,false,false,near_mint,es,EUR,2025-04-20T23:27:12.695Z
Postmortem Professor,SOS,Secrets of Strixhaven,93,normal,rare,1,112566,174f5d7e-5d36-4d13-96bf-9b12cd644716,0.28,false,false,near_mint,es,EUR,2026-04-19T19:45:43.779Z
Potioner's Trove,SOS,Secrets of Strixhaven,251,normal,common,1,112570,2123b349-4649-4a15-a8b5-b54414d2b1b7,0.12,false,false,near_mint,es,EUR,2026-04-19T19:45:43.819Z
Pounce,XLN,Ixalan,200,normal,common,1,3812,2b96cba6-33d7-4e1d-88f7-da3da681540d,0.07,false,false,near_mint,es,EUR,2025-04-20T23:27:12.695Z
Predator Ooze,DKA,Dark Ascension,124,normal,rare,1,18413,73c71457-f7c9-4ab4-b89d-e235e3f15e16,0.57,false,false,near_mint,es,EUR,2025-04-20T23:27:12.695Z
Predator's Gambit,AVR,Avacyn Restored,117,normal,common,1,18161,88810a96-d5f8-4030-93f1-e2ad0d480317,0.13,false,false,near_mint,es,EUR,2025-04-20T23:27:12.695Z
Primal Might,M21,Core Set 2021,197,normal,rare,1,50726,1cd8cee8-7ea0-4037-8a3b-39334dc064fb,0.27,false,false,near_mint,es,EUR,2025-04-20T23:27:12.695Z
Prime Speaker Zegana,FDN,Foundations,664,normal,rare,1,101170,d2f007b0-b578-44f8-be65-cd9e2ac56e09,0.42,false,false,near_mint,es,EUR,2025-04-20T23:27:12.695Z
Primeval Bounty,JMP,Jumpstart,421,normal,mythic,1,51493,c8123d01-da65-4d03-9f23-3842fba5fc28,0.62,false,false,near_mint,es,EUR,2025-04-20T23:27:12.695Z
Prismari Charm,SOS,Secrets of Strixhaven,211,normal,uncommon,2,111723,8f6c2a5e-fe13-407c-aadd-c9caf2884ff1,0.29,false,false,near_mint,es,EUR,2026-04-19T19:45:43.797Z
Pristine Talisman,NPH,New Phyrexia,151,normal,common,1,19734,b31d96cf-7276-46c4-ad17-d6a5c85f1315,0.18,false,false,near_mint,es,EUR,2025-04-20T23:27:12.695Z
Procrastinate,SOS,Secrets of Strixhaven,64,normal,common,1,111692,1edb449d-620f-4e21-9d76-2c840635eb9d,0.17,false,false,near_mint,es,EUR,2026-04-19T19:45:43.809Z
Project Deathlok Soldier,MSH,Marvel Super Heroes,109,normal,common,1,113724,5c21a120-4ec7-46ec-974a-2204edb92abb,0.19,false,false,near_mint,es,EUR,2026-06-20T00:03:25.253Z
Protector of Gondor,LTR,The Lord of the Rings: Tales of Middle-earth,25,normal,common,2,83256,85708748-40ca-4066-a287-7a6a189ff3df,0.07,false,false,near_mint,es,EUR,2025-04-20T23:27:12.695Z
Pulse Tracker,WWK,Worldwake,62,normal,common,1,22129,4604a63c-ebe0-420f-968e-3ffc7641ce22,0.32,false,false,near_mint,es,EUR,2025-04-20T23:27:12.695Z
Pym Particles,MSH,Marvel Super Heroes,70,normal,uncommon,1,113418,928dfa54-1ead-4eff-a538-36cb94f05b78,0.16,false,false,near_mint,es,EUR,2026-06-20T00:03:25.264Z
Pyromancer's Goggles,FDN,Foundations,677,normal,mythic,1,101346,f340d8a4-196a-4433-807c-b7124e96e44f,1.51,false,false,near_mint,es,EUR,2025-04-20T23:27:12.695Z
Quakestrider Ceratops,FDN,Foundations,110,normal,uncommon,1,100120,067f72c2-ead6-4879-bc9d-696c9f87c0b2,0.15,false,false,near_mint,es,EUR,2025-04-20T23:27:12.695Z
Quaketusk Boar,BLB,Bloomburrow,146,normal,uncommon,2,95869,2f2b7fd3-a139-49ea-8a89-b64261e868ef,0.04,false,false,near_mint,es,EUR,2025-04-20T23:27:12.695Z
Quick Study,WOE,Wilds of Eldraine,65,normal,common,2,85677,b78e2bca-bc93-464a-8911-8361abff2ac6,0.2,false,false,near_mint,es,EUR,2025-04-20T23:27:12.695Z
Quill-Blade Laureate // Twofold Intent,SOS,Secrets of Strixhaven,27,normal,uncommon,1,112450,62a47835-5719-48c4-a740-a0c5f00dce11,0.2,false,false,near_mint,es,EUR,2026-04-19T19:45:43.781Z
Quirion Beastcaller,DMU,Dominaria United,175,normal,rare,1,71336,2a501319-59a7-45d4-a6ca-666276095f87,0.21,false,false,near_mint,es,EUR,2025-04-20T23:27:12.695Z
Rabbit Response,BLB,Bloomburrow,26,normal,common,2,96114,c4ded450-346d-4917-917a-b62bc0267509,0.03,false,false,near_mint,es,EUR,2025-04-20T23:27:12.695Z
Rabid Bite,M20,Core Set 2020,190,normal,common,5,45271,f0d8ff93-6f62-4695-85ad-d70a0b928e92,0.07,false,false,near_mint,es,EUR,2025-04-20T23:27:12.695Z
Rabid Gnaw,BLB,Bloomburrow,147,normal,uncommon,2,96014,2f815bae-820a-49f6-8eed-46f658e7b6ff,0.09,false,false,near_mint,es,EUR,2025-04-20T23:27:12.695Z
Rage Extractor,NPH,New Phyrexia,91,normal,uncommon,2,19794,d8cebc2c-a46b-4459-b62b-7fce1a744b11,0.09,false,false,near_mint,es,EUR,2025-04-20T23:27:12.695Z
Ragefire Hellkite,DMU,Dominaria United,285,normal,rare,1,71315,23ccd68d-0162-4a4c-892e-1726b8b28612,0.09,false,false,near_mint,es,EUR,2025-04-20T23:27:12.695Z
Rakdos Guildgate,C19,Commander 2019,267,normal,common,1,45667,5e378faf-b1f2-46df-945a-37681d392104,0.33,false,false,near_mint,es,EUR,2025-04-20T23:27:12.695Z
"Ramos, Dragon Engine",FDN,Foundations,678,normal,mythic,1,100817,8f95f753-bbaa-4282-9cd9-f1737136fc9e,2.28,false,false,near_mint,es,EUR,2025-04-20T23:27:12.695Z
Rampaging Baloths,IMA,Iconic Masters,184,normal,rare,1,3441,a5667d8e-c72e-478a-9e90-633d608b8c31,0.32,false,false,near_mint,es,EUR,2025-04-20T23:27:12.695Z
Rancorous Archaic,SOS,Secrets of Strixhaven,2,normal,common,1,111695,2565e16a-ed31-4867-adb8-f1633d580397,0.14,false,false,near_mint,es,EUR,2026-04-19T19:45:43.791Z
Rapier Wit,SOS,Secrets of Strixhaven,28,normal,common,1,112482,97b50521-5a0f-4dbd-8e15-f0f0d059c258,0.09,false,false,near_mint,es,EUR,2026-04-19T19:45:43.768Z
Rapturous Moment,SOS,Secrets of Strixhaven,219,normal,uncommon,1,112285,21afe19d-881a-48cb-863e-22942bea5ebe,0.15,false,false,near_mint,es,EUR,2026-04-19T19:45:43.810Z
Ravenous Amulet,FDN,Foundations,131,normal,uncommon,1,100744,80cadee5-6f26-4440-ad31-a8e573a90436,0.13,false,false,near_mint,es,EUR,2025-04-20T23:27:12.695Z
Ravenous Daggertooth,XLN,Ixalan,202,normal,common,1,3810,309b204b-774a-47bc-aead-c78db90f3be2,0.06,false,false,near_mint,es,EUR,2025-04-20T23:27:12.695Z
Ravenous Giant,MH1,Modern Horizons,143,normal,uncommon,1,44791,52337d8d-e0ee-4229-848d-9bbd989e15b7,0.09,false,false,near_mint,es,EUR,2025-04-20T23:27:12.695Z
Rearing Embermare,SOS,Secrets of Strixhaven,127,normal,common,1,112561,06dd56bd-de92-4202-af31-7e881c34d799,0.18,false,false,near_mint,es,EUR,2026-04-19T19:45:43.790Z
Reclamation Sage,FDN,Foundations,231,normal,uncommon,1,100197,1918ea65-ab7f-4d40-97fd-a656c892a2a1,0.1,false,false,near_mint,es,EUR,2025-04-20T23:27:12.695Z
Recruitment Officer,BRO,The Brothers' War,23,normal,uncommon,2,75754,c226656b-68d5-4df2-b313-a323a728c520,0.12,false,false,near_mint,es,EUR,2025-04-20T23:27:12.695Z
Red Dragon,AFR,Adventures in the Forgotten Realms,160,normal,uncommon,3,60306,7cf57369-b8e2-481c-89d4-c83c617499a3,0.13,false,false,near_mint,es,EUR,2025-04-20T23:27:12.695Z
Redcap Gutter-Dweller,WOE,Wilds of Eldraine,351,normal,rare,1,85418,59cb9275-07f2-46b1-a64b-2971390a35de,0.31,false,false,near_mint,es,EUR,2025-04-20T23:27:12.695Z
Refute,FDN,Foundations,48,normal,common,1,100368,38806934-dd9c-4ad4-a59c-a16dce03a14a,0.08,false,false,near_mint,es,EUR,2025-04-20T23:27:12.695Z
Regal Caracal,J22,Jumpstart 2022,232,normal,rare,1,76488,8511fb74-dd0c-492d-87f6-7d27d39d101a,1.26,false,false,near_mint,es,EUR,2025-04-20T23:27:12.695Z
Rehearsed Debater,SOS,Secrets of Strixhaven,29,normal,common,1,112724,fc6a1425-6733-42a2-94d9-605966398092,0.19,false,false,near_mint,es,EUR,2026-04-19T19:45:43.775Z
Release the Dogs,FDN,Foundations,580,normal,uncommon,1,100125,07f10906-4fd5-44e8-99c7-3f9dcc988c48,0.2,false,false,near_mint,es,EUR,2025-04-20T23:27:12.695Z
Renegade Demon,PLST,The List,DDR-59,normal,common,2,48602,3429ca07-bb3a-4ac3-958d-4f4499ba6309,0.04,false,false,near_mint,es,EUR,2025-04-20T23:27:12.695Z
Repel Calamity,BLB,Bloomburrow,27,normal,uncommon,2,95834,d068192a-6270-4981-819d-4945fa4a2b83,0.14,false,false,near_mint,es,EUR,2025-04-20T23:27:12.695Z
Resolute Reinforcements,FDN,Foundations,145,normal,uncommon,1,100841,940f3989-77cc-49a9-92e0-095a75d80f0f,0.11,false,false,near_mint,es,EUR,2025-04-20T23:27:12.695Z
Resonating Lute,SOS,Secrets of Strixhaven,221,normal,rare,1,112241,6ef168d6-28f2-4c24-9bfa-82c35663b729,1.38,false,false,near_mint,es,EUR,2026-04-19T19:45:43.829Z
Restorative Technique,MSH,Marvel Super Heroes,183,normal,common,1,114028,dbe9102d-b92b-4c32-93f6-5b6dc0fa08e6,0.06,false,false,near_mint,es,EUR,2026-06-20T00:03:25.254Z
Rite of Replication,PLST,The List,C14-122,normal,rare,1,97253,006ebdeb-ae82-4de9-8f9e-f76f275ea811,1.39,false,false,near_mint,es,EUR,2025-04-20T23:27:12.695Z
Ritual of Rejuvenation,XLN,Ixalan,32,normal,common,1,3980,691c0acb-1882-482f-9513-e7d010cc1d15,0.11,false,false,near_mint,es,EUR,2025-04-20T23:27:12.695Z
River's Rebuke,FDN,Foundations,595,normal,rare,1,100334,32ae984e-5d1e-4497-9a71-7406f78c09f3,0.76,false,false,near_mint,es,EUR,2025-04-20T23:27:12.695Z
Roc Hunter,BRO,The Brothers' War,150,normal,common,2,75484,5c8b2f2b-6f19-47f7-bb65-00665989bc30,0.02,false,false,near_mint,es,EUR,2025-04-20T23:27:12.695Z
Rogue's Passage,PLST,The List,C17-272,normal,uncommon,1,47670,bd7c49d3-a0c7-4df3-b732-53e4f562c201,0.2,false,false,near_mint,es,EUR,2025-04-20T23:27:12.695Z
Rosie Cotton of South Lane,LTR,The Lord of the Rings: Tales of Middle-earth,27,normal,uncommon,1,83198,75338f49-1f02-4333-87e4-5779ef14e688,0.12,false,false,near_mint,es,EUR,2025-04-20T23:27:12.695Z
Royal Treatment,SOA,Secrets of Strixhaven Mystical Archive,56,normal,uncommon,1,112412,009bad41-5e96-4bb3-9f5e-66500fb8af29,0.23,false,false,near_mint,es,EUR,2026-04-19T19:45:43.778Z
"Ruby, Daring Tracker",FDN,Foundations,245,normal,uncommon,1,101405,fe3e7dd2-b66d-4218-9fde-f84bec26b7bf,0.13,false,false,near_mint,es,EUR,2025-04-20T23:27:12.695Z
Rugged Highlands,M21,Core Set 2021,249,normal,common,6,50913,9daef8db-56a5-4b1e-b4bf-734d0516557c,0.07,false,false,near_mint,es,EUR,2025-04-20T23:27:12.695Z
Run Amok,PLST,The List,DOM-140,normal,common,4,48307,2938fe22-c084-44bf-8310-4a16caa0a035,0.12,false,false,near_mint,es,EUR,2025-04-20T23:27:12.695Z
Sailor of Means,PLST,The List,RIX-49,normal,common,1,48878,10f7d936-f4f0-4f66-b54c-db99deb01519,0.11,false,false,near_mint,es,EUR,2025-04-20T23:27:12.695Z
Samite Herbalist,DMU,Dominaria United,31,normal,common,2,71402,409189da-53c9-4daf-b6b2-d155fc14f91a,0.03,false,false,near_mint,es,EUR,2025-04-20T23:27:12.695Z
Sanguine Indulgence,M21,Core Set 2021,121,normal,common,1,50946,abfcd08a-cfb5-4d34-b950-f57a88c5cb8e,0.04,false,false,near_mint,es,EUR,2025-04-20T23:27:12.695Z
"Sarkhan, Soul Aflame",MAT,March of the Machine: The Aftermath,46,normal,mythic,1,82539,6225f139-f6eb-4eb5-9776-159a599d8255,4.05,false,false,near_mint,es,EUR,2025-04-20T23:27:12.695Z
"Sauron, the Lidless Eye",LTR,The Lord of the Rings: Tales of Middle-earth,288,foil,mythic,1,83547,d82a4c78-d2fc-425a-8d0e-2e64509a08f1,2.63,false,false,near_mint,es,EUR,2025-04-20T23:27:12.695Z
Savage Ventmaw,FDN,Foundations,665,normal,uncommon,1,100489,50027d69-8bb0-444c-8e9b-4c9afd91cbda,0.47,false,false,near_mint,es,EUR,2025-04-20T23:27:12.695Z
Savannah Lions,PLST,The List,A25-33,normal,common,1,49136,69da8664-c9b9-4f9c-b1c4-099990637646,0.09,false,false,near_mint,es,EUR,2025-04-20T23:27:12.695Z
Scoured Barrens,PLST,The List,C18-276,normal,common,2,47668,6fad82a9-82c5-41d9-9eba-c0003370eb27,0.12,false,false,near_mint,es,EUR,2025-04-20T23:27:12.695Z
Scurrid Colony,STX,Strixhaven: School of Mages,142,normal,common,3,58319,c9c0a096-870d-443c-92d3-f7ec1f362616,0.07,false,false,near_mint,es,EUR,2025-04-20T23:27:12.695Z
Second Breakfast,LTR,The Lord of the Rings: Tales of Middle-earth,29,normal,common,1,82814,002f647a-25f8-461b-8617-52674f5d577c,0.05,false,false,near_mint,es,EUR,2025-04-20T23:27:12.695Z
Seeker's Folly,FDN,Foundations,69,normal,uncommon,1,101067,bc359da6-8b7f-45ec-b530-ce159fc35953,0.03,false,false,near_mint,es,EUR,2025-04-20T23:27:12.695Z
Seismic Rupture,DTK,Dragons of Tarkir,156,normal,uncommon,1,11658,9b952e4e-c1ed-4455-90d5-46b56478e6b0,0.07,false,false,near_mint,es,EUR,2025-04-20T23:27:12.695Z
Selesnya Guildgate,C13,Commander 2013,321,normal,common,1,15065,44c9ebde-7af3-4390-a94a-3531e7d26c50,0.18,false,false,near_mint,es,EUR,2025-04-20T23:27:12.695Z
Serpentine Ambush,VOW,Innistrad: Crimson Vow,77,normal,common,3,64381,b8214b1c-29f8-4986-89ac-2d7fc929edf3,0.02,false,false,near_mint,es,EUR,2025-04-20T23:27:12.695Z
Serra Redeemer,DMU,Dominaria United,282,normal,rare,1,71675,a8b9cb5c-29f2-46ed-803e-c2170955217c,0.25,false,false,near_mint,es,EUR,2025-04-20T23:27:12.695Z
Seven-Tail Mentor,NEO,Kamigawa: Neon Dynasty,36,normal,common,3,66582,9d77d1e6-c804-46f7-ba00-6df6bca2ae08,0.02,false,false,near_mint,es,EUR,2025-04-20T23:27:12.695Z
Shattered Angel,MOC,March of the Machine Commander,206,normal,uncommon,1,81687,58e4fb9b-76bc-4daf-b0a3-4bf62757902d,0.24,false,false,near_mint,es,EUR,2025-04-20T23:27:12.695Z
Shelob's Ambush,LTR,The Lord of the Rings: Tales of Middle-earth,108,normal,common,1,82941,25e69fa8-7339-4bfa-8e35-9cbfe0001d8b,0.11,false,false,near_mint,es,EUR,2025-04-20T23:27:12.695Z
Shipwreck Dowser,M21,Core Set 2021,71,normal,uncommon,1,50817,59d38ef7-5017-4ea3-b97f-a8fe12d03e98,0.09,false,false,near_mint,es,EUR,2025-04-20T23:27:12.695Z
Shire Terrace,LTR,The Lord of the Rings: Tales of Middle-earth,261,normal,common,2,82936,25932483-58cd-4ae5-82bf-ab455177d117,0.13,false,false,near_mint,es,EUR,2025-04-20T23:27:12.695Z
Shivan Branch-Burner,MOM,March of the Machine,165,normal,uncommon,1,81255,e585631c-bd41-4b48-aac4-4b6f5636ecd5,0.06,false,false,near_mint,es,EUR,2025-04-20T23:27:12.695Z
Shivan Devastator,DMU,Dominaria United,143,normal,mythic,1,71305,1f5d274c-3a03-4f0d-97e8-7eef6508105d,3.15,false,false,near_mint,es,EUR,2025-04-20T23:27:12.695Z
Siege Veteran,BRO,The Brothers' War,25,normal,rare,1,75896,f57e2a32-6e52-4f6e-96ec-55f5b7ba77e0,0.32,false,false,near_mint,es,EUR,2025-04-20T23:27:12.695Z
Sigiled Sentinel,MOM,March of the Machine,37,normal,common,2,81395,7f65b178-51d6-4dcb-a1cc-4b4dcb2237cd,0.07,false,false,near_mint,es,EUR,2025-04-20T23:27:12.695Z
Silverback Elder,DMU,Dominaria United,177,normal,mythic,1,71720,b987664f-0b74-4c0a-b306-14767a55559a,3.72,false,false,near_mint,es,EUR,2025-04-20T23:27:12.695Z
Simian Simulacrum,BRO,The Brothers' War,352,normal,rare,1,75270,036eee90-b002-4d9a-a72e-56cef7cc8648,0.47,false,false,near_mint,es,EUR,2025-04-20T23:27:12.695Z
Simic Guildgate,C19,Commander 2019,275,normal,common,1,45659,d4e7b715-38c5-406f-883c-9c174f87944e,0.08,false,false,near_mint,es,EUR,2025-04-20T23:27:12.695Z
Siren Lookout,XLN,Ixalan,78,normal,common,1,3934,0000cd57-91fe-411f-b798-646e965eec37,0.11,false,false,near_mint,es,EUR,2025-04-20T23:27:12.695Z
Slash Panther,NPH,New Phyrexia,96,normal,common,3,19789,2f510946-34de-4c12-8998-f61887d1a0e1,0.12,false,false,near_mint,es,EUR,2025-04-20T23:27:12.695Z
Snakeskin Veil,KHM,Kaldheim,194,normal,common,1,57125,e692c208-c171-4964-9207-43c2cbc62845,0.12,false,false,near_mint,es,EUR,2025-04-20T23:27:12.695Z
Snarling Warg,LTR,The Lord of the Rings: Tales of Middle-earth,109,normal,common,1,83351,a1ad561c-ccb4-480a-88a4-0555d0ef245e,0.05,false,false,near_mint,es,EUR,2025-04-20T23:27:12.695Z
Sneering Shadewriter,SOS,Secrets of Strixhaven,101,normal,common,1,112608,4b4c120e-abe9-4f11-a7e4-bc3f723da4b2,0.18,false,false,near_mint,es,EUR,2026-04-19T19:45:43.773Z
Sol Ring,PLST,The List,C18-222,normal,uncommon,1,47721,1b3a4537-1d51-47ac-a12e-6b8d68f530e6,0.81,false,false,near_mint,es,EUR,2025-04-20T23:27:12.695Z
Solemn Offering,BBD,Battlebond,107,normal,uncommon,1,1886,e30d14b8-b431-4764-9b30-f511bd40fd08,0.18,false,false,near_mint,es,EUR,2025-04-20T23:27:12.695Z
Sorcerous Spyglass,TSR,Time Spiral Remastered,401,normal,special,1,57938,fa420ea4-93ef-44e5-ad13-c186a4451624,0.18,false,false,near_mint,es,EUR,2025-04-20T23:27:12.695Z
Soul-Guide Lantern,THB,Theros Beyond Death,237,normal,uncommon,1,46825,7c850b94-75c9-4457-8b5e-1193352d6fcb,0.35,false,false,near_mint,es,EUR,2025-04-20T23:27:12.695Z
Spectacle Summit,SOS,Secrets of Strixhaven,262,normal,common,1,112055,a0a66f7b-eab4-45da-8895-c2c2c7eb05f8,0.15,false,false,near_mint,es,EUR,2026-04-19T19:45:43.808Z
Specter of the Fens,STX,Strixhaven: School of Mages,87,normal,common,2,58145,73e3cfbc-7177-4bbc-89c4-560c9c2f97db,0.02,false,false,near_mint,es,EUR,2025-04-20T23:27:12.695Z
Spectral Sailor,M20,Core Set 2020,76,normal,uncommon,2,45385,67483891-36d1-46f2-8b4f-b8b7bd54bdcc,0.17,false,false,near_mint,es,EUR,2025-04-20T23:27:12.695Z
Spell Pierce,SOA,Secrets of Strixhaven Mystical Archive,23,normal,uncommon,1,112504,bc8f80e2-dd9d-4abc-b44c-fbef4d403e6f,0.55,false,false,near_mint,es,EUR,2026-04-19T19:45:43.805Z
Spellbook Seeker // Careful Study,SOS,Secrets of Strixhaven,68,normal,common,1,112691,cc44eaa4-59a4-419e-b1d1-d92f354ff588,0.08,false,false,near_mint,es,EUR,2026-04-19T19:45:43.739Z
Sphinx of the Final Word,OGW,Oath of the Gatewatch,63,normal,mythic,1,9319,866f92a3-2738-4e0f-adda-3ff9227dc17a,1.02,false,false,near_mint,es,EUR,2025-04-20T23:27:12.695Z
Spore Crawler,VOW,Innistrad: Crimson Vow,222,normal,common,3,64242,628dbc4c-3640-44a9-8439-873103989409,0.03,false,false,near_mint,es,EUR,2025-04-20T23:27:12.695Z
Springbloom Druid,FDN,Foundations,646,normal,common,1,101381,fa87cb5f-4dc9-49a4-9ae6-ebc7fedac018,0.21,false,false,near_mint,es,EUR,2025-04-20T23:27:12.695Z
Stadium Tidalmage,SOS,Secrets of Strixhaven,232,normal,common,1,112658,a689289e-7141-4950-8a87-82e9bd6846fe,0.22,false,false,near_mint,es,EUR,2026-04-19T19:45:43.816Z
Startled Relic Sloth,SOS,Secrets of Strixhaven,233,normal,uncommon,1,112711,f143fd41-58c3-45a0-bef8-e9e4b4a502a5,0.22,false,false,near_mint,es,EUR,2026-04-19T19:45:43.741Z
Stasis Field,MOM,March of the Machine,79,normal,common,3,81329,38211d78-ebac-4150-ac11-7613a0e9e1bc,0.12,false,false,near_mint,es,EUR,2025-04-20T23:27:12.695Z
Stasis Snare,PBFZ,Battle for Zendikar Promos,50,normal,uncommon,2,10416,f4694ece-a576-45f9-8dd6-4fee0df9751d,0.25,false,false,near_mint,es,EUR,2025-04-20T23:27:12.695Z
Steel Hellkite,CM2,Commander Anthology Volume II,222,normal,rare,1,1515,90410a4b-59a5-4e11-8034-91a596098b61,0.33,false,false,near_mint,es,EUR,2025-04-20T23:27:12.695Z
Stew the Coneys,LTR,The Lord of the Rings: Tales of Middle-earth,189,normal,uncommon,1,83455,bcc7c41c-f416-457e-91ba-1f338f45eeac,0.11,false,false,near_mint,es,EUR,2025-04-20T23:27:12.695Z
Stirring Honormancer,SOS,Secrets of Strixhaven,234,normal,uncommon,1,112709,ee84b04d-78fc-416f-9166-72e5417c3e17,0.14,false,false,near_mint,es,EUR,2026-04-19T19:45:43.780Z
Stirring Hopesinger,SOS,Secrets of Strixhaven,35,normal,rare,1,112425,21375667-b318-47f8-a482-9c8c2b5b14c0,1.91,false,false,near_mint,es,EUR,2026-04-19T19:45:43.769Z
Stolen Stark Tech,MSH,Marvel Super Heroes,114,normal,common,1,114027,db4557ad-4141-4dae-870e-a587506f4914,0.02,false,false,near_mint,es,EUR,2026-06-20T00:03:25.252Z
Storm the Seedcore,MOM,March of the Machine,206,normal,uncommon,2,81213,bf989a4d-3209-4071-b6e9-d2b99372ec10,0.03,false,false,near_mint,es,EUR,2025-04-20T23:27:12.695Z
Stormcatch Mentor,BLB,Bloomburrow,234,normal,uncommon,2,95813,99754055-6d67-4fde-aff3-41f6af6ea764,0.19,false,false,near_mint,es,EUR,2025-04-20T23:27:12.695Z
Stormkeld Prowler,WOE,Wilds of Eldraine,71,normal,common,4,85866,ff065dbf-77e3-45a8-bcca-aff9eaeb151f,0.02,false,false,near_mint,es,EUR,2025-04-20T23:27:12.695Z
Stormrider Spirit,SOI,Shadows over Innistrad,91,normal,common,2,8905,9c0fb4be-df73-43a9-bd48-fd47a4190fc1,0.03,false,false,near_mint,es,EUR,2025-04-20T23:27:12.695Z
Strife Scholar // Awaken the Ages,SOS,Secrets of Strixhaven,131,normal,common,1,112644,8de79312-2046-425e-9919-49afe19be81b,0.15,false,false,near_mint,es,EUR,2026-04-19T19:45:43.738Z
Stroke of Midnight,FDN,Foundations,148,normal,uncommon,1,100970,ab135925-d924-456d-851a-6ccdaaf27271,0.36,false,false,near_mint,es,EUR,2025-04-20T23:27:12.695Z
Stromkirk Bloodthief,MID,Innistrad: Midnight Hunt,123,normal,uncommon,1,63517,fa819123-bf13-44ea-9a6e-06c8ab023e44,0.04,false,false,near_mint,es,EUR,2025-04-20T23:27:12.695Z
Stromkirk Noble,FDN,Foundations,632,normal,rare,1,100164,0f306c7e-cacc-4c26-a3f1-fad4f3ff7cf3,0.36,false,false,near_mint,es,EUR,2025-04-20T23:27:12.695Z
Strongbox Raider,FDN,Foundations,96,normal,uncommon,1,101006,b2223eb8-59f9-489b-a3f3-b6496218cb79,0.05,false,false,near_mint,es,EUR,2025-04-20T23:27:12.695Z
Studious First-Year // Rampant Growth,SOS,Secrets of Strixhaven,162,normal,common,1,111693,24f888dd-785c-4089-a89c-03f9080130ed,0.13,false,false,near_mint,es,EUR,2026-04-19T19:45:43.784Z
Sundering Archaic,SOS,Secrets of Strixhaven,3,normal,uncommon,1,112389,c35b57e4-2358-46c0-8f09-cd27c10eaf2d,0.05,false,false,near_mint,es,EUR,2026-04-19T19:45:43.792Z
Sure Strike,M21,Core Set 2021,163,normal,common,1,50694,064a6f1c-a058-4cc8-b467-5dbecb5eeb99,0.03,false,false,near_mint,es,EUR,2025-04-20T23:27:12.695Z
"Surrak, the Hunt Caller",CMM,Commander Masters,326,normal,uncommon,1,84483,71590b6f-9f38-4c5d-8431-50e5f02f8c93,0.28,false,false,near_mint,es,EUR,2025-04-20T23:27:12.695Z
Suspicious Shambler,J22,Jumpstart 2022,27,normal,common,1,76894,ff36347c-1fc1-4493-8e45-ef3372ecce45,0.13,false,false,near_mint,es,EUR,2025-04-20T23:27:12.695Z
Swamp,ELD,Throne of Eldraine,258,normal,common,35,46080,e4f184c5-4f3c-4aea-afa1-f0903d3cc71a,0.12,false,false,near_mint,es,EUR,2025-04-20T23:27:12.695Z
Swarming of Moria,LTR,The Lord of the Rings: Tales of Middle-earth,150,normal,common,1,82842,0a1bd073-4351-4c56-9b07-4430d0d83084,0.18,false,false,near_mint,es,EUR,2025-04-20T23:27:12.695Z
Swashbuckling,PLST,The List,XLN-167,normal,common,1,48279,c08d3b3a-6923-4891-b545-51cfe65e4c7d,0.03,false,false,near_mint,es,EUR,2025-04-20T23:27:12.695Z
Swiftwater Cliffs,PLST,The List,C18-284,normal,common,10,47665,a3004cc8-24f5-4690-9d2f-6a33c84d686a,0.11,false,false,near_mint,es,EUR,2025-04-20T23:27:12.695Z
Sword of Vengeance,C14,Commander 2014,276,normal,rare,1,12580,d7f56714-641b-4dba-aead-ded5272289a4,0.34,false,false,near_mint,es,EUR,2025-04-20T23:27:12.695Z
"Syr Alin, the Lion's Claw",ELD,Throne of Eldraine,32,normal,uncommon,1,46306,4cddb2d2-d813-4b83-a592-380ba4edf54f,0.09,false,false,near_mint,es,EUR,2025-04-20T23:27:12.695Z
Tablet of Discovery,SOS,Secrets of Strixhaven,132,normal,uncommon,1,112565,13059664-a940-4a66-8100-0c90b884bab4,0.22,false,false,near_mint,es,EUR,2026-04-19T19:45:43.796Z
"Tatyova, Benthic Druid",PLST,The List,DOM-206,normal,uncommon,1,47860,8b338246-1bce-43ee-8725-416f8f0cfb88,0.16,false,false,near_mint,es,EUR,2025-04-20T23:27:12.695Z
Taurean Mauler,FDN,Foundations,633,normal,rare,1,101391,fca7caa5-d920-4f06-90bd-214aa4e85cb3,2.03,false,false,near_mint,es,EUR,2025-04-20T23:27:12.695Z
Teach by Example,STX,Strixhaven: School of Mages,241,normal,common,1,58260,aa7fbb9b-50a8-4d18-a667-fe965468ca16,0.08,false,false,near_mint,es,EUR,2025-04-20T23:27:12.695Z
Teeterpeak Ambusher,ZNR,Zendikar Rising,169,normal,common,4,54691,ad57c2f3-d9cb-4165-bb39-897b5b12689e,0.05,false,false,near_mint,es,EUR,2025-04-20T23:27:12.695Z
Tempest Djinn,DOM,Dominaria,68,normal,rare,1,2208,3acc883b-3aea-4d0b-ae0f-00d4a08c47c1,0.22,false,false,near_mint,es,EUR,2025-04-20T23:27:12.695Z
Temple of Abandon,PTHB,Theros Beyond Death Promos,244p,normal,rare,1,47092,e240d766-06a0-4a6f-ac59-7b2d33d524fe,0.39,false,false,near_mint,es,EUR,2025-04-20T23:27:12.695Z
Temple of Deceit,THB,Theros Beyond Death,245,normal,rare,1,46817,e3d4fd29-dab5-481f-94c9-eeb70f3c29dd,0.19,false,false,near_mint,es,EUR,2025-04-20T23:27:12.695Z
Temple of Enlightenment,THB,Theros Beyond Death,246,normal,rare,1,46816,adad8390-66d8-4022-a059-c68e44e718fe,0.27,false,false,near_mint,es,EUR,2025-04-20T23:27:12.695Z
Temple of Epiphany,M21,Core Set 2021,252,normal,rare,1,50716,1652bb3c-c365-4046-b07e-3d861fa324c6,0.23,false,false,near_mint,es,EUR,2025-04-20T23:27:12.695Z
Temple of Malady,M21,Core Set 2021,253,normal,rare,1,50991,c97929f8-ae80-4b4a-9d9b-2f3c7605edc8,0.33,false,false,near_mint,es,EUR,2025-04-20T23:27:12.695Z
Temple of Malice,THB,Theros Beyond Death,247,normal,rare,1,46815,9490a495-9f17-45a8-b10c-7de4fcbd2778,0.24,false,false,near_mint,es,EUR,2025-04-20T23:27:12.695Z
Temple of Mystery,M21,Core Set 2021,254,normal,rare,1,50877,81634185-eb67-4d13-8b82-a662b8c9a7f0,0.21,false,false,near_mint,es,EUR,2025-04-20T23:27:12.695Z
Temple of Plenty,PTHB,Theros Beyond Death Promos,248p,normal,rare,1,47084,fddd3be9-2670-4f91-a3d6-2815ae320b6a,0.32,false,false,near_mint,es,EUR,2025-04-20T23:27:12.695Z
Temple of Silence,M21,Core Set 2021,255,normal,rare,1,50708,0f5b0f0a-dc16-45e2-91ab-28e0b9f66d00,0.28,false,false,near_mint,es,EUR,2025-04-20T23:27:12.695Z
Temple of Triumph,M21,Core Set 2021,256,normal,rare,1,50735,2366499c-9d07-46bb-8488-6cd60056fa16,0.21,false,false,near_mint,es,EUR,2025-04-20T23:27:12.695Z
Territorial Hammerskull,PLST,The List,XLN-41,normal,common,1,49096,507fb744-c6dc-4ff2-a329-872bd8c4d39c,0.1,false,false,near_mint,es,EUR,2025-04-20T23:27:12.695Z
Tester of the Tangential,SOS,Secrets of Strixhaven,69,normal,uncommon,1,112386,bbd708ec-eef4-4f45-99dd-60e1cec4b991,0.23,false,false,near_mint,es,EUR,2026-04-19T19:45:43.801Z
Textbook Tabulator,SOS,Secrets of Strixhaven,70,normal,common,1,112615,56f54fee-b48d-4582-8982-ca4c7b8ef553,0.2,false,false,near_mint,es,EUR,2026-04-19T19:45:43.804Z
"The Balrog, Flame of Udûn",LTR,The Lord of the Rings: Tales of Middle-earth,297,normal,rare,1,83292,905e7424-2d0b-4877-a7dc-272ea9392ff0,0.48,false,false,near_mint,es,EUR,2025-04-20T23:27:12.695Z
Thieving Otter,IKO,Ikoria: Lair of Behemoths,69,normal,common,3,50008,07f84b0a-37d9-4b0f-8d75-1fab45a12d44,0.15,false,false,near_mint,es,EUR,2025-04-20T23:27:12.695Z
Think Twice,C19,Commander 2019,99,normal,common,2,45835,7b93726a-9ee7-4010-9db1-1e1ac5955398,0.17,false,false,near_mint,es,EUR,2025-04-20T23:27:12.695Z
Thirst for Knowledge,MSH,Marvel Super Heroes,79,normal,uncommon,1,113413,5f4f77e5-0019-4a5f-bae6-136121946929,0.14,false,false,near_mint,es,EUR,2026-06-20T00:03:25.260Z
Thornweald Archer,PLST,The List,CMA-154,normal,common,1,47999,182c14ac-82dd-4588-858a-b720247df410,0.13,false,false,near_mint,es,EUR,2025-04-20T23:27:12.695Z
Thornwood Falls,ELD,Throne of Eldraine,313,normal,common,2,46058,f5159db6-a87f-40eb-8c5c-821dfb67ff6d,0.11,false,false,near_mint,es,EUR,2025-04-20T23:27:12.695Z
Thrash of Raptors,XLN,Ixalan,168,normal,common,1,3844,2a03b859-811c-45ff-8d8a-9e87e4bbf113,0.08,false,false,near_mint,es,EUR,2025-04-20T23:27:12.695Z
Three Tree Mascot,BLB,Bloomburrow,251,normal,common,1,96100,aaced75b-6e07-457c-8ea2-f74d99710d15,0.06,false,false,near_mint,es,EUR,2025-04-20T23:27:12.695Z
Thrill of Possibility,ELD,Throne of Eldraine,146,normal,common,1,46192,c9021f85-7ab4-4a78-a398-1611fe09cd14,0.09,false,false,near_mint,es,EUR,2025-04-20T23:27:12.695Z
Thundering Raiju,NEO,Kamigawa: Neon Dynasty,166,foil,rare,1,66834,ec1a2920-6d39-4276-921c-65cc16a45f17,0.31,false,false,near_mint,es,EUR,2025-04-20T23:27:12.695Z
Thundering Rebuke,ZNR,Zendikar Rising,170,normal,uncommon,3,54780,dc671707-4708-44d8-8ec8-d5332599adf9,0.04,false,false,near_mint,es,EUR,2025-04-20T23:27:12.695Z
Timberland Guide,AVR,Avacyn Restored,197,normal,common,4,18081,ae80fefb-af78-4f98-8058-71b61e91842f,0.04,false,false,near_mint,es,EUR,2025-04-20T23:27:12.695Z
Titanic Growth,PLST,The List,M19-205,normal,common,1,47992,b0d513a9-c292-46a3-be06-d29d7090dc92,0.05,false,false,near_mint,es,EUR,2025-04-20T23:27:12.695Z
Tolarian Terror,FDN,Foundations,167,normal,common,1,100270,2569d4f3-55ed-4f99-9592-34c7df0aab72,0.22,false,false,near_mint,es,EUR,2025-04-20T23:27:12.695Z
Topiary Stomper,LCC,The Lost Caverns of Ixalan Commander,261,normal,rare,1,88992,e8b92271-4412-4165-a4a6-e8653e755107,1.1,false,false,near_mint,es,EUR,2025-04-20T23:27:12.695Z
Tormentor's Trident,AVR,Avacyn Restored,222,normal,uncommon,2,18056,9543d454-27d6-42ba-aad8-54811d180cfb,0.08,false,false,near_mint,es,EUR,2025-04-20T23:27:12.695Z
Tranquil Cove,M21,Core Set 2021,258,normal,common,6,50710,0fee9b4b-1510-4b78-bdde-2e0bb319ee33,0.07,false,false,near_mint,es,EUR,2025-04-20T23:27:12.695Z
Transcendent Archaic,SOS,Secrets of Strixhaven,5,normal,uncommon,1,112324,1624c680-502b-474a-b9b2-888fe3ca008c,0.11,false,false,near_mint,es,EUR,2026-04-19T19:45:43.793Z
Treeguard Duo,BLB,Bloomburrow,200,normal,common,3,96077,89c8456e-c971-42b7-abf3-ff5ae1320abe,0.07,false,false,near_mint,es,EUR,2025-04-20T23:27:12.695Z
Tribute to Hunger,DDQ,Duel Decks: Blessed vs. Cursed,65,normal,uncommon,1,9118,fcfc9bd3-4378-4305-b427-4e3dd4e1fba1,0.2,false,false,near_mint,es,EUR,2025-04-20T23:27:12.695Z
Triumph of Cruelty,AVR,Avacyn Restored,122,normal,uncommon,1,18156,906618e2-2638-4017-9d6e-e6f282967a81,0.13,false,false,near_mint,es,EUR,2025-04-20T23:27:12.695Z
Trygon Predator,FDN,Foundations,667,normal,uncommon,1,101144,cdb88a22-8086-4bf7-89e8-cce929440dd8,0.13,false,false,near_mint,es,EUR,2025-04-20T23:27:12.695Z
Twinblade Blessing,FDN,Foundations,26,normal,uncommon,1,101310,ecf01cbe-9fcb-4f35-bc6b-2280620b06ff,0.29,false,false,near_mint,es,EUR,2025-04-20T23:27:12.695Z
Tyrant of Kher Ridges,BRO,The Brothers' War,154,normal,rare,1,75546,72a271b1-b757-4373-8e6d-e9698ae96bed,0.17,false,false,near_mint,es,EUR,2025-04-20T23:27:12.695Z
Uglúk of the White Hand,LTR,The Lord of the Rings: Tales of Middle-earth,235,normal,uncommon,1,83610,e914c7fc-be3c-4346-bf37-6e10f4998204,0.09,false,false,near_mint,es,EUR,2025-04-20T23:27:12.695Z
Undead Executioner,AVR,Avacyn Restored,123,normal,common,2,18155,8d330058-16af-4486-aa89-b6be759e35d4,0.05,false,false,near_mint,es,EUR,2025-04-20T23:27:12.695Z
Undying Malice,VOW,Innistrad: Crimson Vow,134,normal,common,1,64310,8eb38041-043a-4b18-9d9a-f1283684e8f1,0.57,false,false,near_mint,es,EUR,2025-04-20T23:27:12.695Z
Unflinching Courage,PLST,The List,C18-192,normal,uncommon,1,47852,432efc0d-d492-42a3-91d8-2ba42575da15,0.13,false,false,near_mint,es,EUR,2025-04-20T23:27:12.695Z
Unholy Officiant,VOW,Innistrad: Crimson Vow,286,normal,common,2,64266,722b6cc7-16f2-43cd-bac6-42f5e7962d99,0.06,false,false,near_mint,es,EUR,2025-04-20T23:27:12.695Z
Unsubtle Mockery,SOS,Secrets of Strixhaven,136,normal,common,2,112580,2b7cb1a3-761e-470e-a164-6e29dd9448cd,,false,false,near_mint,es,EUR,2026-04-19T19:45:43.787Z
Unsummon,M20,Core Set 2020,78,normal,common,1,45383,7a960516-3864-4a7a-8117-d25dec0dd665,0.11,false,false,near_mint,es,EUR,2025-04-20T23:27:12.695Z
Valorous Stance,FDN,Foundations,583,normal,uncommon,1,101069,bc4c47e3-04b6-4760-9a80-b6acef1e4524,0.18,false,false,near_mint,es,EUR,2025-04-20T23:27:12.695Z
Vampire Nighthawk,PLST,The List,E02-23,normal,uncommon,1,48541,e45b33c3-be86-4f8a-bdb5-df3fcb7e4cde,0.18,false,false,near_mint,es,EUR,2025-04-20T23:27:12.695Z
Vampire Spawn,AFR,Adventures in the Forgotten Realms,123,normal,common,3,60396,b8975c72-b2ec-4c5f-86a4-4e1e3bb41c15,0.08,false,false,near_mint,es,EUR,2025-04-20T23:27:12.695Z
Vampiric Rites,BFZ,Battle for Zendikar,124,normal,uncommon,1,10227,3416309a-5824-48f5-876e-00e0f180acf9,0.18,false,false,near_mint,es,EUR,2025-04-20T23:27:12.695Z
Vanquish the Weak,XLN,Ixalan,127,normal,common,1,3885,e599ed0b-4b3b-4341-b6ac-7fdfdc6799a3,0.03,false,false,near_mint,es,EUR,2025-04-20T23:27:12.695Z
Vengeful Bloodwitch,FDN,Foundations,76,normal,uncommon,4,97189,bd0c12dd-f138-45c0-9614-d83a1d8e8399,0.32,false,false,near_mint,es,EUR,2025-04-20T23:27:12.695Z
Venom Connoisseur,SNC,Streets of New Capenna,161,normal,uncommon,1,67590,04897d8c-ee05-45eb-80f7-76487dbcc449,0.06,false,false,near_mint,es,EUR,2025-04-20T23:27:12.695Z
Viashino Pyromancer,M19,Core Set 2019,166,normal,common,1,1146,a82fdb2f-b199-44ff-9615-90fc074cb8b0,0.09,false,false,near_mint,es,EUR,2025-04-20T23:27:12.695Z
Vicious Rivalry,SOS,Secrets of Strixhaven,241,normal,rare,1,112629,6fa9cd18-3181-4373-ab65-49bf9de9487f,1.68,false,false,near_mint,es,EUR,2026-04-19T19:45:43.760Z
Vile Entomber,MH2,Modern Horizons 2,403,normal,uncommon,1,59496,36590526-2f1b-4959-ba9e-55f3ebcffd1e,0.33,false,false,near_mint,es,EUR,2025-04-20T23:27:12.695Z
Visionary's Dance,SOS,Secrets of Strixhaven,242,normal,common,1,112638,846a0e79-a530-429e-8f7f-4b87f1b0156e,0.12,false,false,near_mint,es,EUR,2026-04-19T19:45:43.813Z
Vizier of the Menagerie,FDN,Foundations,649,normal,mythic,1,100318,3010ec33-c3f6-42ce-ad5a-e149e5c9a805,1.35,false,false,near_mint,es,EUR,2025-04-20T23:27:12.695Z
Voldaren Stinger,MID,Innistrad: Midnight Hunt,167,normal,common,2,63504,f27a7c78-3a64-42fc-8808-15b1f41976a1,0.09,false,false,near_mint,es,EUR,2025-04-20T23:27:12.695Z
Voracious Fell Beast,LTR,The Lord of the Rings: Tales of Middle-earth,113,normal,uncommon,1,83554,d9b7d7f8-503d-4660-9a18-6a8e2fcaa25f,0.04,false,false,near_mint,es,EUR,2025-04-20T23:27:12.695Z
Voracious Greatshark,IKO,Ikoria: Lair of Behemoths,70,normal,rare,1,50007,1400155f-8911-45fd-aab2-998c8a28292c,0.16,false,false,near_mint,es,EUR,2025-04-20T23:27:12.695Z
Vortex Runner,STX,Strixhaven: School of Mages,60,normal,common,2,58289,bab4a68d-5d26-42d8-bc51-15e3c1f95ebe,0.05,false,false,near_mint,es,EUR,2025-04-20T23:27:12.695Z
Wander Off,SOS,Secrets of Strixhaven,104,normal,common,1,112597,3d409512-50b9-4a38-91b0-19ba25227992,0.2,false,false,near_mint,es,EUR,2026-04-19T19:45:43.735Z
Wardens of the Cycle,FDN,Foundations,125,normal,uncommon,1,100761,83ea9b2c-5723-4eff-88ac-6669975939e3,0.16,false,false,near_mint,es,EUR,2025-04-20T23:27:12.695Z
Warren Elder,BLB,Bloomburrow,37,normal,common,3,96030,4bf20069-5a20-4f95-976b-6af2b69f3ad0,0.07,false,false,near_mint,es,EUR,2025-04-20T23:27:12.695Z
Waterspout Warden,BLB,Bloomburrow,80,normal,common,3,95909,35898b39-98e2-405b-8f18-0e054bd2c29e,0.06,false,false,near_mint,es,EUR,2025-04-20T23:27:12.695Z
Welcoming Vampire,VOW,Innistrad: Crimson Vow,46,normal,rare,1,64428,d8f69cea-823c-482b-a605-8138b3d950e6,1.65,false,false,near_mint,es,EUR,2025-04-20T23:27:12.695Z
Westfold Rider,LTR,The Lord of the Rings: Tales of Middle-earth,37,normal,common,1,83187,71ed2e4b-c732-472a-a589-f1f53086d9ee,0.15,false,false,near_mint,es,EUR,2025-04-20T23:27:12.695Z
Whitesun's Passage,SOM,Scars of Mirrodin,27,normal,common,2,21005,a74d1bf3-4630-4be0-af5f-590789d27a0c,0.18,false,false,near_mint,es,EUR,2025-04-20T23:27:12.695Z
Wild Hypothesis,SOS,Secrets of Strixhaven,167,normal,common,1,112559,04fdfabc-c247-4384-a5bb-f49035f8aae0,0.18,false,false,near_mint,es,EUR,2026-04-19T19:45:43.757Z
Wildborn Preserver,ELD,Throne of Eldraine,182,normal,rare,1,46156,55f76830-369e-4224-9ded-7d1ce04c87e4,0.22,false,false,near_mint,es,EUR,2025-04-20T23:27:12.695Z
Wildwood Scourge,M21,Core Set 2021,214,normal,uncommon,1,50792,46ff0b33-d153-4b0e-ac48-7e5ed70dea09,0.15,false,false,near_mint,es,EUR,2025-04-20T23:27:12.695Z
Wilt-Leaf Liege,MM2,Modern Masters 2015,200,normal,rare,1,11017,0a0bcfad-cb7e-4b12-b308-a4a1245bd835,0.67,false,false,near_mint,es,EUR,2025-04-20T23:27:12.695Z
Wind-Scarred Crag,ELD,Throne of Eldraine,308,normal,common,2,46063,75f5875e-487f-4586-95f3-3627050a6744,0.2,false,false,near_mint,es,EUR,2025-04-20T23:27:12.695Z
Wishclaw Talisman,FDN,Foundations,617,normal,rare,1,100627,69d0f5bd-ccea-49b2-bd79-ad5e4d850cf5,2.22,false,false,near_mint,es,EUR,2025-04-20T23:27:12.695Z
Witch's Web,VOW,Innistrad: Crimson Vow,227,normal,common,3,64088,0d021207-76be-4bc9-bb71-df991a04d8d8,0.06,false,false,near_mint,es,EUR,2025-04-20T23:27:12.695Z
"Witch-king, Bringer of Ruin",LTR,The Lord of the Rings: Tales of Middle-earth,293,normal,rare,1,83295,90da1d3e-dbcb-4b1e-a606-d4fc1a60a8fe,4.67,false,false,near_mint,es,EUR,2025-04-20T23:27:12.695Z
Witchstalker Frenzy,WOE,Wilds of Eldraine,159,normal,uncommon,3,85454,649025a7-79d1-4d7c-b1db-d46bcf5a1ae2,0.26,false,false,near_mint,es,EUR,2025-04-20T23:27:12.695Z
Witherbloom Charm,SOS,Secrets of Strixhaven,244,normal,uncommon,1,111694,254437f7-7a8a-4b11-9cea-e8e7ea23c59e,0.27,false,false,near_mint,es,EUR,2026-04-19T19:45:43.753Z
Witness Protection,SNC,Streets of New Capenna,66,normal,common,1,67923,a2be6f2c-8ad0-402d-a7ca-9fe817e83b72,0.52,false,false,near_mint,es,EUR,2025-04-20T23:27:12.695Z
Wormhole Serpent,STX,Strixhaven: School of Mages,62,normal,uncommon,2,58044,2d0fd73f-e161-4e42-b4f9-9246a9dba785,0.08,false,false,near_mint,es,EUR,2025-04-20T23:27:12.695Z
Wose Pathfinder,LTR,The Lord of the Rings: Tales of Middle-earth,190,normal,common,2,83144,6589b339-9067-4e9b-bfdb-c49f8b3ef2d4,0.05,false,false,near_mint,es,EUR,2025-04-20T23:27:12.695Z
Wretched Throng,VOW,Innistrad: Crimson Vow,91,normal,common,4,64458,eb3991f0-76b8-4f77-9d67-0e2b11fda750,0.04,false,false,near_mint,es,EUR,2025-04-20T23:27:12.695Z
You Cannot Pass!,LTR,The Lord of the Rings: Tales of Middle-earth,38,normal,uncommon,1,82859,116d4030-acd2-4aa2-8254-aaaff1264459,0.09,false,false,near_mint,es,EUR,2025-04-20T23:27:12.695Z
"Zetalpa, Primal Dawn",GN2,Game Night 2019,15,normal,rare,1,46628,119836fe-70e5-4000-81b7-21e410cc04ab,0.28,false,false,near_mint,es,EUR,2025-04-20T23:27:12.695Z
Zombify,FDN,Foundations,187,normal,uncommon,1,101225,dc798e6f-13c4-457c-b052-b7b65bc83cfe,0.19,false,false,near_mint,es,EUR,2025-04-20T23:27:12.695Z
Zombify,SOA,Secrets of Strixhaven Mystical Archive,36,normal,uncommon,1,112530,dfec5854-70c7-4e4b-9979-58775dd7a181,0.31,false,false,near_mint,es,EUR,2026-04-19T19:45:43.728Z
