Name,Set code,Set name,Collector number,Foil,Rarity,Quantity,ManaBox ID,Scryfall ID,Purchase price,Misprint,Altered,Condition,Language,Purchase price currency,Added
Aang's Iceberg,TLA,Avatar: The Last Airbender,5,normal,rare,1,108123,720fbd87-b1c1-4b3b-97a1-46b943b115e3,0.02,false,false,near_mint,en,EUR,2025-11-26T15:34:18.488Z
"Aang, at the Crossroads // Aang, Destined Savior",TLA,Avatar: The Last Airbender,203,normal,rare,1,109588,fea89ca0-8070-4f28-9851-994314f9d248,0.38,false,false,near_mint,en,EUR,2025-11-26T15:34:18.488Z
Abandon Attachments,TLA,Avatar: The Last Airbender,205,normal,common,2,108228,74ca45a4-97ab-4255-9129-884e8b42b984,0.07,false,false,near_mint,en,EUR,2025-11-26T15:34:18.488Z
Abraded Bluffs,OTJ,Outlaws of Thunder Junction,251,normal,common,1,93074,19e96521-b4ce-4a36-a887-200e05ccc804,0.19,false,false,near_mint,en,EUR,2025-10-27T10:57:33.331Z
Absolving Lammasu,MKM,Murders at Karlov Manor,2,normal,uncommon,1,91163,bd6e71a1-713e-4eca-bd65-9f0638c16794,0.07,false,false,near_mint,en,EUR,2025-04-20T23:27:12.695Z
Abstract Paintmage,SOS,Secrets of Strixhaven,171,normal,uncommon,2,112708,ea008094-d995-4740-9b39-c61049356c55,0.09,false,false,near_mint,en,EUR,2026-05-08T10:13:36.486Z
Abundant Growth,AVR,Avacyn Restored,167,normal,common,1,18111,afbc8fd0-dc15-4ac9-b97b-173f7fb66ed7,0.45,false,false,near_mint,en,EUR,2025-04-20T23:27:12.695Z
Abyssal Harvester,FDN,Foundations,54,foil,rare,1,101342,f2e0f538-5825-47e9-883c-3ec6fd5b25ea,1.51,false,false,near_mint,en,EUR,2025-04-20T23:27:12.695Z
Abzan Devotee,TDM,Tarkir: Dragonstorm,68,normal,common,1,104305,66555946-e747-46fa-b1ac-b103a8edcd93,0.04,false,false,near_mint,en,EUR,2025-04-20T23:27:12.695Z
Acidic Slime,M12,Magic 2012,161,normal,uncommon,1,19106,ae8e5876-3eff-4075-9fa2-3ab6030848e9,0.1,false,false,near_mint,en,EUR,2025-04-20T23:27:12.695Z
Action News Crew,TMT,Teenage Mutant Ninja Turtles,1,normal,common,1,111347,bc0f5ca8-47bd-4451-8fd1-a312ff7d31ec,0.03,false,false,near_mint,en,EUR,2026-03-06T23:49:55.844Z
Adaptive Automaton,FDN,Foundations,723,foil,rare,1,101259,e35e614c-51a9-4d5c-b7fa-1a0a87108785,1.32,false,false,near_mint,en,EUR,2025-04-20T23:27:12.695Z
Adarkar Wastes,BLC,Bloomburrow Commander,291,normal,rare,1,96474,d501527c-1bf5-4b59-9bff-e4562181a096,0.4,false,false,near_mint,en,EUR,2025-11-06T20:40:57.429Z
Adrenaline Jockey,DFT,Aetherdrift,112,normal,uncommon,2,103626,c8655373-320d-440d-b700-d03413f743fd,0.06,false,false,near_mint,en,EUR,2025-04-20T23:27:12.695Z
Adventurer's Airship,FIN,Final Fantasy,252,normal,common,1,106504,0a1d6dcd-bd41-4f57-a35b-6613811fe4d4,0.05,false,false,near_mint,en,EUR,2025-06-18T14:09:45.764Z
Adventurer's Inn,FIN,Final Fantasy,271,normal,common,1,105754,f0da2ee1-986e-4cbf-92eb-d96fdb572ca5,0.02,false,false,near_mint,en,EUR,2025-06-18T14:09:45.764Z
Adventuring Gear,FDN,Foundations,249,foil,uncommon,1,100358,361f9b99-5b5d-40da-b4b9-5ad90f6280ee,0.1,false,false,near_mint,en,EUR,2025-04-20T23:27:12.695Z
Adventuring Gear,FDN,Foundations,249,normal,uncommon,1,100358,361f9b99-5b5d-40da-b4b9-5ad90f6280ee,0.05,false,false,near_mint,en,EUR,2025-04-20T23:27:12.695Z
Adventurous Eater // Have a Bite,SOS,Secrets of Strixhaven,72,normal,common,1,112694,d40cc7da-c731-418e-8547-7033d1939450,0.02,false,false,near_mint,en,EUR,2026-05-08T10:13:36.491Z
Aegis Turtle,FDN,Foundations,150,foil,common,1,101590,c7f2014a-fbc9-447c-a440-e06d01066bb9,0.13,false,false,near_mint,en,EUR,2025-04-20T23:27:12.695Z
Aegis Turtle,FDN,Foundations,150,normal,common,2,101590,c7f2014a-fbc9-447c-a440-e06d01066bb9,0.04,false,false,near_mint,en,EUR,2025-04-20T23:27:12.695Z
Aether Channeler,BLC,Bloomburrow Commander,160,normal,rare,1,96201,213df60e-5ada-41ff-98e6-0ba094a6bed2,0.33,false,false,near_mint,en,EUR,2025-11-06T20:40:57.429Z
Aetherize,BLC,Bloomburrow Commander,161,normal,uncommon,1,96268,468aeb4d-d970-4332-8e8b-a3d57cb661a9,0.32,false,false,near_mint,en,EUR,2025-11-06T20:40:57.429Z
Aetherjacket,DFT,Aetherdrift,230,normal,common,2,103424,0a29c8a5-fd98-422c-9518-2db0993495e5,0.04,false,false,near_mint,en,EUR,2025-04-20T23:27:12.695Z
Aettir and Priwen,FIN,Final Fantasy,253,normal,mythic,1,106497,038710ca-c756-4e66-a9de-278e676c9f5b,2.02,false,false,near_mint,en,EUR,2025-06-18T14:09:45.764Z
Affectionate Indrik,FDN,Foundations,211,normal,uncommon,1,100310,2da8347d-06a4-46e0-a55e-cc2da4660263,0.05,false,false,near_mint,en,EUR,2025-04-20T23:27:12.695Z
Aftermath Analyst,EOC,Edge of Eternities Commander,91,normal,uncommon,1,107046,66f135b4-8cb3-4a4e-86ae-81a3cf4b7259,1.75,false,false,near_mint,en,EUR,2025-08-06T14:50:32.528Z
Agate Instigator,BLC,Bloomburrow Commander,21,normal,rare,1,96403,9f838603-f7cd-497d-8d2b-d4cca03c1af7,7.55,false,false,near_mint,en,EUR,2025-11-06T20:40:57.429Z
Agency Coroner,MKM,Murders at Karlov Manor,75,normal,common,1,91223,d63f2c23-e877-42e3-9362-5d003a173c6d,0.04,false,false,near_mint,en,EUR,2025-04-20T23:27:12.695Z
Agent of Kotis,TDM,Tarkir: Dragonstorm,36,normal,common,1,104318,812d0462-0158-467f-951d-a7a121188a10,0.02,false,false,near_mint,en,EUR,2025-04-20T23:27:12.695Z
Agent Venom,SPM,Marvel's Spider-Man,49,normal,rare,1,108600,f5f80d82-d64c-466f-8874-9cfb00469f02,0.02,false,false,near_mint,en,EUR,2025-09-30T23:51:40.191Z
Aggravate,AVR,Avacyn Restored,125,normal,uncommon,1,18153,999f40a7-b723-42e1-83c1-f45a72a26dd4,0.15,false,false,near_mint,en,EUR,2025-04-20T23:27:12.695Z
Ahriman,FIN,Final Fantasy,87,normal,common,1,106517,162a415c-5465-497e-8f4e-c6f09681641d,0.05,false,false,near_mint,en,EUR,2025-06-18T14:09:45.764Z
Airbender's Reversal,TLA,Avatar: The Last Airbender,7,normal,uncommon,1,109715,6b7078e4-2892-4b5f-83ab-90369e0d6dba,0.18,false,false,near_mint,en,EUR,2025-11-26T15:34:18.488Z
Airbending Lesson,TLA,Avatar: The Last Airbender,8,normal,common,2,108292,e2bcd0a6-e94d-4a21-a334-a57459c1b8cc,0.07,false,false,near_mint,en,EUR,2025-11-26T15:34:18.488Z
Airship Crash,FIN,Final Fantasy,171,normal,common,1,106680,ec91c4e4-711f-464d-bc83-e6813f4fdcdb,0.05,false,false,near_mint,en,EUR,2025-06-18T14:09:45.764Z
Airship Engine Room,TLA,Avatar: The Last Airbender,265,normal,common,1,109375,0b98ba34-f251-4bd0-9d75-1d4445be5cfd,0.11,false,false,near_mint,en,EUR,2025-11-26T15:34:18.488Z
Airtight Alibi,MKM,Murders at Karlov Manor,149,normal,common,2,91173,bffbbe21-0a1d-48b9-903e-81c109aa11de,0.08,false,false,near_mint,en,EUR,2025-04-20T23:27:12.695Z
Ajani's Pridemate,FDN,Foundations,135,normal,uncommon,2,100255,222c1a68-e34c-4103-b1be-17d4ceaef6ce,0.11,false,false,near_mint,en,EUR,2025-04-20T23:27:12.695Z
Ajani's Pridemate,FDN,Foundations,293,normal,uncommon,1,101180,d4cfb9bc-4273-4e5f-a7ac-2006a8345a4e,0.29,false,false,near_mint,en,EUR,2025-04-20T23:27:12.695Z
Ajani's Response,SOS,Secrets of Strixhaven,6,normal,common,1,112654,9cd1417a-badc-4abd-a8ca-5b31f85c1072,0.03,false,false,near_mint,en,EUR,2026-05-08T10:13:36.508Z
Akul the Unrepentant,OTJ,Outlaws of Thunder Junction,189,normal,rare,1,93198,68fd8548-50db-4243-9154-377f32408d58,0.17,false,false,near_mint,en,EUR,2025-10-27T10:57:33.331Z
Alacrian Armory,DFT,Aetherdrift,2,normal,uncommon,1,103641,d39f7f98-ad5e-4e5e-9f7b-abe0984ffe17,0.1,false,false,near_mint,en,EUR,2025-04-20T23:27:12.695Z
Alacrian Jaguar,DFT,Aetherdrift,152,normal,common,1,103456,2bd40bca-aa54-4e52-8d48-b3709a11e633,0.05,false,false,near_mint,en,EUR,2025-04-20T23:27:12.695Z
Alesha's Legacy,TDM,Tarkir: Dragonstorm,72,normal,common,1,104875,a9262bf6-df6a-446c-ba70-18270a09842d,0.06,false,false,near_mint,en,EUR,2025-04-20T23:27:12.695Z
"Alesha, Who Laughs at Fate",FDN,Foundations,115,normal,rare,1,100953,a93e3406-4e29-4bc0-ae52-cbd2ac1f99a4,0.77,false,false,near_mint,en,EUR,2025-04-20T23:27:12.695Z
Alien Symbiosis,SPM,Marvel's Spider-Man,50,normal,uncommon,1,108656,b898ccb7-758e-4f11-95e0-b412721d8bf9,0.09,false,false,near_mint,en,EUR,2025-09-30T23:51:40.191Z
All-Fates Scroll,EOE,Edge of Eternities,234,normal,uncommon,1,107407,3a5ed010-cb17-45df-b169-ebc807dae534,0.22,false,false,near_mint,en,EUR,2025-08-02T12:05:52.876Z
Alley Assailant,MKM,Murders at Karlov Manor,76,normal,common,2,91293,edf238c9-61de-4f3a-b82f-05af46e5e81b,0.04,false,false,near_mint,en,EUR,2025-04-20T23:27:12.695Z
Ally,TTLA,Avatar: The Last Airbender Tokens,5,normal,common,1,109982,cae9c13e-fda2-4591-bd52-888d12194e4d,,false,false,near_mint,en,EUR,2025-11-26T15:34:18.488Z
Ally,TTLA,Avatar: The Last Airbender Tokens,4,normal,common,2,109995,f842c52a-04b6-4625-ba58-45b043ada340,,false,false,near_mint,en,EUR,2025-11-26T15:34:18.488Z
"Alpharael, Dreaming Acolyte",EOE,Edge of Eternities,212,normal,uncommon,1,106884,349a2211-2b23-418d-a1ef-1c72ad2e171d,0.14,false,false,near_mint,en,EUR,2025-08-02T12:05:52.876Z
Amass the Components,AVR,Avacyn Restored,43,normal,common,1,18235,f5b48d60-fc99-4d21-9293-4f7ce1c02928,0.15,false,false,near_mint,en,EUR,2025-04-20T23:27:12.695Z
Amazing Acrobatics,SPM,Marvel's Spider-Man,25,normal,common,1,108554,9a2f6d84-3d83-4f48-9906-11f681171930,0.05,false,false,near_mint,en,EUR,2025-09-30T23:51:40.191Z
Ambush Gigapede,OTJ,Outlaws of Thunder Junction,77,normal,common,1,93268,93b17d09-974a-4e33-b14d-5fe4230ab241,0.04,false,false,near_mint,en,EUR,2025-10-27T10:57:33.331Z
Ambush Wolf,FDN,Foundations,98,foil,common,1,101492,2903832c-318e-42ab-bf58-c682ec2f7afd,0.04,false,false,near_mint,en,EUR,2025-04-20T23:27:12.695Z
Ambush Wolf,FDN,Foundations,98,normal,common,2,101492,2903832c-318e-42ab-bf58-c682ec2f7afd,0.03,false,false,near_mint,en,EUR,2025-04-20T23:27:12.695Z
An Offer You Can't Refuse,FDN,Foundations,160,normal,uncommon,2,100948,a829747f-cf9b-4d81-ba66-9f0630ed4565,1.28,false,false,near_mint,en,EUR,2025-04-20T23:27:12.695Z
Anchovy & Banana Pizza,TMT,Teenage Mutant Ninja Turtles,57,normal,common,2,111568,44443ad2-ef8c-4106-ba1b-ee3fb6fd8b17,0.07,false,false,near_mint,en,EUR,2026-03-06T23:49:55.738Z
Angel of Finality,FDN,Foundations,136,normal,uncommon,1,101057,baaabd52-3aa9-4e2f-9369-d4db8b405ba8,0.11,false,false,near_mint,en,EUR,2025-04-20T23:27:12.695Z
Angel of the Ruins,BLC,Bloomburrow Commander,134,normal,rare,1,96488,dd6a9c1c-b484-49c5-aa0f-ca2fb1e6a3ef,0.26,false,false,near_mint,en,EUR,2025-11-06T20:40:57.429Z
Angelic Wall,AVR,Avacyn Restored,4,normal,common,2,18274,d7b2450d-87a7-46dc-b43a-2db2abeca44f,0.1,false,false,near_mint,en,EUR,2025-04-20T23:27:12.695Z
Ankle Biter,OTJ,Outlaws of Thunder Junction,153,normal,common,1,93136,424972d6-3b2c-449b-b786-749a77020fa1,0.07,false,false,near_mint,en,EUR,2025-10-27T10:57:33.331Z
Another Round,OTJ,Outlaws of Thunder Junction,1,normal,rare,1,93156,4f8dc511-e307-4412-bb79-375a6077312d,0.29,false,false,near_mint,en,EUR,2025-10-27T10:57:33.331Z
Anthem of Champions,FDN,Foundations,116,normal,rare,1,95580,42fe3a40-9cbe-4235-86f9-32576aaebba8,0.24,false,false,near_mint,en,EUR,2025-04-20T23:27:12.695Z
Apothecary Stomper,FDN,Foundations,99,normal,common,2,101537,680b7b0c-0e1b-46ce-9917-9fc6e05aa148,0.13,false,false,near_mint,en,EUR,2025-04-20T23:27:12.695Z
Appeal to Eirdu,ECL,Lorwyn Eclipsed,5,normal,common,1,110356,68ce9752-21f9-48e9-bf48-7f76f1cecbc5,0.02,false,false,near_mint,en,EUR,2026-01-25T20:47:46.804Z
Aquitect's Defenses,ECL,Lorwyn Eclipsed,44,normal,common,1,110799,9af9a907-fd2e-4ae0-ac7b-529074b79a14,0.05,false,false,near_mint,en,EUR,2026-01-25T20:47:46.739Z
Arashin Sunshield,TDM,Tarkir: Dragonstorm,3,normal,common,1,105168,dd7102d8-90b3-45a1-b66d-dcca469b1fb6,0.04,false,false,near_mint,en,EUR,2025-04-20T23:27:12.695Z
"Araña, Heart of the Spider",SPM,Marvel's Spider-Man,123,normal,rare,1,108568,b02bfa0e-f761-45e1-b35c-f44ff7c5d0e8,0.02,false,false,near_mint,en,EUR,2025-09-30T23:51:40.191Z
Arcane Omens,SOS,Secrets of Strixhaven,73,normal,uncommon,1,111654,d357d997-9d4e-4ade-81f2-37629853f13a,0.04,false,false,near_mint,en,EUR,2026-05-08T10:13:36.456Z
Arcane Signet,BLC,Bloomburrow Commander,127,normal,common,1,96215,28180667-cc1e-4f64-9a69-00425ef85ba0,0.38,false,false,near_mint,en,EUR,2025-11-06T20:40:57.429Z
Arcane Signet,EOC,Edge of Eternities Commander,53,normal,common,1,107001,3d994115-378d-4685-a5dc-e448831da434,0.51,false,false,near_mint,en,EUR,2025-08-06T14:50:32.528Z
Arcane Signet,FDC,Foundations Commander,1,foil,uncommon,1,100713,7b4b3e1c-1dc4-46d9-9234-f9d1d2ebb8f8,1.54,false,false,near_mint,en,EUR,2025-04-20T23:27:12.695Z
Archdruid's Charm,MKM,Murders at Karlov Manor,151,normal,rare,1,90906,5caae5ae-845f-42c2-b1ae-956df2739433,4.76,false,false,near_mint,en,EUR,2025-04-20T23:27:12.695Z
Archmage of Runes,FDN,Foundations,30,normal,rare,1,100339,334b5018-2da9-49f1-9d09-83d312ecfb02,1.11,false,false,near_mint,en,EUR,2025-04-20T23:27:12.695Z
Ark of Hunger,SOS,Secrets of Strixhaven,173,normal,rare,1,112311,79d01c19-162b-4a12-9e27-18366d95eaa0,0.23,false,false,near_mint,en,EUR,2026-04-19T19:45:43.824Z
"Armaggon, Future Shark",TMT,Teenage Mutant Ninja Turtles,58,normal,rare,1,110922,5989378b-0eac-43cf-bc83-8f7765536789,0.02,false,false,near_mint,en,EUR,2026-03-06T23:49:55.731Z
Armament Dragon,TDM,Tarkir: Dragonstorm,168,foil,uncommon,1,104469,17f61c01-0a41-4fa1-ac34-ffa83baad989,0.07,false,false,near_mint,en,EUR,2025-04-20T23:27:12.695Z
Armasaur Guide,FDN,Foundations,3,normal,common,2,101591,c80fc380-0499-4499-8a60-c43844c02c9b,0.04,false,false,near_mint,en,EUR,2025-04-20T23:27:12.695Z
Armored Armadillo,OTJ,Outlaws of Thunder Junction,3,normal,common,1,93094,263232df-69b8-4205-93ad-c724fe57ec11,0.14,false,false,near_mint,en,EUR,2025-10-27T10:57:33.331Z
Armored Kincaller,LCI,The Lost Caverns of Ixalan,174,normal,common,1,88834,b76a46a1-a63e-460a-98c5-699dd1c827aa,0.03,false,false,near_mint,en,EUR,2025-06-16T17:24:56.249Z
"Arthur, Marigold Knight",BLC,Bloomburrow Commander,5,foil,mythic,1,96398,9b3603aa-58a2-41d4-a58f-2b3306876e35,0.34,false,false,near_mint,en,EUR,2025-11-06T20:40:57.429Z
Ashcoat of the Shadow Swarm,PZA,Teenage Mutant Ninja Turtles Source Material,6,normal,mythic,1,111260,6873a1d1-b1bc-4ed6-a734-0e35fd8dbc8e,13.76,false,false,near_mint,en,EUR,2026-03-06T23:49:55.833Z
Augur of Autumn,EOC,Edge of Eternities Commander,92,normal,rare,1,107146,c09f0e1b-c13b-4e53-ab0e-c8b8a6151d82,0.45,false,false,near_mint,en,EUR,2025-08-06T14:50:32.528Z
Augury Owl,M11,Magic 2011,45,normal,common,1,21344,42b8b752-086c-4d7c-a0a2-e359819c550e,0.11,false,false,near_mint,en,EUR,2025-04-20T23:27:12.695Z
Auntie's Sentence,ECL,Lorwyn Eclipsed,85,normal,common,1,110856,e64bfe16-7362-4982-9136-1f4e0d335441,0.05,false,false,near_mint,en,EUR,2026-01-25T20:47:46.787Z
"Aurelia, the Law Above",MKM,Murders at Karlov Manor,188,normal,rare,1,91048,8f80c6e7-e9f9-4ca6-87f7-a52c96079e4a,0.96,false,false,near_mint,en,EUR,2025-04-20T23:27:12.695Z
Auron's Inspiration,FIN,Final Fantasy,8,normal,uncommon,1,106349,77d82764-563c-4bc2-b568-625ec7215e0d,0.07,false,false,near_mint,en,EUR,2025-06-18T14:09:45.764Z
Auroral Procession,TDM,Tarkir: Dragonstorm,169,foil,uncommon,2,104701,672f94ad-65d6-4c7d-925d-165ef264626f,0.25,false,false,near_mint,en,EUR,2025-04-20T23:27:12.695Z
Auspicious Arrival,MKM,Murders at Karlov Manor,288,normal,common,1,90842,49598c0a-3b3c-42a2-9358-ff072de9d9f2,0.15,false,false,near_mint,en,EUR,2025-04-20T23:27:12.695Z
Auxiliary Boosters,EOE,Edge of Eternities,5,normal,common,2,107714,43706295-afd6-442c-8828-8cf978152701,0.13,false,false,near_mint,en,EUR,2025-08-02T12:05:52.876Z
Avarice Totem,5DN,Fifth Dawn,104,normal,uncommon,1,29391,53a5cfa8-4091-445c-8641-64402cca7d2d,0.27,false,false,near_mint,en,EUR,2025-06-16T17:24:56.249Z
Avatar Enthusiasts,TLA,Avatar: The Last Airbender,11,normal,common,1,108124,7292e5f2-d5a1-4e39-8f75-eba471819f04,0.08,false,false,near_mint,en,EUR,2025-11-26T15:34:18.488Z
Avishkar Raceway,DFT,Aetherdrift,249,normal,common,2,102894,08a6b378-c7fa-4226-a310-4ee7e550b4d6,0.12,false,false,near_mint,en,EUR,2025-04-20T23:27:12.695Z
Axebane Ferox,MKM,Murders at Karlov Manor,428,foil,rare,1,90808,3ddd5e33-5a58-4321-8742-236d6cc6f4f4,0.24,false,false,near_mint,en,EUR,2025-04-20T23:27:12.695Z
Axgard Cavalry,FDN,Foundations,189,normal,common,2,101631,fe3cc41a-adae-4c9b-b4d3-03f3ca862fed,0.02,false,false,near_mint,en,EUR,2025-04-20T23:27:12.695Z
Azorius Signet,BLC,Bloomburrow Commander,265,normal,uncommon,1,96158,0c9d0822-a6df-4cd4-80d6-520ea627791d,0.19,false,false,near_mint,en,EUR,2025-11-06T20:40:57.429Z
Azula Always Lies,TLA,Avatar: The Last Airbender,84,normal,common,1,108194,416b9207-a2af-44d1-9b87-4943f6e46d42,0.09,false,false,near_mint,en,EUR,2025-11-26T15:34:18.488Z
Azure Drake,M11,Magic 2011,46,normal,common,1,21343,6653bce7-b0fc-49e3-8f45-f0bfcade8870,0.08,false,false,near_mint,en,EUR,2025-04-20T23:27:12.695Z
Badgermole,TLA,Avatar: The Last Airbender,166,normal,common,1,108260,aabbd420-b7fc-496f-9168-bad823d51d9e,0.13,false,false,near_mint,en,EUR,2025-11-26T15:34:18.488Z
Bagel and Schmear,SPM,Marvel's Spider-Man,161,normal,common,1,108544,7f927f72-fc9b-444f-9e0e-78a5e8e7bcaa,0.02,false,false,near_mint,en,EUR,2025-09-30T23:51:40.191Z
Bake into a Pie,FDN,Foundations,169,normal,common,2,101494,2ab0e660-86a3-4b92-82fa-77dcb5db947d,0.08,false,false,near_mint,en,EUR,2025-04-20T23:27:12.695Z
"Balamb Garden, SeeD Academy // Balamb Garden, Airborne",FIN,Final Fantasy,272,normal,rare,1,106492,001e9f20-5b15-41cb-bf82-46172decc235,0.02,false,false,near_mint,en,EUR,2025-06-18T14:09:45.764Z
Balamb T-Rexaur,FIN,Final Fantasy,173,normal,common,1,106456,e5857b1b-73bc-458e-b26b-7ed8bef785f3,0.08,false,false,near_mint,en,EUR,2025-06-18T14:09:45.764Z
Baloth Prime,EOC,Edge of Eternities Commander,13,normal,rare,1,106985,2c723fc9-d5c9-4126-a9a6-f80c247a4b6b,0.74,false,false,near_mint,en,EUR,2025-08-06T14:50:32.528Z
Banishing Betrayal,SOS,Secrets of Strixhaven,38,normal,common,2,111688,1ae9d2f3-7a9f-433a-aa1f-14337ae6f9d4,0.04,false,false,near_mint,en,EUR,2026-05-08T10:13:36.462Z
Banishing Light,EOE,Edge of Eternities,6,normal,common,1,107153,c45f11cd-a0aa-4d14-aa21-57f0969f3e2b,0.11,false,false,near_mint,en,EUR,2025-08-02T12:05:52.876Z
Banishing Light,FDN,Foundations,138,foil,common,1,101613,e38dc3b3-1629-491b-8afd-0e7a9a857713,0.13,false,false,near_mint,en,EUR,2025-04-20T23:27:12.695Z
Banishing Light,FDN,Foundations,138,normal,common,1,101613,e38dc3b3-1629-491b-8afd-0e7a9a857713,0.03,false,false,near_mint,en,EUR,2025-04-20T23:27:12.695Z
Barbed Bloodletter,ECL,Lorwyn Eclipsed,86,normal,common,1,110790,8ff1a13c-e338-42e9-8eb3-b303fabd67de,0.05,false,false,near_mint,en,EUR,2026-01-25T20:47:46.696Z
Bard's Bow,FIN,Final Fantasy,174,normal,common,1,106530,2ac03e90-1e16-453f-88e4-a0448db73403,0.05,false,false,near_mint,en,EUR,2025-06-18T14:09:45.764Z
Barrels of Blasting Jelly,TLA,Avatar: The Last Airbender,254,normal,common,1,108208,4fd83083-3779-41f0-90a0-a00e3270e4e6,0.08,false,false,near_mint,en,EUR,2025-11-26T15:34:18.488Z
Bartz and Boko,FIN,Final Fantasy,175,normal,rare,2,105728,d818d574-2832-4a7a-a13b-aa6e695fdaa5,0.02,false,false,near_mint,en,EUR,2025-06-18T14:09:45.764Z
Basilica Stalker,MKM,Murders at Karlov Manor,78,normal,common,3,91336,fdafea8f-283d-4f19-a74a-669bfbdfed98,0.02,false,false,near_mint,en,EUR,2025-04-20T23:27:12.695Z
Battle Hymn,AVR,Avacyn Restored,128,normal,common,1,18150,43b5d46e-7054-44f8-9a14-b412f2f0ab86,1.92,false,false,near_mint,en,EUR,2025-04-20T23:27:12.695Z
Battle Menu,FIN,Final Fantasy,9,normal,uncommon,1,106523,240e1466-bd02-423d-b829-234dcd2bfab2,0.09,false,false,near_mint,en,EUR,2025-06-18T14:09:45.764Z
Battlefield Forge,BLC,Bloomburrow Commander,293,normal,rare,1,96208,24323a73-8c9a-4cd4-a98f-9ea0d1f33bf6,0.44,false,false,near_mint,en,EUR,2025-11-06T20:40:57.429Z
Battlesong Berserker,FDN,Foundations,78,normal,uncommon,1,100917,a1f8b199-5d62-485f-b1c3-b30aa550595b,0.08,false,false,near_mint,en,EUR,2025-04-20T23:27:12.695Z
Baxter Stockman,TMT,Teenage Mutant Ninja Turtles,139,normal,uncommon,1,111555,117b1341-2cf0-466e-b3a8-7e1afa42cd4c,0.09,false,false,near_mint,en,EUR,2026-03-06T23:49:55.822Z
Beamsaw Prospector,EOE,Edge of Eternities,89,normal,common,2,107734,6f717a3f-c6db-4e8d-8b62-6361ab33d000,0.15,false,false,near_mint,en,EUR,2025-08-01T19:16:32.510Z
Bearer of Glory,TDM,Tarkir: Dragonstorm,4,normal,common,1,104365,d6d91e42-43db-428d-a4dd-ef9d40306314,0.04,false,false,near_mint,en,EUR,2025-04-20T23:27:12.695Z
Beast Within,EOC,Edge of Eternities Commander,93,normal,uncommon,1,107164,ccac70d4-6e04-4802-8bb8-021368a40e14,0.9,false,false,near_mint,en,EUR,2025-08-06T14:50:32.528Z
Beast-Kin Ranger,FDN,Foundations,100,normal,common,1,100082,0102e0be-5783-4825-9489-713b1b1df0b2,0.04,false,false,near_mint,en,EUR,2025-04-20T23:27:12.695Z
Beau,TOTJ,Outlaws of Thunder Junction Tokens,6,normal,common,1,93926,f1751016-9461-4250-ac07-afe4f5b41095,1.07,false,false,near_mint,en,EUR,2025-10-27T10:57:33.331Z
"Beetle, Legacy Criminal",SPM,Marvel's Spider-Man,26,normal,common,1,107658,a194f930-c99f-4915-8a62-e20ab2b4ad1f,0.05,false,false,near_mint,en,EUR,2025-09-30T23:51:40.191Z
Benevolent River Spirit,TLA,Avatar: The Last Airbender,45,normal,uncommon,1,109731,7ffb79cd-d170-4047-89c8-6e85188f30da,0.13,false,false,near_mint,en,EUR,2025-11-26T15:34:18.488Z
Benthic Criminologists,MKM,Murders at Karlov Manor,40,foil,common,1,90736,283b6b5a-acdf-4255-a294-0964d9c62686,0.05,false,false,near_mint,en,EUR,2025-04-20T23:27:12.695Z
Bespoke Bō,TMT,Teenage Mutant Ninja Turtles,31,normal,uncommon,1,111580,6c517308-831b-4e41-a82c-02ddf6383a0c,0.11,false,false,near_mint,en,EUR,2026-03-06T23:49:55.764Z
Bestow Greatness,DFT,Aetherdrift,155,normal,common,1,103234,b6a5adee-3482-4c5b-9260-58efa8fec5ba,0.04,false,false,near_mint,en,EUR,2025-04-20T23:27:12.695Z
Bident of Thassa,BLC,Bloomburrow Commander,162,normal,rare,1,96314,60a9018a-24a9-4c25-89ca-4ac52a60fbf1,0.44,false,false,near_mint,en,EUR,2025-11-06T20:40:57.429Z
Bigfin Bouncer,FDN,Foundations,31,foil,common,1,100882,9b1d5b76-b07e-45c6-800d-4cfce085164f,0.09,false,false,near_mint,en,EUR,2025-04-20T23:27:12.695Z
Bigfin Bouncer,FDN,Foundations,31,normal,common,2,100882,9b1d5b76-b07e-45c6-800d-4cfce085164f,0.06,false,false,near_mint,en,EUR,2025-04-20T23:27:12.695Z
Billowing Shriekmass,FDN,Foundations,56,normal,uncommon,1,100711,7b3587a9-0667-4d53-807b-c437bcb1d7b3,0.08,false,false,near_mint,en,EUR,2025-04-20T23:27:12.695Z
Binding the Old Gods,EOC,Edge of Eternities Commander,52,normal,uncommon,1,107044,65b3df37-8dea-4486-8904-55372b93c66f,0.21,false,false,near_mint,en,EUR,2025-08-06T14:50:32.528Z
Biosynthic Burst,EOE,Edge of Eternities,173,normal,common,2,107732,6d73a4a8-5d52-4c12-a96a-45cd202bcc62,0.14,false,false,near_mint,en,EUR,2025-08-01T19:16:32.510Z
Bird,TFIN,Final Fantasy Tokens,16,normal,common,1,106716,1fbc471d-5948-47fc-b7cc-81cc13a4cd15,0.04,false,false,near_mint,en,EUR,2025-06-18T14:09:45.764Z
Birthday Escape,LTR,The Lord of the Rings: Tales of Middle-earth,43,normal,common,1,83034,42db2313-b13d-4292-bef2-bf86f989d32f,0.07,false,false,near_mint,en,EUR,2026-04-19T14:28:02.865Z
Bite Down,FDN,Foundations,212,foil,common,1,101625,f8d70b3b-f6f9-4b3c-ad70-0ce369e812b5,0.12,false,false,near_mint,en,EUR,2025-04-20T23:27:12.695Z
Bite Down,FDN,Foundations,212,normal,common,4,101625,f8d70b3b-f6f9-4b3c-ad70-0ce369e812b5,0.06,false,false,near_mint,en,EUR,2025-04-20T23:27:12.695Z
Bite Down on Crime,MKM,Murders at Karlov Manor,154,normal,common,2,90742,29bbfe93-8225-444c-835b-33ffa006ef66,0.07,false,false,near_mint,en,EUR,2025-04-20T23:27:12.695Z
Black Mage's Rod,FIN,Final Fantasy,90,normal,common,1,105591,35e8f140-055f-4fc7-a765-fb030d828214,0.28,false,false,near_mint,en,EUR,2025-06-18T14:09:45.764Z
Blacksnag Buzzard,OTJ,Outlaws of Thunder Junction,79,normal,common,1,93414,ef10b2ad-9b9b-4c5d-a2c7-3ce742224b50,0.02,false,false,near_mint,en,EUR,2025-10-27T10:57:33.331Z
Blade of the Swarm,EOE,Edge of Eternities,90,normal,uncommon,1,107604,b157330a-2652-4ed9-b8fa-8e72b4eda15c,0.11,false,false,near_mint,en,EUR,2025-08-06T14:50:32.528Z
Blade Splicer,BLC,Bloomburrow Commander,136,normal,rare,1,96378,8ea1a510-ec87-4c93-bcf2-0c91738b008f,0.21,false,false,near_mint,en,EUR,2025-11-06T20:40:57.429Z
Bladed Bracers,AVR,Avacyn Restored,213,normal,common,1,18065,897a5116-043c-46aa-880e-be8dcb1618bc,0.24,false,false,near_mint,en,EUR,2025-04-20T23:27:12.695Z
Blasphemous Act,EOC,Edge of Eternities Commander,86,normal,rare,1,107215,fbeeb7d0-cda8-414b-82d3-a83f1883bdd2,2.38,false,false,near_mint,en,EUR,2025-08-06T14:50:32.528Z
Blasphemous Edict,FDN,Foundations,57,normal,rare,1,100168,11040ecd-3153-4029-b42b-1441bc51ec34,6.86,false,false,near_mint,en,EUR,2025-04-20T23:27:12.695Z
Blazing Bomb,FIN,Final Fantasy,130,normal,common,1,106573,70f47277-ca47-428a-808f-0fb32e820a71,0.04,false,false,near_mint,en,EUR,2025-06-18T14:09:45.764Z
Blessings of Nature,AVR,Avacyn Restored,168,normal,uncommon,1,18110,d16453f1-c6ca-4288-ab72-315ed9bb0ab0,0.2,false,false,near_mint,en,EUR,2025-04-20T23:27:12.695Z
Blight Rot,ECL,Lorwyn Eclipsed,89,normal,common,1,110748,5201bdeb-ba47-459b-ac0d-603367914578,0.09,false,false,near_mint,en,EUR,2026-01-25T20:47:46.803Z
Blighted Agent,NPH,New Phyrexia,29,normal,common,1,19856,cddaebde-a060-4510-8c97-68432d931987,1.29,false,false,near_mint,en,EUR,2025-04-20T23:27:12.695Z
Blighted Blackthorn,ECL,Lorwyn Eclipsed,90,normal,common,1,110719,3515531a-45d6-4fe0-96a3-7ca1ce545068,0.06,false,false,near_mint,en,EUR,2026-01-25T20:47:46.684Z
Blitzball,FIN,Final Fantasy,254,normal,common,1,106723,92f4ad73-42bf-45c0-8bb6-0b44043c81ef,0.06,false,false,near_mint,en,EUR,2025-06-18T14:09:45.764Z
Blitzball Shot,FIN,Final Fantasy,176,normal,common,1,106417,ec8ab637-3d7d-4712-9f83-8920f808f715,0.06,false,false,near_mint,en,EUR,2025-06-18T14:09:45.764Z
Bloodfell Caves,DFT,Aetherdrift,251,normal,common,2,103022,49195d90-de0c-4290-aa1c-9f4d948b5521,0.04,false,false,near_mint,en,EUR,2025-04-20T23:27:12.695Z
Bloodfell Caves,FDN,Foundations,259,foil,common,1,100806,8b90dc92-cb66-41d9-89f9-2b6e3cfc8082,0.11,false,false,near_mint,en,EUR,2025-04-20T23:27:12.695Z
Bloodghast,DFT,Aetherdrift,337,normal,rare,1,103010,4560bd1f-eb63-45bc-a8c7-b5de200facc9,1.12,false,false,near_mint,en,EUR,2025-04-20T23:27:12.695Z
Bloodline Bidding,ECL,Lorwyn Eclipsed,91,normal,rare,1,110553,877d9b75-ad2f-45a6-94d8-68e80d7db789,0.02,false,false,near_mint,en,EUR,2026-01-25T20:47:46.747Z
Blooming Stinger,EOE,Edge of Eternities,174,normal,common,2,107705,2ee859bd-d99c-4b1d-9372-7ff4fc1e8c6a,0.1,false,false,near_mint,en,EUR,2025-08-01T19:16:32.510Z
Blossombind,ECL,Lorwyn Eclipsed,45,normal,common,1,110479,382b83c0-bbbc-4db8-bc04-cfea79aed1b3,0.07,false,false,near_mint,en,EUR,2026-01-25T20:47:46.761Z
Blossoming Sands,DFT,Aetherdrift,252,normal,common,1,103088,69949863-2510-4fe2-a815-0682beeb08a3,0.03,false,false,near_mint,en,EUR,2025-04-20T23:27:12.695Z
Blossoming Sands,FDN,Foundations,260,normal,common,1,100364,37676ed8-588c-4bca-8065-874b74d84807,0.08,false,false,near_mint,en,EUR,2025-04-20T23:27:12.695Z
Blossoming Sands,TDM,Tarkir: Dragonstorm,251,normal,common,1,104239,0a9df994-e0f4-4919-af99-4f643eb9199c,0.02,false,false,near_mint,en,EUR,2025-04-20T23:27:12.695Z
Boggart Cursecrafter,ECL,Lorwyn Eclipsed,206,normal,uncommon,1,110820,b0b67eb9-0d88-4f2c-8063-e8bedfa78556,0.2,false,false,near_mint,en,EUR,2026-01-25T20:47:46.720Z
Bogslither's Embrace,ECL,Lorwyn Eclipsed,94,normal,common,1,110743,4beca2e7-9c6d-493b-b15f-69e483a8dfff,0.07,false,false,near_mint,en,EUR,2026-01-25T20:47:46.711Z
Bojuka Bog,EOC,Edge of Eternities Commander,149,normal,common,1,107128,b0c6fb5e-07e2-4d22-be19-60592f00584a,0.95,false,false,near_mint,en,EUR,2025-08-06T14:50:32.528Z
Boltwave,FDN,Foundations,79,normal,uncommon,2,100810,8d1ec351-5e70-4eb2-b590-6bff94ef8178,2.92,false,false,near_mint,en,EUR,2025-04-20T23:27:12.695Z
Bombard,EOE,Edge of Eternities,129,normal,common,2,107698,29492df8-3077-4ded-a6e2-51d3bd4669b4,0.03,false,false,near_mint,en,EUR,2025-08-01T19:16:32.510Z
Boneyard Desecrator,OTJ,Outlaws of Thunder Junction,81,normal,common,1,93361,d43981b1-60c8-4896-8885-b07e73b99b30,0.04,false,false,near_mint,en,EUR,2025-10-27T10:57:33.331Z
Boosted Sloop,DFT,Aetherdrift,190,normal,uncommon,1,102977,3563cb48-9dcb-4b92-af3a-4793adf03125,0.08,false,false,near_mint,en,EUR,2025-04-20T23:27:12.695Z
Borderland Ranger,AVR,Avacyn Restored,169,normal,common,3,18109,8f067c26-c51d-44d0-a0af-106b5778f06a,0.03,false,false,near_mint,en,EUR,2025-04-20T23:27:12.695Z
Boros Signet,BLC,Bloomburrow Commander,128,normal,uncommon,1,96148,03c9e279-861a-416b-99fb-68f752882ac2,0.41,false,false,near_mint,en,EUR,2025-11-06T20:40:57.429Z
Boss's Chauffeur,BLC,Bloomburrow Commander,137,normal,rare,1,96373,8936a2b6-4b00-4d74-bebb-a76d6f6b09b1,0.22,false,false,near_mint,en,EUR,2025-11-06T20:40:57.429Z
Bot Bashing Time,TMT,Teenage Mutant Ninja Turtles,85,normal,common,1,111552,08b3af61-d516-45ca-aede-2f50ba23cb07,0.03,false,false,near_mint,en,EUR,2026-03-06T23:49:55.809Z
Bounce Off,DFT,Aetherdrift,39,normal,common,2,103545,7b3c8dda-2405-4879-8dd1-e790a833c42d,0.12,false,false,near_mint,en,EUR,2025-04-20T23:27:12.695Z
Bounding Felidar,OTJ,Outlaws of Thunder Junction,5,normal,uncommon,1,93247,8925279f-c16a-43b4-b791-ce450157275b,0.11,false,false,near_mint,en,EUR,2025-10-27T10:57:33.331Z
"Braids, Arisen Nightmare",EOC,Edge of Eternities Commander,82,normal,rare,1,107212,f96223d0-04c4-40c2-87a9-0c6bc74adddb,2.53,false,false,near_mint,en,EUR,2025-08-06T14:50:32.528Z
Brambleback Brute,ECL,Lorwyn Eclipsed,128,normal,common,1,110754,5ebb8365-c6e1-46e8-a242-6aa27b21e68a,0.06,false,false,near_mint,en,EUR,2026-01-25T20:47:46.752Z
Branch of Vitu-Ghazi,MKM,Murders at Karlov Manor,258,normal,uncommon,1,90969,73a8169f-b858-47a5-9c76-2e7c50ad4ecd,0.08,false,false,near_mint,en,EUR,2025-04-20T23:27:12.695Z
Bridled Bighorn,OTJ,Outlaws of Thunder Junction,7,normal,common,1,93438,fa7bf089-fa9b-4ffc-bf84-45cd51c76463,0.06,false,false,near_mint,en,EUR,2025-10-27T10:57:33.331Z
Brightfield Glider,DFT,Aetherdrift,4,foil,common,1,103128,7eb819eb-ba5c-4449-87b5-3894380558bc,0.04,false,false,near_mint,en,EUR,2025-04-20T23:27:12.695Z
Brightfield Glider,DFT,Aetherdrift,4,normal,common,1,103128,7eb819eb-ba5c-4449-87b5-3894380558bc,0.02,false,false,near_mint,en,EUR,2025-04-20T23:27:12.695Z
Brightfield Mustang,DFT,Aetherdrift,5,normal,common,3,103227,b2c7cacc-f15e-46c1-9c25-b567bb3e8680,0.03,false,false,near_mint,en,EUR,2025-04-20T23:27:12.695Z
Brightspear Zealot,EOE,Edge of Eternities,8,normal,common,1,107782,e7f7541a-5910-4f33-8c1d-3507ce3a426e,0.13,false,false,near_mint,en,EUR,2025-08-01T19:16:32.510Z
Brigid's Command,ECL,Lorwyn Eclipsed,208,normal,rare,1,110843,cf034777-3da7-4d5c-9213-5e9d235c315a,0.02,false,false,near_mint,en,EUR,2026-01-25T20:47:46.763Z
Brilliance Unleashed,TMT,Teenage Mutant Ninja Turtles,141,normal,uncommon,1,111595,b7ab2110-5aad-46c9-8dc4-1eac24b6f46b,0.1,false,false,near_mint,en,EUR,2026-03-06T23:49:55.852Z
Brimstone Roundup,OTJ,Outlaws of Thunder Junction,115,normal,uncommon,1,93325,bd13011e-a4fc-4107-988f-60cfc851ecd3,0.07,false,false,near_mint,en,EUR,2025-10-27T10:57:33.331Z
Bristlepack Sentry,OTJ,Outlaws of Thunder Junction,156,normal,common,1,93201,6aea6702-16a8-4073-9c83-fbea20a5fd32,0.12,false,false,near_mint,en,EUR,2025-10-27T10:57:33.331Z
Broadcast Rambler,DFT,Aetherdrift,6,normal,common,2,103563,89ce2385-e33d-47b3-96c8-5a4672d9df7c,0.02,false,false,near_mint,en,EUR,2025-04-20T23:27:12.695Z
Broadcast Takeover,TMT,Teenage Mutant Ninja Turtles,86,normal,mythic,1,110956,e640e930-0907-40f2-9015-88f8c1e8ee5c,1.6,false,false,near_mint,en,EUR,2026-03-06T23:49:55.834Z
Broken Wings,DFT,Aetherdrift,156,foil,common,1,103441,1d7d5b71-7c1b-4fc2-a5ec-7285e17ffe0f,0.06,false,false,near_mint,en,EUR,2025-04-20T23:27:12.695Z
Broken Wings,DFT,Aetherdrift,156,normal,common,2,103441,1d7d5b71-7c1b-4fc2-a5ec-7285e17ffe0f,0.03,false,false,near_mint,en,EUR,2025-04-20T23:27:12.695Z
Broken Wings,FDN,Foundations,214,normal,common,3,100584,61f9cbeb-cc9c-4562-be65-8a77053faefe,0.05,false,false,near_mint,en,EUR,2025-04-20T23:27:12.695Z
Broodguard Elite,EOE,Edge of Eternities,175,normal,uncommon,1,106945,08b1d019-65ab-4dea-9076-041fd6338a35,0.15,false,false,near_mint,en,EUR,2025-08-01T19:16:32.510Z
Broodheart Engine,DFT,Aetherdrift,193,foil,uncommon,1,103667,ed09139b-a66e-4cd1-b45a-23a4648d3401,0.18,false,false,near_mint,en,EUR,2025-04-20T23:27:12.695Z
Broodheart Engine,DFT,Aetherdrift,193,normal,uncommon,2,103667,ed09139b-a66e-4cd1-b45a-23a4648d3401,0.13,false,false,near_mint,en,EUR,2025-04-20T23:27:12.695Z
Brush Off,SOS,Secrets of Strixhaven,39,normal,uncommon,1,112323,151eab82-d20f-433b-b3bb-1d44e2871d5c,0.08,false,false,near_mint,en,EUR,2026-05-08T10:13:36.515Z
Bucolic Ranch,OTJ,Outlaws of Thunder Junction,265,normal,uncommon,1,93202,6c4f6b81-53d0-49fb-b404-c2ad67de7493,0.06,false,false,near_mint,en,EUR,2025-10-27T10:57:33.331Z
Builder's Blessing,AVR,Avacyn Restored,8,normal,uncommon,2,18270,2ad27af1-b482-40d5-9dbb-11201ffa0410,0.14,false,false,near_mint,en,EUR,2025-04-20T23:27:12.695Z
Bulk Up,SOA,Secrets of Strixhaven Mystical Archive,40,normal,uncommon,1,112533,e86fcad5-8150-4a76-b27e-47a9f05745c1,0.02,false,false,near_mint,en,EUR,2026-05-08T10:13:36.541Z
Bumi Bash,TLA,Avatar: The Last Airbender,125,normal,common,2,109571,e8895479-26cb-4ee8-98ca-6d46c43f0dbd,0.06,false,false,near_mint,en,EUR,2025-11-26T15:34:18.488Z
"Bumi, King of Three Trials",TLA,Avatar: The Last Airbender,169,normal,uncommon,1,109758,a268697b-22b0-4e1b-a5b6-d9be95025e57,0.09,false,false,near_mint,en,EUR,2025-11-26T15:34:18.488Z
Burglar Rat,FDN,Foundations,170,normal,common,1,101608,de1c8758-ce3d-49cf-8173-c0eb46f5e7bc,0.07,false,false,near_mint,en,EUR,2025-04-20T23:27:12.695Z
Buried in the Garden,MKM,Murders at Karlov Manor,191,normal,uncommon,1,90999,7e144609-e1f6-4bdc-8d14-b735ef4140d3,0.12,false,false,near_mint,en,EUR,2025-04-20T23:27:12.695Z
Burner Rocket,DFT,Aetherdrift,114,normal,common,2,103665,ecee6509-1103-4ae5-a2e7-0441f5d4a872,0.08,false,false,near_mint,en,EUR,2025-04-20T23:27:12.695Z
Burning Curiosity,ECL,Lorwyn Eclipsed,129,normal,common,2,110521,689ed288-6228-4d7e-b198-56a12b8be299,0.06,false,false,near_mint,en,EUR,2026-01-25T20:47:46.683Z
Burrog Barrage,SOS,Secrets of Strixhaven,141,normal,common,2,112647,95d5b0a8-2b66-418e-9e5e-ecf7b304c31e,0.06,false,false,near_mint,en,EUR,2026-05-08T10:13:36.434Z
Burst Lightning,FDN,Foundations,192,normal,common,3,100994,aec5d380-d354-4750-931a-6c91853e2edc,0.15,false,false,near_mint,en,EUR,2025-04-20T23:27:12.695Z
Bushwhack,FDN,Foundations,215,normal,common,3,101469,03ebdb36-55e0-49dd-a514-785fbeb4ae19,0.09,false,false,near_mint,en,EUR,2025-04-20T23:27:12.695Z
Buzz Bots,TMT,Teenage Mutant Ninja Turtles,32,normal,common,1,111484,7c375190-f81b-4ab1-a1b6-fe432796821f,0.05,false,false,near_mint,en,EUR,2026-03-06T23:49:55.857Z
Buzzard-Wasp Colony,TLA,Avatar: The Last Airbender,88,normal,uncommon,1,108195,42d83229-0555-4361-8964-4b525c825843,0.07,false,false,near_mint,en,EUR,2025-11-26T15:34:18.488Z
Cabaretti Courtyard,EOC,Edge of Eternities Commander,151,normal,common,1,107154,c54ddd4e-f668-4ec8-b123-59afa977eba4,0.26,false,false,near_mint,en,EUR,2025-08-06T14:50:32.528Z
Cackling Prowler,FDN,Foundations,101,normal,common,1,101481,1bd8e971-c075-4203-8d83-c28f22d4f9b9,0.03,false,false,near_mint,en,EUR,2025-04-20T23:27:12.695Z
"Caelorna, Coral Tyrant",DFT,Aetherdrift,40,normal,uncommon,1,103657,e8654e38-4230-4094-b815-778bfb5d06f2,0.16,false,false,near_mint,en,EUR,2025-04-20T23:27:12.695Z
Calamity of Cinders,BLC,Bloomburrow Commander,23,normal,rare,1,96392,97c72d4b-a5d4-4f68-bbcd-b7ed0326fc1c,0.27,false,false,near_mint,en,EUR,2025-11-06T20:40:57.429Z
Call the Mountain Chocobo,FIN,Final Fantasy,131,normal,common,1,106633,b2e1986c-2852-4843-bdc4-eddb727ba3d4,0.05,false,false,near_mint,en,EUR,2025-06-18T14:09:45.764Z
Callous Inspector,TLA,Avatar: The Last Airbender,89,normal,common,2,109579,f22610e9-6b14-4914-bb67-bd6723bec9aa,0.08,false,false,near_mint,en,EUR,2025-11-26T15:34:18.488Z
Camera Launcher,DFT,Aetherdrift,232,normal,common,1,103580,968651db-92fb-46cd-acda-9e097668b7c9,0.03,false,false,near_mint,en,EUR,2025-04-20T23:27:12.695Z
Campus Guide,FDN,Foundations,251,normal,common,3,101504,43c59814-3167-4b05-bb85-6c736f3956a4,0.06,false,false,near_mint,en,EUR,2025-04-20T23:27:12.695Z
Cancel,M11,Magic 2011,48,normal,common,1,21341,6a6932af-c7e7-49e9-963e-97e680a53da5,0.11,false,false,near_mint,en,EUR,2025-04-20T23:27:12.695Z
Candlestick,MKM,Murders at Karlov Manor,43,normal,uncommon,1,90898,5aeae6fb-3834-4891-924e-3d1fb3e19e09,0.05,false,false,near_mint,en,EUR,2025-04-20T23:27:12.695Z
Canyon Crawler,TLA,Avatar: The Last Airbender,90,normal,common,1,109668,30a30bfb-f0f3-425b-b37d-20079ee27046,0.08,false,false,near_mint,en,EUR,2025-11-26T15:34:18.488Z
Canyon Slough,EOC,Edge of Eternities Commander,152,normal,rare,1,107029,5d89a57c-d982-4d1d-beca-14f156b8c3e7,0.16,false,false,near_mint,en,EUR,2025-08-06T14:50:32.528Z
"Caradora, Heart of Alacria",DFT,Aetherdrift,195,normal,rare,1,102918,1256d22d-a2a9-41fb-b669-0661ba230bc7,0.12,false,false,near_mint,en,EUR,2025-04-20T23:27:12.695Z
Cascade Bluffs,BLC,Bloomburrow Commander,297,normal,rare,1,96350,7acefadf-c856-455d-8647-7fa24c24b79b,0.69,false,false,near_mint,en,EUR,2025-11-06T20:40:57.429Z
Case File Auditor,MKM,Murders at Karlov Manor,7,normal,uncommon,1,90959,70a52038-9d1c-4be1-8dbe-6f0ee916ba94,0.04,false,false,near_mint,en,EUR,2025-04-20T23:27:12.695Z
Case of the Filched Falcon,MKM,Murders at Karlov Manor,44,normal,uncommon,1,90729,266be5bd-71ba-4511-8b71-d0b03885a28d,0.08,false,false,near_mint,en,EUR,2025-04-20T23:27:12.695Z
Case of the Shattered Pact,MKM,Murders at Karlov Manor,1,normal,uncommon,1,90745,2a70f0ae-d49b-4cc8-9f76-895039c3dc39,0.15,false,false,near_mint,en,EUR,2025-04-20T23:27:12.695Z
Case of the Uneaten Feast,MKM,Murders at Karlov Manor,10,normal,rare,1,91118,ac63941b-3f78-4bd3-8b05-ca12aaaa006c,0.52,false,false,near_mint,en,EUR,2025-04-20T23:27:12.695Z
Castle Ardenvale,BLC,Bloomburrow Commander,298,normal,rare,1,96470,d2b011b0-3e44-4796-bb0a-615e259184db,0.19,false,false,near_mint,en,EUR,2025-11-06T20:40:57.429Z
Cat Collector,FDN,Foundations,4,normal,uncommon,1,100507,526fe356-bff1-4211-9e88-bf913ac76b1d,0.13,false,false,near_mint,en,EUR,2025-04-20T23:27:12.695Z
Cathar Commando,FDN,Foundations,139,normal,common,1,100204,19cf024d-edb6-4a79-8676-73f8db0cdf1f,0.08,false,false,near_mint,en,EUR,2025-04-20T23:27:12.695Z
Catharsis,ECL,Lorwyn Eclipsed,209,normal,mythic,1,110818,affb4500-2704-49fc-bbb4-02ed4bfb3b76,0.02,false,false,near_mint,en,EUR,2026-01-25T20:47:46.703Z
Cathedral Sanctifier,AVR,Avacyn Restored,11,normal,common,2,18267,76cac47a-9e83-4039-8d80-fa9bdadb7527,0.14,false,false,near_mint,en,EUR,2025-04-20T23:27:12.695Z
Caught in the Crossfire,OTJ,Outlaws of Thunder Junction,117,normal,uncommon,1,93127,3a2fd0c4-509e-49c2-ad57-f772efcbc207,0.08,false,false,near_mint,en,EUR,2025-10-27T10:57:33.331Z
Caustic Exhale,TDM,Tarkir: Dragonstorm,74,normal,common,1,104284,488152ce-2048-4ccb-b2d6-b9628958286f,0.1,false,false,near_mint,en,EUR,2025-04-20T23:27:12.695Z
Cavern Stomper,LCI,The Lost Caverns of Ixalan,177,normal,common,2,88957,decdfd6b-55ab-47fd-9f98-1845261f1caf,0.02,false,false,near_mint,en,EUR,2025-06-16T17:24:56.249Z
Celestial Armor,FDN,Foundations,5,foil,rare,1,100742,809ee8ad-1573-49e5-9e84-b7cdd29efcae,0.37,false,false,near_mint,en,EUR,2025-04-20T23:27:12.695Z
Centaur Vinecrasher,EOC,Edge of Eternities Commander,94,normal,rare,1,107167,cf8712ba-574b-4e53-9c7e-0a1465116320,0.16,false,false,near_mint,en,EUR,2025-08-06T14:50:32.528Z
Cephalid Inkmage,FDN,Foundations,32,normal,uncommon,1,101040,b7e47680-18c7-4ffb-aac4-c5db6e7095ba,0.07,false,false,near_mint,en,EUR,2025-04-20T23:27:12.695Z
Cerebral Confiscation,MKM,Murders at Karlov Manor,81,normal,common,1,90804,3c3c3d15-b775-44a2-91ea-4abcc3cf2dba,0.1,false,false,near_mint,en,EUR,2025-06-16T17:24:56.249Z
Cerebral Download,EOE,Edge of Eternities,48,normal,uncommon,1,107429,4d3b5d73-694c-4f9a-8b4f-d8d8c58c8d65,0.15,false,false,near_mint,en,EUR,2025-08-01T19:16:32.510Z
Chained Throatseeker,NPH,New Phyrexia,30,normal,common,1,19855,3a7bb447-c2b0-429e-bf82-02d6a966fe73,0.14,false,false,near_mint,en,EUR,2025-04-20T23:27:12.695Z
Champion of Dusan,TDM,Tarkir: Dragonstorm,137,normal,common,1,105164,c51dcdab-38ee-4804-8859-09adc353c182,0.06,false,false,near_mint,en,EUR,2025-04-20T23:27:12.695Z
Champions of the Shoal,ECL,Lorwyn Eclipsed,46,normal,rare,1,110853,e1acdd9c-4a6d-4373-950c-f5539b54679f,0.02,false,false,near_mint,en,EUR,2026-01-25T20:47:46.688Z
"Chandra, Spark Hunter",DFT,Aetherdrift,116,normal,mythic,1,102916,11f9b98e-48a1-491e-bdab-6e94e4ec747a,4.42,false,false,near_mint,en,EUR,2025-04-20T23:27:12.695Z
Changeling Wayfinder,ECL,Lorwyn Eclipsed,1,normal,common,1,110764,6c6061aa-a4da-4115-85b6-d0aa22f2386c,0.08,false,false,near_mint,en,EUR,2026-01-25T20:47:46.738Z
Channeled Dragonfire,TDM,Tarkir: Dragonstorm,102,normal,uncommon,1,104499,24204881-690c-4043-8771-20cb93385072,0.12,false,false,near_mint,en,EUR,2025-04-20T23:27:12.695Z
Chaos Spewer,ECL,Lorwyn Eclipsed,210,normal,common,1,110599,b5918fa5-1d13-447b-8838-633b6b61e791,0.08,false,false,near_mint,en,EUR,2026-01-25T20:47:46.678Z
Char-Rumbler,FUT,Future Sight,96,normal,uncommon,1,26241,ae256118-3a7c-4b6e-b716-ba1ddfb4fb85,0.1,false,false,near_mint,en,EUR,2025-06-16T17:24:56.249Z
Charging Strifeknight,SOS,Secrets of Strixhaven,110,normal,uncommon,1,112652,9940d992-1ba1-40ec-9b93-17d773452c4b,0.04,false,false,near_mint,en,EUR,2026-05-08T10:13:36.530Z
Chart a Course,BLC,Bloomburrow Commander,110,normal,uncommon,1,96427,b005b866-b83c-4413-9db7-465f614a4029,0.17,false,false,near_mint,en,EUR,2025-11-06T20:40:57.429Z
Chase Inspiration,SOS,Secrets of Strixhaven,41,normal,common,1,112562,06f9f257-c7ef-44b7-8b2b-f038fba900af,0.04,false,false,near_mint,en,EUR,2026-05-08T10:13:36.549Z
Cheerful Osteomancer // Raise Dead,SOS,Secrets of Strixhaven,76,normal,common,1,112596,3c34660c-25e3-4ff5-9b2b-5554ded2bcc3,0.1,false,false,near_mint,en,EUR,2026-05-08T10:13:36.506Z
Cheering Crowd,SPM,Marvel's Spider-Man,126,normal,rare,1,108524,5fbce72f-e9a1-4d9f-b9b3-24dbafeef841,0.02,false,false,near_mint,en,EUR,2025-09-30T23:51:40.191Z
Chitinous Graspling,ECL,Lorwyn Eclipsed,211,normal,common,1,110810,a9767360-d536-4902-9d2d-1f3474ce89d6,0.06,false,false,near_mint,en,EUR,2026-01-25T20:47:46.768Z
"Choco, Seeker of Paradise",FIN,Final Fantasy,215,normal,rare,2,106273,409c305a-52dc-4538-8e72-efcd568eaf49,0.02,false,false,near_mint,en,EUR,2025-06-18T14:09:45.764Z
Choco-Comet,FIN,Final Fantasy,132,normal,uncommon,1,106592,8d8d3903-a7f4-4cd8-8d29-b4a173e4fbb2,0.08,false,false,near_mint,en,EUR,2025-06-18T14:09:45.764Z
Chocobo Kick,FIN,Final Fantasy,178,normal,common,1,106698,ff8c8be0-8223-499c-8704-cb68e0a42ce2,0.09,false,false,near_mint,en,EUR,2025-06-18T14:09:45.764Z
Choreographed Sparks,SOS,Secrets of Strixhaven,111,normal,rare,1,112564,0cda4235-4dce-48fe-a8a5-2a952dedbe25,0.02,false,false,near_mint,en,EUR,2026-05-08T10:13:36.425Z
Chrome Companion,EOE,Edge of Eternities,236,normal,common,2,107088,8ef269a0-1cb9-4901-81e6-43db3ae3756c,0.13,false,false,near_mint,en,EUR,2025-08-01T19:16:32.510Z
Cinder Glade,EOC,Edge of Eternities Commander,154,normal,rare,1,107062,7865ae5f-cfd9-4913-bcf5-aadbd6824e65,0.16,false,false,near_mint,en,EUR,2025-08-06T14:50:32.528Z
Cinder Strike,ECL,Lorwyn Eclipsed,131,normal,common,2,110767,6fb6faa4-236c-4cae-9140-0981c44d2392,0.07,false,false,near_mint,en,EUR,2026-01-25T20:47:46.695Z
Circuit Mender,BLC,Bloomburrow Commander,267,normal,uncommon,1,96505,e572c156-3b1b-4b89-b9aa-5992aaa01d4c,0.19,false,false,near_mint,en,EUR,2025-11-06T20:40:57.429Z
City Pigeon,SPM,Marvel's Spider-Man,4,normal,common,1,108442,56d67fb4-5b23-432c-9ffb-39545035c117,0.07,false,false,near_mint,en,EUR,2025-09-30T23:51:40.191Z
Claim the Precious,LTR,The Lord of the Rings: Tales of Middle-earth,81,normal,common,1,82862,121c12c4-83ea-463e-8fdf-30718968a2bd,0.1,false,false,near_mint,en,EUR,2026-04-19T14:28:02.874Z
Clamorous Ironclad,DFT,Aetherdrift,117,normal,common,2,103013,4701da52-b9c8-4ce9-9d57-53e10899f19d,0.07,false,false,near_mint,en,EUR,2025-04-20T23:27:12.695Z
Clifftop Retreat,BLC,Bloomburrow Commander,300,normal,rare,1,96265,42ca7627-965e-4594-a871-d8d137d6b9a9,0.43,false,false,near_mint,en,EUR,2025-11-06T20:40:57.429Z
Clinquant Skymage,FDN,Foundations,33,normal,uncommon,1,100357,36012810-0e83-4640-8ba7-7262229f1b84,0.12,false,false,near_mint,en,EUR,2025-04-20T23:27:12.695Z
Cloudblazer,BLC,Bloomburrow Commander,249,normal,uncommon,1,96154,0a346703-7ba4-4a4e-af14-7d4d1022ea93,0.17,false,false,near_mint,en,EUR,2025-11-06T20:40:57.429Z
Cloudbound Moogle,FIN,Final Fantasy,11,normal,common,1,106283,7387bca7-f496-45da-a0ac-6be049303a8f,0.08,false,false,near_mint,en,EUR,2025-06-18T14:09:45.764Z
Cloudsculpt Technician,EOE,Edge of Eternities,49,normal,common,2,107718,51077a54-15cf-4088-8e84-088d72e8e861,0.11,false,false,near_mint,en,EUR,2025-08-01T19:16:32.510Z
Cloudspire Coordinator,DFT,Aetherdrift,196,normal,uncommon,1,103344,eef16cda-9150-4e7d-8490-d9f287b81b62,0.08,false,false,near_mint,en,EUR,2025-04-20T23:27:12.695Z
Coalstoke Gearhulk,PDFT,Aetherdrift Promos,198s,foil,mythic,1,103816,000bd10e-0237-4e58-b260-313452c6c6f4,4.88,false,false,near_mint,en,EUR,2025-04-20T23:27:12.695Z
Codecracker Hound,EOE,Edge of Eternities,50,normal,uncommon,1,107598,6723b891-6013-4ec6-b439-2233d270dc48,0.1,false,false,near_mint,en,EUR,2025-08-01T19:16:32.510Z
Coerced to Kill,MKM,Murders at Karlov Manor,192,normal,uncommon,1,90759,2dc9f352-5076-4b5f-9815-cf47abb63d5b,0.09,false,false,near_mint,en,EUR,2025-04-20T23:27:12.695Z
Cold Case Cracker,MKM,Murders at Karlov Manor,46,normal,common,1,91300,f082111b-9b1c-4a25-8c5d-d6ef77533a9b,0.1,false,false,near_mint,en,EUR,2025-04-20T23:27:12.695Z
Coliseum Behemoth,FIN,Final Fantasy,181,normal,uncommon,1,106594,900206f1-7dd6-4db9-a430-73e560fd196b,0.02,false,false,near_mint,en,EUR,2025-06-18T14:09:45.764Z
Collision Course,DFT,Aetherdrift,10,normal,common,1,103526,6b60da34-b622-42de-a249-79545bcbf30d,0.07,false,false,near_mint,en,EUR,2025-04-20T23:27:12.695Z
Combat Celebrant,BLC,Bloomburrow Commander,194,normal,mythic,1,96261,3e611db6-0819-487c-bc05-17c92d79c75b,0.56,false,false,near_mint,en,EUR,2025-11-06T20:40:57.429Z
Combat Tutorial,FIN,Final Fantasy,48,normal,common,1,106679,ec195607-ac30-4931-acfd-f9d8ac8b047f,0.06,false,false,near_mint,en,EUR,2025-06-18T14:09:45.764Z
Combustion Technique,TLA,Avatar: The Last Airbender,301,normal,uncommon,1,109641,17d97052-e153-42d8-beb6-6d85815c9b59,0.2,false,false,near_mint,en,EUR,2025-11-26T15:34:18.488Z
Comet Crawler,EOE,Edge of Eternities,92,normal,common,1,107766,becca990-ab2e-4aa4-be7d-293ec727cb08,0.14,false,false,near_mint,en,EUR,2025-08-02T12:05:52.876Z
Command Bridge,EOE,Edge of Eternities,252,normal,common,2,106926,247670d2-a7cd-4ed7-9c77-704c7962b815,0.13,false,false,near_mint,en,EUR,2025-08-01T19:16:32.510Z
Command Tower,BLC,Bloomburrow Commander,130,normal,common,1,96318,63a39996-48b7-42bb-9759-a42382ee0468,0.24,false,false,near_mint,en,EUR,2025-11-06T20:40:57.429Z
Command Tower,EOC,Edge of Eternities Commander,59,normal,common,1,107080,85eb4b03-305b-45a4-82e5-5fcd586cc744,0.2,false,false,near_mint,en,EUR,2025-08-06T14:50:32.528Z
Command Tower,FDC,Foundations Commander,3,foil,common,1,100615,667b6c3b-75cc-4adf-b205-80925ca76d2a,1.11,false,false,near_mint,en,EUR,2025-04-20T23:27:12.695Z
Common Crook,SPM,Marvel's Spider-Man,53,normal,common,1,108535,6f5872df-e692-44aa-b18d-22447f5f274c,0.06,false,false,near_mint,en,EUR,2025-09-30T23:51:40.191Z
Commune with Beavers,FIN,Final Fantasy,182,normal,common,1,105641,784287c2-43c5-4210-93ae-cdd33b9acb1b,0.1,false,false,near_mint,en,EUR,2025-06-18T14:09:45.764Z
Compassionate Healer,TLA,Avatar: The Last Airbender,13,normal,common,1,109483,88d5f8fd-d4de-4e64-9b74-e53719ffbcdc,0.07,false,false,near_mint,en,EUR,2025-11-26T15:34:18.488Z
Concealed Courtyard,OTJ,Outlaws of Thunder Junction,268,normal,rare,1,93318,b75df1f0-0513-40e4-a449-454f75de6434,1.55,false,false,near_mint,en,EUR,2025-10-27T10:57:33.331Z
Conciliator's Duelist,SOS,Secrets of Strixhaven,182,normal,rare,1,111758,e225929b-6197-4550-969e-3c4a97206a68,0.02,false,false,near_mint,en,EUR,2026-05-08T10:13:36.511Z
Consuming Ashes,OTJ,Outlaws of Thunder Junction,83,normal,common,2,93165,54f96be9-60fc-4e2f-9172-4cc53c9a095a,0.03,false,false,near_mint,en,EUR,2025-10-27T10:57:33.331Z
Controlled Instincts,CON,Conflux,23,normal,uncommon,1,23706,b04e58e8-cb01-49b0-89b7-26536eb44e97,0.03,false,false,near_mint,en,EUR,2025-06-16T17:24:56.249Z
Copper Carapace,MBS,Mirrodin Besieged,102,normal,common,1,20039,60ccb013-4641-400f-a035-86030ac55582,0.02,false,false,near_mint,en,EUR,2025-04-20T23:27:12.695Z
Copy,TSOS,Secrets of Strixhaven Tokens,1,normal,common,1,112610,4e119457-948d-4ef8-8c27-59fa675f766f,,false,false,near_mint,en,EUR,2026-07-20T10:08:18.036Z
Copy,TTLA,Avatar: The Last Airbender Tokens,1,normal,common,1,109938,2b3d7795-3fc3-4b78-bdf4-0a79981f1eee,,false,false,near_mint,en,EUR,2025-11-26T15:34:18.488Z
Cori Mountain Monastery,TDM,Tarkir: Dragonstorm,252,normal,rare,1,104810,9312821a-2059-4f44-9b20-c9522b827e38,0.02,false,false,near_mint,en,EUR,2025-04-20T23:27:12.695Z
Cori Mountain Stalwart,TDM,Tarkir: Dragonstorm,175,normal,uncommon,1,104902,b6cbf54e-f30e-4e7b-b17c-217fa424971c,0.09,false,false,near_mint,en,EUR,2025-04-20T23:27:12.695Z
Corrupted Conviction,OTJ,Outlaws of Thunder Junction,84,normal,common,1,93235,8046f892-3317-4ef7-9cf7-97b9060540c8,0.25,false,false,near_mint,en,EUR,2025-10-27T10:57:33.331Z
Cost of Brilliance,SOS,Secrets of Strixhaven,77,normal,common,1,112594,3a46816b-9f75-4c72-9ec6-cded6a4a0d01,0.02,false,false,near_mint,en,EUR,2026-05-08T10:13:36.463Z
Council's Deliberation,LTR,The Lord of the Rings: Tales of Middle-earth,46,normal,uncommon,1,83142,651503a2-5d1e-408a-9cdc-0cee05ab3ef0,0.09,false,false,near_mint,en,EUR,2026-04-19T14:28:02.871Z
Courageous Goblin,FDN,Foundations,82,normal,common,2,101566,8db6819c-666a-409d-85a5-b9ac34d8dd2f,0.04,false,false,near_mint,en,EUR,2025-04-20T23:27:12.695Z
Crackling Cyclops,FDN,Foundations,83,normal,common,4,101541,6e5b899a-52f7-471b-ad50-4fa6566758fd,0.12,false,false,near_mint,en,EUR,2025-04-20T23:27:12.695Z
Crash and Burn,DFT,Aetherdrift,119,normal,common,1,103467,339a41a1-b36f-4b81-b74c-220d279c0e26,0.06,false,false,near_mint,en,EUR,2025-04-20T23:27:12.695Z
Crossroads Village,FIN,Final Fantasy,276,normal,common,1,106561,64db46d4-f91f-49cc-971c-b8e19f0c4ea9,0.08,false,false,near_mint,en,EUR,2025-06-18T14:09:45.764Z
Crossroads Watcher,ECL,Lorwyn Eclipsed,173,normal,common,1,110359,6d62fcbb-f1a0-46ce-a4af-2a33bcc3ac8e,0.05,false,false,near_mint,en,EUR,2026-01-25T20:47:46.755Z
Crowd-Control Warden,MKM,Murders at Karlov Manor,193,normal,common,1,91215,cdf0578f-4966-4ecd-81e1-83ae13126f13,0.08,false,false,near_mint,en,EUR,2025-06-16T17:24:56.249Z
Cruel Truths,TDM,Tarkir: Dragonstorm,76,normal,common,1,104308,6852b4d5-74e0-44ba-ba44-20aa91e3c4c8,0.06,false,false,near_mint,en,EUR,2025-04-20T23:27:12.695Z
Crustacean Commando,TMT,Teenage Mutant Ninja Turtles,33,normal,common,2,111496,9528cc07-df4b-417f-ad65-c2fae6fc2d49,0.04,false,false,near_mint,en,EUR,2026-03-06T23:49:55.787Z
Cryogen Relic,EOE,Edge of Eternities,52,normal,common,3,107466,7bfb33b6-e2bf-498f-8c58-ae21a840cf75,0.62,false,false,near_mint,en,EUR,2025-08-01T19:16:32.510Z
Cryoshatter,EOE,Edge of Eternities,53,normal,common,1,107738,7b62b1e2-9e43-4a66-a647-7e5de2871f2a,0.14,false,false,near_mint,en,EUR,2025-08-02T12:05:52.876Z
Crypt Feaster,FDN,Foundations,59,normal,common,2,100382,3b072811-998a-4a71-b59c-6afecc0dc4b6,0.02,false,false,near_mint,en,EUR,2025-04-20T23:27:12.695Z
Cuboid Colony,SOS,Secrets of Strixhaven,183,normal,uncommon,1,111705,6384d135-7780-4d75-9e95-71bce506948e,0.02,false,false,near_mint,en,EUR,2026-05-08T10:13:36.500Z
Cultivate,EOC,Edge of Eternities Commander,95,normal,common,1,107071,7ee610ee-7711-4a6b-b441-d6c73e6ef2b4,0.48,false,false,near_mint,en,EUR,2025-08-06T14:50:32.528Z
Culvert Ambusher,MKM,Murders at Karlov Manor,158,normal,uncommon,1,90756,2ccdc58b-1e7e-402c-88f9-c789ff1dae31,0.07,false,false,near_mint,en,EUR,2025-04-20T23:27:12.695Z
Cunning Coyote,OTJ,Outlaws of Thunder Junction,118,normal,uncommon,1,93176,5b4ac6ea-c67b-4f90-be4f-aa25882f5794,0.17,false,false,near_mint,en,EUR,2025-10-27T10:57:33.331Z
Curiosity Crafter,BLC,Bloomburrow Commander,165,normal,rare,1,96244,34473117-ede4-492d-bdd1-e89818cfbf5c,1.13,false,false,near_mint,en,EUR,2025-11-06T20:40:57.429Z
Curious Cadaver,MKM,Murders at Karlov Manor,194,normal,uncommon,1,90737,2893aef8-835d-4935-b532-d8670585e489,0.05,false,false,near_mint,en,EUR,2025-04-20T23:27:12.695Z
Curious Inquiry,MKM,Murders at Karlov Manor,51,normal,uncommon,1,90896,5a3603c6-92df-45c7-b402-1f0a552ea398,0.1,false,false,near_mint,en,EUR,2025-04-20T23:27:12.695Z
Cursecloth Wrappings,DFT,Aetherdrift,81,normal,rare,2,103287,d5803b32-4a81-46c2-9b10-3198a709611d,0.34,false,false,near_mint,en,EUR,2025-04-20T23:27:12.695Z
Cut a Deal,BLC,Bloomburrow Commander,105,normal,uncommon,1,96213,27a233b3-aeb3-4bc4-8c81-fcca514c3eb5,0.2,false,false,near_mint,en,EUR,2025-11-06T20:40:57.429Z
Cycle of Renewal,TLA,Avatar: The Last Airbender,170,normal,common,1,109398,233f4a05-057b-48f4-8f56-8d4a060a40e4,0.11,false,false,near_mint,en,EUR,2025-11-26T15:34:18.488Z
Daily Bugle Reporters,SPM,Marvel's Spider-Man,6,normal,common,1,107633,530dbeb0-b0cd-473e-a43e-7b23c88650a3,0.05,false,false,near_mint,en,EUR,2025-09-30T23:51:40.191Z
Dakmor Salvage,EOC,Edge of Eternities Commander,156,normal,uncommon,1,107057,72474b66-1dda-409d-8703-b026c1777081,0.19,false,false,near_mint,en,EUR,2025-08-06T14:50:32.528Z
Damage Control Crew,SPM,Marvel's Spider-Man,99,normal,uncommon,1,108565,ad2cab87-691d-44fe-ab2f-33760b1feb0f,0.07,false,false,near_mint,en,EUR,2025-09-30T23:51:40.191Z
Dance of the Tumbleweeds,OTJ,Outlaws of Thunder Junction,160,normal,common,1,93345,caf0e715-befb-4904-82e6-d3f8c7fbd454,0.1,false,false,near_mint,en,EUR,2025-10-27T10:57:33.331Z
Daring Mechanic,DFT,Aetherdrift,11,normal,common,2,103466,3382552c-2740-409a-83a1-80b60627beb8,0.03,false,false,near_mint,en,EUR,2025-04-20T23:27:12.695Z
Daring Thunder-Thief,OTJ,Outlaws of Thunder Junction,41,normal,common,1,93310,b41a2bf7-248c-4f8b-92ec-3010d276cb59,0.03,false,false,near_mint,en,EUR,2025-10-27T10:57:33.331Z
Dark Endurance,EOE,Edge of Eternities,93,normal,common,2,107790,fac87b49-a0cd-42d5-b30a-efc6d5526fc3,0.07,false,false,near_mint,en,EUR,2025-08-01T19:16:32.510Z
Dark Knight's Greatsword,FIN,Final Fantasy,95,normal,uncommon,1,106634,b50dcc7c-260f-4d8c-9a9e-9244ec23a91e,0.02,false,false,near_mint,en,EUR,2025-06-18T14:09:45.764Z
Dark Maze,HML,Homelands,25b,normal,common,1,39270,d3d68a76-c843-4c67-90a7-2f79295798d0,0.08,false,false,near_mint,en,EUR,2025-06-16T17:24:56.249Z
Dauntless Scrapbot,EOE,Edge of Eternities,237,normal,uncommon,1,107374,0efe5342-42b7-4f49-b4b4-d77055508c4d,0.18,false,false,near_mint,en,EUR,2025-08-01T19:16:32.510Z
Dauntless Veteran,FDN,Foundations,8,normal,uncommon,1,100704,7a136f26-ac66-407f-b389-357222d2c4a2,0.06,false,false,near_mint,en,EUR,2025-04-20T23:27:12.695Z
Dawn's Light Archer,ECL,Lorwyn Eclipsed,174,normal,common,1,110771,76e80656-6bcb-4d99-8bd2-ca5f75f40daf,0.05,false,false,near_mint,en,EUR,2026-01-25T20:47:46.785Z
Dawn-Blessed Pennant,ECL,Lorwyn Eclipsed,254,normal,uncommon,1,110312,294266b6-0343-4fa5-90b8-0adf7df490e4,0.02,false,false,near_mint,en,EUR,2026-01-25T20:47:46.794Z
Dawnstrike Vanguard,EOE,Edge of Eternities,10,normal,uncommon,1,107723,5a041722-9483-469f-9c17-7f0253b0db50,0.14,false,false,near_mint,en,EUR,2025-08-01T19:16:32.510Z
Day of Judgment,FDN,Foundations,140,normal,rare,1,95585,96e84bdc-8a9a-4c58-ba8b-9f052fd60069,0.72,false,false,near_mint,en,EUR,2025-04-20T23:27:12.695Z
Daydream,SOS,Secrets of Strixhaven,9,normal,uncommon,1,112304,e2b16cb2-b8b2-45df-9695-3c16e9d89e28,0.13,false,false,near_mint,en,EUR,2026-05-08T10:13:36.516Z
Dazzling Angel,FDN,Foundations,9,normal,common,1,101468,027dc444-e544-4693-8653-3dcdda530162,0.09,false,false,near_mint,en,EUR,2025-04-20T23:27:12.695Z
Deadeye Duelist,OTJ,Outlaws of Thunder Junction,119,normal,common,1,93403,e9a50b7a-8741-4520-8d45-8e6b128c2628,0.02,false,false,near_mint,en,EUR,2025-10-27T10:57:33.331Z
Deadly Dispute,FCA,Final Fantasy: Through the Ages,33,normal,uncommon,1,106355,a4e0b297-6d33-4e2b-b497-aa952dcf2141,0.02,false,false,near_mint,en,EUR,2025-06-18T14:09:45.764Z
Deadly Precision,TLA,Avatar: The Last Airbender,95,normal,common,1,109422,4661daf6-d960-4278-8946-70948efaf99d,0.07,false,false,near_mint,en,EUR,2025-11-26T15:34:18.488Z
Deathless Pilot,DFT,Aetherdrift,82,normal,common,1,103655,e704fb95-17b7-432a-831c-18abe7d9cc73,0.08,false,false,near_mint,en,EUR,2025-04-20T23:27:12.695Z
Debris Field Crusher,EOE,Edge of Eternities,131,normal,uncommon,1,107197,ea713f35-6442-4388-8839-2714374fb4b6,0.12,false,false,near_mint,en,EUR,2025-08-01T19:16:32.510Z
Decisive Denial,OTP,Breaking News,42,normal,uncommon,1,93164,54ee0802-62c1-46ac-907e-82ace59fbddb,0.1,false,false,near_mint,en,EUR,2025-10-27T10:57:33.331Z
Decode Transmissions,EOE,Edge of Eternities,94,normal,common,2,107166,cecb4936-14ca-49f9-b209-6519cab54b30,0.09,false,false,near_mint,en,EUR,2025-08-01T19:16:32.510Z
Deduce,MKM,Murders at Karlov Manor,52,normal,common,1,90996,7cbb17af-e17e-438a-ad72-0c942e6706b6,0.06,false,false,near_mint,en,EUR,2025-04-20T23:27:12.695Z
Deduce,SOA,Secrets of Strixhaven Mystical Archive,16,normal,uncommon,1,111808,a6813cd2-7151-459a-a2f1-52808584de53,0.06,false,false,near_mint,en,EUR,2026-05-08T10:13:36.439Z
Deepchannel Duelist,ECL,Lorwyn Eclipsed,333,normal,uncommon,1,110685,0fe0730e-a549-427d-99be-68d6fded5ac5,0.35,false,false,near_mint,en,EUR,2026-01-25T20:47:46.781Z
Deepmuck Desperado,OTJ,Outlaws of Thunder Junction,42,normal,uncommon,1,93435,f95ee726-7465-40f8-a954-19b19e636c12,0.11,false,false,near_mint,en,EUR,2025-10-27T10:57:33.331Z
Defang,AVR,Avacyn Restored,15,normal,common,2,18263,f12fee0b-c237-4188-a718-1572f72c63ba,0.04,false,false,near_mint,en,EUR,2025-04-20T23:27:12.695Z
Defend the Rider,DFT,Aetherdrift,157,normal,uncommon,1,103057,59ed23a2-6153-47b2-ab73-062195cafb74,0.4,false,false,near_mint,en,EUR,2025-04-20T23:27:12.695Z
Defenestrated Phantom,MKM,Murders at Karlov Manor,11,normal,common,1,91037,8b284304-c3bf-4413-9fd3-b44eb4eb642a,0.03,false,false,near_mint,en,EUR,2025-04-20T23:27:12.695Z
Defibrillating Current,TDM,Tarkir: Dragonstorm,177,normal,uncommon,1,104925,bf3a18cf-03db-4eb0-8d53-0c1a71e184da,0.02,false,false,near_mint,en,EUR,2025-04-20T23:27:12.695Z
Defy Death,AVR,Avacyn Restored,16,normal,uncommon,1,18262,028028d7-80ff-4d63-8b84-795f257a3456,0.21,false,false,near_mint,en,EUR,2025-04-20T23:27:12.695Z
Delta Bloodflies,TDM,Tarkir: Dragonstorm,77,normal,common,1,104457,119bb72d-aed9-47dc-9285-7bc836cc3776,0.02,false,false,near_mint,en,EUR,2025-04-20T23:27:12.695Z
Deluge Virtuoso,SOS,Secrets of Strixhaven,42,normal,common,1,112222,2e3b16ed-8727-48fd-8b1f-c0cbd329385e,0.02,false,false,near_mint,en,EUR,2026-05-08T10:13:36.534Z
Demand Answers,MKM,Murders at Karlov Manor,122,normal,common,1,91286,eca092fc-7c67-4a73-989e-5297bbaaea76,0.29,false,false,near_mint,en,EUR,2025-04-20T23:27:12.695Z
Demand Answers,MKM,Murders at Karlov Manor,306,normal,common,1,90744,2a35d1cb-5a61-49b7-a124-e8713655e4c3,0.33,false,false,near_mint,en,EUR,2025-06-16T17:24:56.249Z
Dementia Bat,NPH,New Phyrexia,55,normal,common,1,19830,72ae22c3-2dea-463e-894a-188657849909,0.14,false,false,near_mint,en,EUR,2025-04-20T23:27:12.695Z
Demonic Junker,DFT,Aetherdrift,83,normal,rare,1,103024,4aad569e-4acb-4416-9d4f-64e6991de3ed,0.42,false,false,near_mint,en,EUR,2025-04-20T23:27:12.695Z
Depressurize,EOE,Edge of Eternities,95,normal,common,1,107697,25520d5a-1a83-42cc-8ace-8b1156019d64,0.15,false,false,near_mint,en,EUR,2025-08-01T19:16:32.510Z
Descendant of Storms,TDM,Tarkir: Dragonstorm,8,normal,uncommon,1,105056,f632be90-9e7f-41f8-a52e-a2952354d730,0.11,false,false,near_mint,en,EUR,2025-04-20T23:27:12.695Z
Deserter's Disciple,TLA,Avatar: The Last Airbender,131,normal,common,2,108164,14f2ed5a-042b-4cce-82ad-cfb4bd511d98,0.06,false,false,near_mint,en,EUR,2025-11-26T15:34:18.488Z
Desperate Bloodseeker,OTJ,Outlaws of Thunder Junction,86,normal,common,1,93295,a59da027-b5dd-4920-b3a1-9da05fcb1977,0.08,false,false,near_mint,en,EUR,2025-10-27T10:57:33.331Z
Desperate Measures,TDM,Tarkir: Dragonstorm,78,normal,uncommon,1,104959,ccbc6fd0-42bc-4e8b-96bc-69a631ba7106,0.05,false,false,near_mint,en,EUR,2025-04-20T23:27:12.695Z
Detention Chariot,DFT,Aetherdrift,12,normal,uncommon,1,103541,75d5e64f-7af2-4cb4-abd1-23992e346bee,0.06,false,false,near_mint,en,EUR,2025-04-20T23:27:12.695Z
Devilish Valet,BLC,Bloomburrow Commander,195,normal,rare,1,96393,991eca84-5562-40e1-bc63-12dc469779b6,0.17,false,false,near_mint,en,EUR,2025-11-06T20:40:57.429Z
Dig Site Inventory,SOS,Secrets of Strixhaven,10,normal,common,1,112707,e52464ee-df8b-41ec-af93-4b0eb004383e,0.1,false,false,near_mint,en,EUR,2026-05-08T10:13:36.552Z
Dimension X,TMT,Teenage Mutant Ninja Turtles,183,normal,common,1,111558,1c244fc2-70f0-4149-b0d2-d49fc6bac2b0,0.05,false,false,near_mint,en,EUR,2026-03-06T23:49:55.846Z
Dimensional Exile,TMT,Teenage Mutant Ninja Turtles,4,normal,uncommon,1,111349,be8d96fb-a1be-4fff-b844-e38d185884e1,0.12,false,false,near_mint,en,EUR,2026-03-06T23:49:55.851Z
Diplomatic Relations,EOE,Edge of Eternities,177,normal,common,1,107778,e0a104c5-61fb-4733-97ab-a31a15a49443,0.14,false,false,near_mint,en,EUR,2025-08-01T19:16:32.510Z
Dirgur Island Dragon // Skimming Strike,TDM,Tarkir: Dragonstorm,40,normal,common,1,104342,b1d21a9a-6b0c-4fbc-a427-81be885d326b,0.04,false,false,near_mint,en,EUR,2025-04-20T23:27:12.695Z
Dismal Backwater,FDN,Foundations,261,foil,common,1,101220,dbb0df36-8467-4a41-8e1c-6c3584d4fd10,0.05,false,false,near_mint,en,EUR,2025-04-20T23:27:12.695Z
Dismal Backwater,FDN,Foundations,261,normal,common,1,101220,dbb0df36-8467-4a41-8e1c-6c3584d4fd10,0.09,false,false,near_mint,en,EUR,2025-04-20T23:27:12.695Z
Dismal Backwater,TDM,Tarkir: Dragonstorm,254,normal,common,1,104238,082b52c9-c46e-44d3-b723-546ba528e07b,0.02,false,false,near_mint,en,EUR,2025-04-20T23:27:12.695Z
Dispelling Exhale,TDM,Tarkir: Dragonstorm,41,foil,common,1,104477,1c9af3f1-711e-42ae-803a-1100eba3fb13,0.23,false,false,near_mint,en,EUR,2025-04-20T23:27:12.695Z
Dispelling Exhale,TDM,Tarkir: Dragonstorm,41,normal,common,1,104477,1c9af3f1-711e-42ae-803a-1100eba3fb13,0.12,false,false,near_mint,en,EUR,2025-04-20T23:27:12.695Z
Disturbed Slumber,LCI,The Lost Caverns of Ixalan,182,normal,common,1,88441,4404b8d6-3673-4d82-b9ed-d28e9b54e1f6,0.03,false,false,near_mint,en,EUR,2025-06-16T17:24:56.249Z
Diversion Unit,DFT,Aetherdrift,41,normal,uncommon,1,103652,e04d4fa6-1fa3-4bfd-a462-47c23ccf9124,0.18,false,false,near_mint,en,EUR,2025-04-20T23:27:12.695Z
Divert Disaster,EOE,Edge of Eternities,55,normal,common,2,107770,c5f7d2fe-628b-4493-8281-0e5f91ce5d61,0.14,false,false,near_mint,en,EUR,2025-08-01T19:16:32.510Z
Divine Resilience,FDN,Foundations,10,normal,uncommon,1,101347,f3a08245-a535-4d24-b8c0-78759bb9c4b0,0.2,false,false,near_mint,en,EUR,2025-04-20T23:27:12.695Z
Djinn of Fool's Fall,OTJ,Outlaws of Thunder Junction,43,normal,common,1,93146,48bfc6af-c651-485e-a1cc-f9d00aeaf812,0.05,false,false,near_mint,en,EUR,2025-10-27T10:57:33.331Z
Doc Ock's Henchmen,SPM,Marvel's Spider-Man,30,normal,common,1,107659,a383c442-3f4a-4115-97e4-23f0eb88465b,0.06,false,false,near_mint,en,EUR,2025-09-30T23:51:40.191Z
"Doc Ock, Sinister Scientist",SPM,Marvel's Spider-Man,29,normal,common,2,107678,de16ad65-c8c3-48c0-9d13-5af91b4e6f01,0.07,false,false,near_mint,en,EUR,2025-09-30T23:51:40.191Z
Dockworker Drone,EOE,Edge of Eternities,11,normal,common,2,107784,eeff069f-427b-42ad-afb1-36f0e547fb74,0.11,false,false,near_mint,en,EUR,2025-08-01T19:16:32.510Z
Dog Walker,MKM,Murders at Karlov Manor,197,normal,common,3,91102,a6e0adb7-a030-4dcc-9284-cd91c7598a22,0.04,false,false,near_mint,en,EUR,2025-04-20T23:27:12.695Z
"Donatello, Turtle Techie",TMT,Teenage Mutant Ninja Turtles,37,normal,common,2,111475,683cfef0-f164-4db8-b83f-79eb804e50ae,0.04,false,false,near_mint,en,EUR,2026-03-06T23:49:55.775Z
Doors of Durin,LTR,The Lord of the Rings: Tales of Middle-earth,199,normal,rare,1,83285,8ebd8813-4aaf-48bf-9243-3ec4099b8372,0.38,false,false,near_mint,en,EUR,2026-04-19T14:28:02.866Z
Drag the Canal,MKM,Murders at Karlov Manor,199,normal,rare,1,90860,508d7096-2be3-4d4b-a55c-d4dbd3c9019c,0.17,false,false,near_mint,en,EUR,2025-04-20T23:29:07.829Z
Dragon Sniper,TDM,Tarkir: Dragonstorm,139,normal,uncommon,1,105120,074b1e00-45bb-4436-8f5e-058512b2d08a,0.22,false,false,near_mint,en,EUR,2025-04-20T23:27:12.695Z
Dragon's Claw,M12,Magic 2012,206,normal,uncommon,1,19061,0d732b87-08e5-41b6-8448-62dd6bf20d9c,0.12,false,false,near_mint,en,EUR,2025-04-20T23:27:12.695Z
Dragon's Prey,TDM,Tarkir: Dragonstorm,79,normal,common,1,104754,7a6004ff-4180-4332-8b51-960f8c7521d9,0.03,false,false,near_mint,en,EUR,2025-04-20T23:27:12.695Z
Dragonback Lancer,TDM,Tarkir: Dragonstorm,9,normal,common,1,104235,0200a8c5-3293-48d0-a523-ba148680f588,0.05,false,false,near_mint,en,EUR,2025-04-20T23:27:12.695Z
Dragonfly Swarm,TLA,Avatar: The Last Airbender,215,normal,uncommon,1,109387,16be5cc4-b15a-4c5e-8a6e-05c87b519127,0.17,false,false,near_mint,en,EUR,2025-11-26T15:34:18.488Z
Dragonstorm Globe,TDM,Tarkir: Dragonstorm,241,normal,common,2,104767,7f50aa6e-ce6a-4479-9725-202926245f2c,0.07,false,false,near_mint,en,EUR,2025-04-20T23:27:12.695Z
Dragoon's Wyvern,FIN,Final Fantasy,49,normal,common,1,105729,d92bce20-308e-4841-aaf8-8e20698292e7,0.04,false,false,near_mint,en,EUR,2025-06-18T14:09:45.764Z
Drake Hatcher,FDN,Foundations,35,normal,rare,2,101071,bcaf4196-6bf3-47fa-b5c7-0e77f45cf820,0.31,false,false,near_mint,en,EUR,2025-04-20T23:27:12.695Z
"Drakuseth, Maw of Flames",FDN,Foundations,193,normal,rare,1,100092,029b1edb-e1de-4f1c-81df-8d17f4920318,0.34,false,false,near_mint,en,EUR,2025-04-20T23:27:12.695Z
Dramatic Accusation,MKM,Murders at Karlov Manor,294,normal,common,1,90738,28bff30e-c25c-4d89-8fbe-1a9effe63ba7,0.05,false,false,near_mint,en,EUR,2025-04-20T23:27:12.695Z
Dreadful as the Storm,LTR,The Lord of the Rings: Tales of Middle-earth,48,normal,common,1,83425,b6e0b4ff-85b5-485f-a78f-1a58bb343238,0.05,false,false,near_mint,en,EUR,2026-04-19T14:28:02.875Z
Dreadwaters,AVR,Avacyn Restored,49,normal,common,1,18229,88245a41-d4d5-46bf-969f-48d4dd540e2c,0.05,false,false,near_mint,en,EUR,2025-04-20T23:27:12.695Z
Dreadwing Scavenger,FDN,Foundations,118,normal,uncommon,2,101252,e24d838b-ab48-410a-9a50-dbfea5da089b,0.18,false,false,near_mint,en,EUR,2025-04-20T23:27:12.695Z
Dream Beavers,TMT,Teenage Mutant Ninja Turtles,62,normal,uncommon,2,111576,600e3bc1-9777-4057-a11e-4f61582636c6,0.21,false,false,near_mint,en,EUR,2026-03-06T23:49:55.777Z
Dream Seizer,ECL,Lorwyn Eclipsed,101,normal,common,1,110321,3573f425-9251-4c17-9619-15278ce5d8fb,0.06,false,false,near_mint,en,EUR,2026-01-25T20:47:46.737Z
Dreamroot Cascade,SOS,Secrets of Strixhaven,254,normal,rare,1,111765,ef662b92-5a7f-48c9-bcc1-14b55e091aef,0.66,false,false,near_mint,en,EUR,2026-05-17T22:24:02.947Z
Dreams of Laguna,FIN,Final Fantasy,50,normal,common,1,106292,ba752243-2727-4b8a-8e21-e70becfd4ff3,0.02,false,false,near_mint,en,EUR,2025-06-18T14:09:45.764Z
Dredger's Insight,DFT,Aetherdrift,159,normal,uncommon,2,102925,148400a0-7819-4551-9815-9357eed1db4d,0.33,false,false,near_mint,en,EUR,2025-04-20T23:27:12.695Z
Drill Too Deep,EOE,Edge of Eternities,133,normal,common,1,107760,b9d3b6e8-47c8-49e3-b204-8b659e127bde,0.07,false,false,near_mint,en,EUR,2025-08-02T12:05:52.876Z
Drix Fatemaker,EOE,Edge of Eternities,178,normal,common,1,107381,1beb7566-305e-4091-bdc4-cf4c789ac05a,0.18,false,false,near_mint,en,EUR,2025-08-01T19:16:32.510Z
Drown in the Loch,SPG,Special Guests,27,normal,mythic,1,90027,03c8654e-900a-4720-a4a1-1107d6271c70,6.41,false,false,near_mint,en,EUR,2025-04-20T23:27:12.695Z
Dubious Delicacy,EOE,Edge of Eternities,96,normal,uncommon,1,107377,153265b4-0ca4-4245-9226-dd1a083ec91c,0.15,false,false,near_mint,en,EUR,2025-08-01T19:16:32.510Z
Due Diligence,MKM,Murders at Karlov Manor,14,normal,common,2,90630,076d9f76-a247-4727-9e0f-a0289c51059e,0.07,false,false,near_mint,en,EUR,2025-04-20T23:27:12.695Z
Dundoolin Weaver,ECL,Lorwyn Eclipsed,175,normal,uncommon,2,110701,2260912b-4dfb-49dd-bf95-060d44333645,0.09,false,false,near_mint,en,EUR,2026-01-25T20:47:46.717Z
Dune Drifter,DFT,Aetherdrift,200,normal,uncommon,1,103471,36185de4-55c2-4e5d-9bcc-ea12b7052728,0.09,false,false,near_mint,en,EUR,2025-04-20T23:27:12.695Z
Dusk // Dawn,BLC,Bloomburrow Commander,138,normal,rare,1,96145,00bbcc83-7307-46cc-b164-e1ff502d18a3,0.19,false,false,near_mint,en,EUR,2025-11-06T20:40:57.429Z
Duskdale Wurm,M11,Magic 2011,170,normal,uncommon,1,21219,6a9e14ba-2279-4b27-ae49-5276691eeae5,0.05,false,false,near_mint,en,EUR,2025-04-20T23:27:12.695Z
Dusyut Earthcarver,TDM,Tarkir: Dragonstorm,141,normal,common,1,104352,b98ecc96-f557-479a-8685-2b5487d5b407,19.59,false,false,near_mint,en,EUR,2025-04-20T23:27:12.695Z
Dwarven Castle Guard,FIN,Final Fantasy,18,normal,common,1,106454,e17c0d27-e88d-4ba9-acbb-3f916cee3d7e,0.04,false,false,near_mint,en,EUR,2025-06-18T14:09:45.764Z
Dwynen's Elite,FDN,Foundations,218,normal,common,1,100800,89d94c28-ea2e-4a3d-935f-6b2d9f2efc7a,0.03,false,false,near_mint,en,EUR,2025-04-20T23:27:12.695Z
"Dyadrine, Synthesis Amalgam",EOE,Edge of Eternities,216,normal,rare,1,107498,994ca692-7138-4dcb-bf46-5da530f86036,0.29,false,false,near_mint,en,EUR,2025-08-01T19:16:32.510Z
Dynamite Diver,DFT,Aetherdrift,123,normal,common,2,103508,5a4f96f6-dd91-4357-ae19-1c35db2c2bcb,0.09,false,false,near_mint,en,EUR,2025-04-20T23:27:12.695Z
Eager Glyphmage,SOS,Secrets of Strixhaven,11,normal,common,1,112507,bf736de9-9bc4-49df-ae60-672ed4f83f32,0.07,false,false,near_mint,en,EUR,2026-05-08T10:13:36.523Z
Earth Kingdom Soldier,TLA,Avatar: The Last Airbender,216,normal,common,2,108180,2d543d35-945a-4ffa-beb7-7c5d4f894f79,0.07,false,false,near_mint,en,EUR,2025-11-26T15:34:18.488Z
Earth Rumble,TLA,Avatar: The Last Airbender,174,normal,uncommon,1,108218,62730505-56f1-4043-a8b9-4fb7bc508b47,0.09,false,false,near_mint,en,EUR,2025-11-26T15:34:18.488Z
Earth Rumble Wrestlers,TLA,Avatar: The Last Airbender,218,normal,common,1,109466,74fca0b8-12e1-405f-b999-160d65fe0ade,0.09,false,false,near_mint,en,EUR,2025-11-26T15:34:18.488Z
Earth Village Ruffians,TLA,Avatar: The Last Airbender,219,normal,common,1,108212,56d4e0b7-232f-4953-84a3-e6f17781aa45,0.05,false,false,near_mint,en,EUR,2025-11-26T15:34:18.488Z
Earthbending Lesson,TLA,Avatar: The Last Airbender,176,normal,common,1,108142,eccd63b3-3a3a-4661-9d6e-fb8152429bdb,0.09,false,false,near_mint,en,EUR,2025-11-26T15:34:18.488Z
East Wind Avatar,TMT,Teenage Mutant Ninja Turtles,5,normal,common,1,111516,c9d5b56c-ad2a-4958-8783-4eceb8733610,0.05,false,false,near_mint,en,EUR,2026-03-06T23:49:55.829Z
Eaten Alive,FDN,Foundations,172,normal,common,2,100216,1c4f7b20-b2a8-498c-8c36-dc296863b0b9,0.13,false,false,near_mint,en,EUR,2025-04-20T23:27:12.695Z
Echoing Assault,BLC,Bloomburrow Commander,24,normal,rare,1,96240,3213bfee-c0a0-49a2-9080-cdaa09b414c5,0.83,false,false,near_mint,en,EUR,2025-11-06T20:40:57.429Z
Echoing Deeps,EOS,Edge of Eternities: Stellar Sights,13,normal,rare,1,107527,b8a61e4e-e51f-4175-be3a-1f71fefc966f,0.55,false,false,near_mint,en,EUR,2025-08-01T19:16:32.510Z
Eclipsed Kithkin,ECL,Lorwyn Eclipsed,220,normal,uncommon,1,110709,29e1cfa4-0ad8-4228-9f7e-cbab114d1d5f,0.06,false,false,near_mint,en,EUR,2026-01-25T20:47:46.704Z
Eclipsed Merrow,ECL,Lorwyn Eclipsed,221,normal,uncommon,1,110704,2352750d-404d-4928-9bdb-1b0db599b70f,0.09,false,false,near_mint,en,EUR,2026-01-25T20:47:46.792Z
Eddymurk Crab,BLB,Bloomburrow,48,foil,uncommon,1,96132,e6d45abe-4962-47d9-a54e-7e623ea8647c,0.36,false,false,near_mint,en,EUR,2025-11-06T20:40:57.429Z
"Eden, Seat of the Sanctum",FIN,Final Fantasy,277,normal,uncommon,1,106674,e28eac1e-adc7-4f8d-b206-bef09ba07d38,0.12,false,false,near_mint,en,EUR,2025-06-18T14:09:45.764Z
Eel Umbra,ROE,Rise of the Eldrazi,65,normal,common,1,21902,ca550605-a0fc-4392-b8b6-a4f06868d9f2,0.08,false,false,near_mint,en,EUR,2025-04-20T23:27:12.695Z
Eerie Gravestone,SPM,Marvel's Spider-Man,163,normal,common,1,107646,7675e91f-dba7-4e64-a7ff-1dd56665a4cc,0.06,false,false,near_mint,en,EUR,2025-09-30T23:51:40.191Z
Efflorescence,SOS,Secrets of Strixhaven,144,normal,common,1,112634,79b9ace7-eceb-4f97-9ee7-d5ee3e0b3515,0.05,false,false,near_mint,en,EUR,2026-05-08T10:13:36.551Z
Eldrazi Temple,EOS,Edge of Eternities: Stellar Sights,14,normal,rare,1,106938,010abd40-3f9c-44bc-8570-d539750c3cd7,2.82,false,false,near_mint,en,EUR,2025-08-02T12:05:52.876Z
Electro's Bolt,SPM,Marvel's Spider-Man,77,normal,common,2,107620,25fe063f-35e4-4fca-9889-06834a8ef9b9,0.06,false,false,near_mint,en,EUR,2025-09-30T23:51:40.191Z
Elegy Acolyte,EOE,Edge of Eternities,97,normal,rare,1,107157,c69ed7c7-1f49-4299-b3e6-75150258ac59,0.35,false,false,near_mint,en,EUR,2025-08-02T12:05:52.876Z
Elemental,TSOS,Secrets of Strixhaven Tokens,3,normal,common,2,112669,b5b2df9c-228f-4441-a962-46b335bb356e,,false,false,near_mint,en,EUR,2026-05-08T10:13:36.524Z
Elemental Bond,TLE,Avatar: The Last Airbender Eternal,40,normal,mythic,1,109809,da25ea1d-2fa6-42ca-bd06-a2edeb300eb5,2.25,false,false,near_mint,en,EUR,2025-11-26T15:34:18.488Z
Elementalist Adept,FDN,Foundations,36,normal,common,1,101605,d9768cc6-8f53-4922-ae32-376a2f32d719,0.04,false,false,near_mint,en,EUR,2025-04-20T23:27:12.695Z
Elf,TECL,Lorwyn Eclipsed Tokens,4,normal,common,1,110725,39b36f22-21f9-44fe-8a49-bdc859503342,,false,false,near_mint,en,EUR,2026-01-25T20:47:46.715Z
Elite Interceptor // Rejoinder,SOS,Secrets of Strixhaven,12,normal,common,1,112577,2970683e-e69c-42cb-a067-34abd56fb42b,0.09,false,false,near_mint,en,EUR,2026-05-08T10:13:36.465Z
Elixir,FIN,Final Fantasy,256,normal,uncommon,1,106616,a4b05d37-df62-475c-8371-735ed2fa1b05,0.11,false,false,near_mint,en,EUR,2025-06-18T14:09:45.764Z
"Elspeth, Sun's Champion",BLC,Bloomburrow Commander,97,normal,mythic,1,96333,6f816d97-10f0-4d92-aa21-254754530554,2.02,false,false,near_mint,en,EUR,2025-11-06T20:40:57.429Z
Elvish Archdruid,FDN,Foundations,219,normal,rare,1,100341,341da856-7414-403b-b2e3-4bebd58a5aa4,0.35,false,false,near_mint,en,EUR,2025-04-20T23:27:12.695Z
Emancipation Angel,AVR,Avacyn Restored,19,normal,uncommon,1,18259,7a4bc00e-28ca-4152-b832-f36425d2b615,0.17,false,false,near_mint,en,EUR,2025-04-20T23:27:12.695Z
Ember Island Production,TLA,Avatar: The Last Airbender,48,normal,uncommon,1,109379,0f79a7fc-36b1-4397-8e67-6638379d3a38,0.13,false,false,near_mint,en,EUR,2025-11-26T15:34:18.488Z
Embrace the Paradox,SOS,Secrets of Strixhaven,186,normal,common,1,112679,c0cf5e0f-3668-46f2-850d-d91a538e8ead,0.09,false,false,near_mint,en,EUR,2026-05-08T10:13:36.487Z
Emergency Eject,EOE,Edge of Eternities,14,normal,uncommon,1,107216,fc98b2d4-86fc-4c47-b2a7-1f3c89463607,0.23,false,false,near_mint,en,EUR,2025-08-01T19:16:32.510Z
Emergent Haunting,OTJ,Outlaws of Thunder Junction,46,normal,uncommon,1,93186,623053a8-7abe-45ec-9f26-97e1c037120b,0.04,false,false,near_mint,en,EUR,2025-10-27T10:57:33.331Z
Emissary Escort,EOE,Edge of Eternities,399,foil,rare,2,107206,f32df6a8-d77f-40ce-bcac-9495db458210,0.31,false,false,near_mint,en,EUR,2025-08-01T19:16:32.510Z
Empyrean Eagle,FDN,Foundations,239,normal,uncommon,2,100533,577e99a7-4a55-4314-8f08-2ae0c33b85c7,0.12,false,false,near_mint,en,EUR,2025-04-20T23:27:12.695Z
Encouraging Aviator // Jump,SOS,Secrets of Strixhaven,46,normal,uncommon,1,112361,72654b84-9902-41db-92ab-a3499c31221c,0.05,false,false,near_mint,en,EUR,2026-05-08T10:13:36.540Z
Encroaching Dragonstorm,TDM,Tarkir: Dragonstorm,142,normal,uncommon,1,104630,4ddd4477-f8c9-4d05-9177-f8344ba8f40b,0.06,false,false,near_mint,en,EUR,2025-04-20T23:27:12.695Z
Endrider Catalyzer,DFT,Aetherdrift,124,normal,common,2,103052,55a5a67b-d969-4ba4-9dcc-32d0c2e5c04a,0.09,false,false,near_mint,en,EUR,2025-04-20T23:27:12.695Z
Enduring Innocence,DSK,Duskmourn: House of Horror,6,normal,rare,1,98605,08f79439-b8f8-418f-9772-26d81844749e,5.03,false,false,near_mint,en,EUR,2026-04-19T19:45:43.825Z
Energybending,TLA,Avatar: The Last Airbender,2,normal,uncommon,1,109456,6c085441-e023-4032-89a0-d24ce5060ac3,0.02,false,false,near_mint,en,EUR,2025-11-26T15:34:18.488Z
Engine Rat,DFT,Aetherdrift,84,normal,common,1,103579,949d6137-98d3-4f46-ab1e-08d7492af307,0.09,false,false,near_mint,en,EUR,2025-04-20T23:27:12.695Z
"Ennis, Debate Moderator",SOS,Secrets of Strixhaven,14,normal,uncommon,1,112521,d2ef31b4-24fa-4443-9f05-c8e99c3522e5,0.03,false,false,near_mint,en,EUR,2026-05-08T10:13:36.459Z
Enraged Flamecaster,ECL,Lorwyn Eclipsed,135,normal,common,1,110686,104baa2c-75c5-44fc-a3b9-b19efcf3d7c2,0.05,false,false,near_mint,en,EUR,2026-01-25T20:47:46.726Z
Entropic Battlecruiser,EOE,Edge of Eternities,99,normal,rare,1,107545,cc59796b-9025-44b6-a188-cf6684ebffb9,0.02,false,false,near_mint,en,EUR,2025-08-02T12:05:52.876Z
EPF Point Squad,TMT,Teenage Mutant Ninja Turtles,145,normal,common,1,111545,faab52c0-ce79-40af-a156-b193a62d439e,0.09,false,false,near_mint,en,EUR,2026-03-06T23:49:55.807Z
Epic Downfall,TLA,Avatar: The Last Airbender,96,normal,uncommon,2,108189,3b4a6804-04f5-4467-bb1c-9466a47bc55f,0.07,false,false,near_mint,en,EUR,2025-11-26T15:34:18.488Z
Eriette's Lullaby,OTJ,Outlaws of Thunder Junction,10,normal,common,1,93067,184c18b6-40e2-4f7f-a3bb-49bc695b68ec,0.08,false,false,near_mint,en,EUR,2025-10-27T10:57:33.331Z
"Eriette, the Beguiler",OTJ,Outlaws of Thunder Junction,202,normal,rare,1,93421,f46c133a-7ae4-431b-88f2-ec606a7baf69,0.18,false,false,near_mint,en,EUR,2025-10-27T10:57:33.331Z
Eroded Canyon,OTJ,Outlaws of Thunder Junction,256,normal,common,1,93177,5c9d080f-28d7-41d6-a4e0-5b3e3a5ed770,0.18,false,false,near_mint,en,EUR,2025-10-27T10:57:33.331Z
Erudite Wizard,FDN,Foundations,37,normal,common,2,100835,9273c417-0fcd-4273-b24e-afff76336d0c,0.12,false,false,near_mint,en,EUR,2025-04-20T23:27:12.695Z
Escape to the Wilds,EOC,Edge of Eternities Commander,115,normal,rare,1,107084,889cdc42-fae3-4dda-9cf0-697730ef00e3,0.2,false,false,near_mint,en,EUR,2025-08-06T14:50:32.528Z
Escape Tunnel,EOC,Edge of Eternities Commander,157,normal,common,1,107110,a0335da5-d754-480d-89d9-be6b8ca33fda,0.21,false,false,near_mint,en,EUR,2025-08-06T14:50:32.528Z
Escape Tunnel,MKM,Murders at Karlov Manor,261,foil,common,1,91057,93ddde4f-d35e-4128-8f43-d0eadbd715de,0.33,false,false,near_mint,en,EUR,2025-04-20T23:27:12.695Z
Escape Tunnel,MKM,Murders at Karlov Manor,261,normal,common,1,91057,93ddde4f-d35e-4128-8f43-d0eadbd715de,0.21,false,false,near_mint,en,EUR,2025-04-20T23:27:12.695Z
Escape Tunnel,TMT,Teenage Mutant Ninja Turtles,184,normal,common,1,111251,5df90940-15ea-418c-8547-6c75d69ec6d3,0.11,false,false,near_mint,en,EUR,2026-03-06T23:49:55.772Z
Essence Scatter,FDN,Foundations,153,normal,uncommon,1,101226,dd05c850-f91e-4ffb-b4cc-8418d49dad90,0.1,false,false,near_mint,en,EUR,2025-04-20T23:27:12.695Z
Essence Scatter,SOS,Secrets of Strixhaven,47,normal,common,1,112586,32840097-0531-4c43-b6a8-e76c17420b04,0.05,false,false,near_mint,en,EUR,2026-05-08T10:13:36.475Z
Essenceknit Scholar,SOS,Secrets of Strixhaven,187,normal,uncommon,1,112578,2a3cba55-3fae-4d45-ae03-4d662ec13718,0.12,false,false,near_mint,en,EUR,2026-05-08T10:13:36.543Z
Eumidian Hatchery,EOC,Edge of Eternities Commander,20,normal,rare,1,106976,25b57aaf-04fa-463d-8516-40fccd24d6ed,1.63,false,false,near_mint,en,EUR,2025-08-06T14:50:32.528Z
Eumidian Terrabotanist,EOE,Edge of Eternities,180,normal,uncommon,1,107729,64fb2981-86ed-478a-89cd-c6bb078a5bc7,0.16,false,false,near_mint,en,EUR,2025-08-02T12:05:52.876Z
Eumidian Wastewaker,EOC,Edge of Eternities Commander,8,normal,rare,1,107005,3ee18d18-0167-4caa-adad-9d4435689c80,0.02,false,false,near_mint,en,EUR,2025-08-06T14:50:32.528Z
Evendo Brushrazer,EOC,Edge of Eternities Commander,10,normal,rare,1,107086,8b9001a4-953c-4a32-b51a-c6bec7e74f9e,0.86,false,false,near_mint,en,EUR,2025-08-06T14:50:32.528Z
Evershrike's Gift,ECL,Lorwyn Eclipsed,15,normal,uncommon,1,110702,231e46b6-b91a-4582-8894-e7de1c50213f,0.04,false,false,near_mint,en,EUR,2026-07-20T10:08:18.045Z
Everything Pizza,TMT,Teenage Mutant Ninja Turtles,173,normal,uncommon,1,111373,df2cdaa5-9ea0-4aa5-89d3-9edf40fa2a39,0.06,false,false,near_mint,en,EUR,2026-03-06T23:49:55.749Z
Evolving Wilds,BLC,Bloomburrow Commander,302,normal,common,1,96280,516d6669-929e-4884-ae92-9a98cb7f9376,0.08,false,false,near_mint,en,EUR,2025-11-06T20:40:57.429Z
Evolving Wilds,ECL,Lorwyn Eclipsed,264,normal,common,1,110560,8c632984-5176-4c37-91df-6577cc294b85,0.09,false,false,near_mint,en,EUR,2026-01-25T20:47:46.680Z
Evolving Wilds,EOC,Edge of Eternities Commander,158,normal,common,1,106990,31181bd2-3a1f-4cb9-ba30-637ac479133a,0.17,false,false,near_mint,en,EUR,2025-08-06T14:50:32.528Z
Evolving Wilds,FDN,Foundations,262,normal,common,2,100376,3a0b9356-5b91-4542-8802-f0f7275238e1,0.11,false,false,near_mint,en,EUR,2025-04-20T23:27:12.695Z
Exalted Sunborn,EOE,Edge of Eternities,15,foil,mythic,1,107070,7e1fe101-f634-41e5-9aa4-e8d7474535dc,20.16,false,false,near_mint,en,EUR,2025-08-01T19:16:32.510Z
Exhibition Tidecaller,SOS,Secrets of Strixhaven,48,normal,rare,1,111730,a58c364e-d0c5-41b9-8c8b-2e5a99468cc7,0.02,false,false,near_mint,en,EUR,2026-05-08T10:13:36.498Z
Exhumer Thrull,GPT,Guildpact,50,normal,uncommon,1,27545,c8c53fda-3768-4cc5-8ca3-a60805c340ba,0.11,false,false,near_mint,en,EUR,2025-06-16T17:24:56.249Z
Exosuit Savior,EOE,Edge of Eternities,16,normal,common,3,107741,826c0455-a6ce-43ad-bd5c-0a5df169da90,0.06,false,false,near_mint,en,EUR,2025-08-01T19:16:32.510Z
Exotic Orchard,BLC,Bloomburrow Commander,131,normal,rare,1,96507,e6d8d98d-29b2-4ca2-bbda-4db2e8f6ae0b,0.2,false,false,near_mint,en,EUR,2025-11-06T20:40:57.429Z
Exploration Broodship,EOC,Edge of Eternities Commander,14,normal,rare,1,107036,61596da3-2a0e-47d9-b707-8db4cce2479d,2.3,false,false,near_mint,en,EUR,2025-08-06T14:50:32.528Z
Explosive Derailment,OTJ,Outlaws of Thunder Junction,122,normal,common,1,93417,f0e3df9c-0a86-4e6f-a3c7-84a883328a3d,0.09,false,false,near_mint,en,EUR,2025-10-27T10:57:33.331Z
Expose the Culprit,MKM,Murders at Karlov Manor,307,normal,uncommon,1,91240,dbaae9b6-510f-4039-8cca-fe7d7c57f1c5,0.17,false,false,near_mint,en,EUR,2025-04-20T23:27:12.695Z
Exquisite Blood,AVR,Avacyn Restored,102,normal,rare,1,18176,4cd54279-57f5-4cd9-b524-4f094bd2fc36,26.64,false,false,near_mint,en,EUR,2025-04-20T23:27:12.695Z
Exsanguinate,FDN,Foundations,173,normal,uncommon,2,101330,f11d7311-4066-4a5d-ba28-9857fa707a0b,0.4,false,false,near_mint,en,EUR,2025-04-20T23:27:12.695Z
"Ezrim, Agency Chief",MKM,Murders at Karlov Manor,202,normal,rare,1,91059,9554d5f2-7a33-4734-8cf3-dfae2ccc3596,0.18,false,false,near_mint,en,EUR,2025-04-20T23:27:12.695Z
Fabled Passage,EOC,Edge of Eternities Commander,60,normal,rare,1,107052,6a21ecc8-f6fd-4670-91d8-94b9ce94c2fe,3.63,false,false,near_mint,en,EUR,2025-08-06T14:50:32.528Z
Faceless Butcher,DMR,Dominaria Remastered,84,normal,uncommon,1,77841,2e5511e2-a218-411e-aea3-96461e9c5fdd,0.05,false,false,near_mint,en,EUR,2025-06-16T17:24:56.249Z
Fae Flight,MKM,Murders at Karlov Manor,295,normal,uncommon,1,90861,51724cc6-edf7-490d-8039-b11b91ae1eb4,0.22,false,false,near_mint,en,EUR,2025-04-20T23:27:12.695Z
Faebloom Trick,FDN,Foundations,38,normal,uncommon,1,100148,0c3bee8f-f5be-4404-a696-c902637799c3,0.2,false,false,near_mint,en,EUR,2025-04-20T23:27:12.695Z
Faerie Snoop,MKM,Murders at Karlov Manor,203,normal,common,1,90707,20267dab-8898-4b44-8ef4-8a239967662c,0.02,false,false,near_mint,en,EUR,2025-04-20T23:27:12.695Z
Failed Fording,OTJ,Outlaws of Thunder Junction,47,normal,common,1,93188,62bbe11b-e959-4080-98ac-09bd57519c00,0.03,false,false,near_mint,en,EUR,2025-10-27T10:57:33.331Z
Fake Your Own Death,FDN,Foundations,174,normal,common,3,101539,693635a6-df50-44c5-9598-0c79b45d4df4,0.05,false,false,near_mint,en,EUR,2025-04-20T23:27:12.695Z
Fake Your Own Death,OTJ,Outlaws of Thunder Junction,87,normal,common,1,93229,79a17ab9-13c9-41d4-a143-82d8caacfd8b,0.07,false,false,near_mint,en,EUR,2025-10-27T10:57:33.331Z
Faller's Faithful,EOE,Edge of Eternities,100,normal,uncommon,1,107607,cbb1b46f-72e0-4c2f-8012-74529bd29a0d,0.19,false,false,near_mint,en,EUR,2025-08-01T19:16:32.510Z
Fanatical Firebrand,FDN,Foundations,195,normal,common,1,101598,d1296316-7781-4e98-95e6-7020648be6a5,0.08,false,false,near_mint,en,EUR,2025-04-20T23:27:12.695Z
"Fandaniel, Telophoroi Ascian",FIC,Final Fantasy Commander,146,normal,rare,1,106262,fede6d1c-461e-456f-8cdb-7acac69d30ae,2.07,false,false,near_mint,en,EUR,2025-06-18T14:09:45.764Z
Fang-Druid Summoner,DFT,Aetherdrift,163,foil,uncommon,1,103490,496442f6-48c7-464e-bcf3-4c14f49fa065,0.16,false,false,near_mint,en,EUR,2025-04-20T23:27:12.695Z
Farseek,EOC,Edge of Eternities Commander,50,normal,common,1,107097,95e0760a-d285-493b-88cd-7556d9b10007,1.18,false,false,near_mint,en,EUR,2025-08-06T14:50:32.528Z
Fearful Villager // Fearsome Werewolf,VOW,Innistrad: Crimson Vow,157,normal,common,1,64229,5eb3a08e-1d31-4ab9-854f-a86b060696ec,0.07,false,false,near_mint,en,EUR,2026-04-19T14:28:02.864Z
Feed the Flames,ECL,Lorwyn Eclipsed,137,normal,common,1,110753,59740755-c353-4b6c-a84c-3b76133ce3ec,0.09,false,false,near_mint,en,EUR,2026-01-25T20:47:46.802Z
Feisty Spikeling,ECL,Lorwyn Eclipsed,223,normal,common,1,110868,f69f3a27-ecda-4d27-82fe-612ed57dbb28,0.07,false,false,near_mint,en,EUR,2026-01-25T20:47:46.679Z
Felidar Savior,FDN,Foundations,12,normal,common,2,97191,cd092b14-d72f-4de0-8f19-1338661b9e3b,0.06,false,false,near_mint,en,EUR,2025-04-20T23:27:12.695Z
Fell the Mighty,OTP,Breaking News,1,normal,rare,1,93439,fbd897e0-0f6b-4a35-9f33-a16d85ddfad8,0.23,false,false,near_mint,en,EUR,2025-10-27T10:57:33.331Z
Felling Blow,FDN,Foundations,105,normal,uncommon,1,100854,96948ae3-b15d-4d6d-aa73-9f52084cd903,0.1,false,false,near_mint,en,EUR,2025-04-20T23:27:12.695Z
Fellwar Stone,BLC,Bloomburrow Commander,269,normal,uncommon,1,96512,e99c4fec-eb21-4288-a12f-1c58c4946bae,1.11,false,false,near_mint,en,EUR,2025-11-06T20:40:57.429Z
Felonious Rage,MKM,Murders at Karlov Manor,125,normal,common,2,90830,4538d6a8-a24a-40e3-b894-45a30882c92a,0.12,false,false,near_mint,en,EUR,2025-04-20T23:27:12.695Z
Feral Deathgorger // Dusk Sight,TDM,Tarkir: Dragonstorm,80,normal,common,1,104845,a147b94f-dfcf-44ce-8a73-b2fe6c4efc0e,0.03,false,false,near_mint,en,EUR,2025-04-20T23:27:12.695Z
Ferrous Lake,BLC,Bloomburrow Commander,303,normal,rare,1,96514,eb7409f7-8fbd-49f4-8226-9013fef17ab3,0.35,false,false,near_mint,en,EUR,2025-11-06T20:40:57.429Z
Festering Thicket,EOC,Edge of Eternities Commander,21,normal,rare,1,107172,d312f4ca-909a-47df-91dc-dfb63838b5f5,1.07,false,false,near_mint,en,EUR,2025-08-06T14:50:32.528Z
Fields of Strife,SOS,Secrets of Strixhaven,255,normal,common,1,111906,3dc7a4c3-c356-4fba-bea0-e8788da3eb57,0.04,false,false,near_mint,en,EUR,2026-05-08T10:13:36.480Z
Fiendish Panda,FDN,Foundations,120,normal,uncommon,2,100483,4e434d74-cad0-45f5-bc8d-f34aa5e1d879,0.14,false,false,near_mint,en,EUR,2025-04-20T23:27:12.695Z
Fierce Retribution,OTP,Breaking News,2,normal,uncommon,1,93264,92270719-352d-426f-b498-fbeaf8fd087b,0.04,false,false,near_mint,en,EUR,2025-10-27T10:57:33.331Z
Fiery Annihilation,FDN,Foundations,86,normal,uncommon,2,100523,54fe00aa-d284-48f9-b5a2-1bd4c5fa8e58,0.12,false,false,near_mint,en,EUR,2025-04-20T23:27:12.695Z
Fight On!,FIN,Final Fantasy,100,normal,common,1,106673,e1b0739a-dcc4-4034-96d7-69e551b2f36b,0.07,false,false,near_mint,en,EUR,2025-06-18T14:09:45.764Z
Firdoch Core,ECL,Lorwyn Eclipsed,255,normal,common,2,110788,8e45cd37-bf97-4742-978d-96f96ed653cd,0.13,false,false,near_mint,en,EUR,2026-01-25T20:47:46.672Z
Fire Nation Attacks,TLA,Avatar: The Last Airbender,133,normal,uncommon,1,108131,9cc10845-8989-46ca-a57a-fd728fca0729,0.11,false,false,near_mint,en,EUR,2025-11-26T15:34:18.488Z
Fire Nation Cadets,TLA,Avatar: The Last Airbender,134,normal,common,1,109388,1a3a862c-9c9a-41cd-94d1-2d0cff22a6cd,0.07,false,false,near_mint,en,EUR,2025-11-26T15:34:18.488Z
Fire Nation Raider,TLA,Avatar: The Last Airbender,135,normal,common,1,109827,ede1bbdb-c726-46e3-aaf1-b8cf2be2c341,0.05,false,false,near_mint,en,EUR,2025-11-26T15:34:18.488Z
Fire Sages,TLA,Avatar: The Last Airbender,136,normal,uncommon,1,108225,71a9fa44-306f-417a-a9d9-991aff95025c,0.12,false,false,near_mint,en,EUR,2025-11-26T15:34:18.488Z
Fire-Rim Form,TDM,Tarkir: Dragonstorm,107,normal,common,1,104537,32dc1bf4-a135-449f-848f-361a5360fae1,0.06,false,false,near_mint,en,EUR,2025-04-20T23:27:12.695Z
Firebender Ascension,TLA,Avatar: The Last Airbender,137,normal,rare,1,109405,2929b702-03c6-4cf0-a3f7-61b27f4803be,0.82,false,false,near_mint,en,EUR,2025-11-26T15:34:18.488Z
Firebrand Archer,FDN,Foundations,196,normal,common,2,101630,fe0312f1-4c98-4b7f-8a34-0059ea80edef,0.09,false,false,near_mint,en,EUR,2025-04-20T23:27:12.695Z
Firespitter Whelp,FDN,Foundations,197,normal,uncommon,2,100463,4b3a4c7d-3126-4bde-9dca-cb6a1e2f37c9,0.16,false,false,near_mint,en,EUR,2025-04-20T23:27:12.695Z
Fishing Pole,FDN,Foundations,128,normal,uncommon,2,101128,c95ab836-3277-4223-9aaa-ef2c77256b65,0.12,false,false,near_mint,en,EUR,2025-04-20T23:27:12.695Z
Flame-Chain Mauler,ECL,Lorwyn Eclipsed,138,normal,common,1,110533,752d7e8e-0dd0-4ace-9c89-a8f9ce73775e,0.03,false,false,near_mint,en,EUR,2026-01-25T20:47:46.756Z
Flamehold Grappler,TDM,Tarkir: Dragonstorm,185,normal,rare,1,104958,cc8443a6-282f-4218-9dc8-144b5570d891,0.02,false,false,near_mint,en,EUR,2025-04-20T23:27:12.695Z
Flamekin Gildweaver,ECL,Lorwyn Eclipsed,140,normal,common,1,110821,b1628ece-a028-49d4-9065-ee997838c20a,0.05,false,false,near_mint,en,EUR,2026-01-25T20:47:46.710Z
"Flash Thompson, Spider-Fan",SPM,Marvel's Spider-Man,7,normal,uncommon,1,108513,44cf372b-f668-45e9-981e-4533295dcc74,0.07,false,false,near_mint,en,EUR,2025-09-30T23:51:40.191Z
Fleeting Distraction,FDN,Foundations,155,normal,common,3,101587,c0b86a7b-4912-43a7-ab89-c3432385baa1,0.04,false,false,near_mint,en,EUR,2025-04-20T23:27:12.695Z
Fleeting Flight,FDN,Foundations,13,foil,common,1,101513,55139100-9342-41fd-b10a-8e9932e605d4,0.15,false,false,near_mint,en,EUR,2025-04-20T23:27:12.695Z
Fleeting Flight,FDN,Foundations,13,normal,common,1,101513,55139100-9342-41fd-b10a-8e9932e605d4,0.17,false,false,near_mint,en,EUR,2025-04-20T23:27:12.695Z
Flexible Waterbender,TLA,Avatar: The Last Airbender,50,normal,common,1,108163,1447ebce-7e48-4b21-a39c-740920538bdd,0.03,false,false,near_mint,en,EUR,2025-11-26T15:34:18.488Z
Flight-Deck Coordinator,EOE,Edge of Eternities,17,normal,common,2,107743,88cc6328-a035-4f74-b786-390e5c7c324c,0.04,false,false,near_mint,en,EUR,2025-08-01T19:16:32.510Z
Flitterwing Nuisance,ECL,Lorwyn Eclipsed,48,normal,rare,1,110813,ad0f6536-5295-4835-8883-35d711dfe6de,0.02,false,false,near_mint,en,EUR,2026-01-25T20:47:46.733Z
Flock Impostor,ECL,Lorwyn Eclipsed,16,normal,uncommon,1,110413,d32d0336-5140-41f9-bc67-f3d743b9231d,0.11,false,false,near_mint,en,EUR,2026-01-25T20:47:46.734Z
Flood the Engine,DFT,Aetherdrift,42,normal,common,1,103506,57402f7c-5d4c-4f1e-8bce-a2328a297111,0.04,false,false,near_mint,en,EUR,2025-04-20T23:27:12.695Z
Flotsam // Jetsam,MKM,Murders at Karlov Manor,247,normal,uncommon,1,91177,c1500cbf-5619-465e-a97b-75e676ce789b,0.15,false,false,near_mint,en,EUR,2025-04-20T23:27:12.695Z
Flourishing Bloom-Kin,MKM,Murders at Karlov Manor,160,normal,uncommon,1,90911,5ddcb31e-9301-44f1-b138-0573fbf56a47,0.18,false,false,near_mint,en,EUR,2025-04-20T23:27:12.695Z
Flow State,SOS,Secrets of Strixhaven,49,normal,uncommon,1,112343,47d6093b-b1b6-4956-8bfd-02cce899f832,5.1,false,false,near_mint,en,EUR,2026-05-08T10:13:36.545Z
Focus Fire,EOE,Edge of Eternities,18,normal,common,1,107515,a9ddfcbc-0f84-4315-aaa3-ca54ff64d7de,0.13,false,false,near_mint,en,EUR,2025-08-01T19:16:32.510Z
Focus the Mind,TDM,Tarkir: Dragonstorm,45,normal,common,1,105153,abb0ba34-6904-4c17-a04d-ea4f12c7cf21,0.07,false,false,near_mint,en,EUR,2025-04-20T23:27:12.695Z
Foggy Swamp Hunters,TLA,Avatar: The Last Airbender,101,normal,common,1,109689,3f6e5869-ca25-4b98-a844-8a498cb40aab,0.05,false,false,near_mint,en,EUR,2025-11-26T15:34:18.488Z
Foggy Swamp Vinebender,TLA,Avatar: The Last Airbender,180,normal,common,1,109727,78a75317-94f7-47a4-b4da-5a027fa73248,0.04,false,false,near_mint,en,EUR,2025-11-26T15:34:18.488Z
Foggy Swamp Visions,TLA,Avatar: The Last Airbender,102,normal,rare,1,109415,3a46deaa-88f7-4eec-aa99-b85073847918,0.02,false,false,near_mint,en,EUR,2025-11-26T15:34:18.488Z
Food,TTLA,Avatar: The Last Airbender Tokens,19,normal,common,1,109987,db202f04-61e7-4e12-848e-6c1761956a58,,false,false,near_mint,en,EUR,2025-11-26T15:34:18.488Z
Food,TTMT,Teenage Mutant Ninja Turtles Tokens,8,normal,common,3,111603,e2b62092-57df-4d95-b2b9-961794e7c20b,,false,false,near_mint,en,EUR,2026-03-06T23:49:55.728Z
Foolish Fate,SOS,Secrets of Strixhaven,83,normal,uncommon,1,112693,d278f4c9-d20b-4a76-8c5c-4d3e985948b9,0.1,false,false,near_mint,en,EUR,2026-05-08T10:13:36.444Z
Foot Elite,TMT,Teenage Mutant Ninja Turtles,146,normal,common,2,111198,24bd571e-652a-4e7c-afc6-a45f0ccf62f6,0.09,false,false,near_mint,en,EUR,2026-03-06T23:49:55.736Z
Foot Headquarters,TMT,Teenage Mutant Ninja Turtles,185,normal,common,1,111569,45e68113-3f05-4547-947d-4cb9ebfa73c7,0.1,false,false,near_mint,en,EUR,2026-03-06T23:49:55.801Z
Foot Mystic,TMT,Teenage Mutant Ninja Turtles,63,normal,common,1,111577,61e40a18-6cc8-436d-826b-1cf8cd037df3,0.06,false,false,near_mint,en,EUR,2026-03-06T23:49:55.858Z
Foot Ninjas,TMT,Teenage Mutant Ninja Turtles,147,normal,common,1,111506,abb1ab9c-b067-4b75-8e5b-a893b7948df1,0.08,false,false,near_mint,en,EUR,2026-03-06T23:49:55.806Z
Foraging Wickermaw,ECL,Lorwyn Eclipsed,256,normal,common,1,110867,f524bc08-caeb-4362-b960-eb8e0e4159d0,0.08,false,false,near_mint,en,EUR,2026-01-25T20:47:46.767Z
Force of Will,SOA,Secrets of Strixhaven Mystical Archive,19,normal,mythic,1,111805,7a87f8bc-1b3e-4cb2-9343-5f008e942411,50.94,false,false,near_mint,en,EUR,2026-07-20T10:08:18.020Z
Forecasting Fortune Teller,TLA,Avatar: The Last Airbender,51,normal,common,1,109366,023e7ad4-6af0-4f29-a716-27a313974227,0.06,false,false,near_mint,en,EUR,2025-11-26T15:34:18.488Z
Forest,AVR,Avacyn Restored,242,normal,common,12,18036,8097c9ce-8fe9-4150-9810-52f6c92c6099,0.09,false,false,near_mint,en,EUR,2025-04-20T23:27:12.695Z
Forest,CLB,Commander Legends: Battle for Baldur's Gate,468,normal,common,1,68935,2b86b3a4-981e-497a-b78b-30b2dbc5ea7a,0.11,false,false,near_mint,en,EUR,2025-09-30T23:51:40.191Z
Forest,DFT,Aetherdrift,276,normal,common,1,103117,777e868d-cb88-4b8e-99d1-12ff67f5eae2,0.17,false,false,near_mint,en,EUR,2025-04-20T23:27:12.695Z
Forest,ECL,Lorwyn Eclipsed,278,normal,common,1,110395,b43297de-7378-474f-a85f-910fa7cbb4f4,0.26,false,false,near_mint,en,EUR,2026-01-25T20:47:46.745Z
Forest,ECL,Lorwyn Eclipsed,283,normal,common,1,110403,bdbce923-c05e-4554-8c4c-5c4e6d791856,0.23,false,false,near_mint,en,EUR,2026-07-20T10:08:18.050Z
Forest,EOE,Edge of Eternities,276,normal,common,10,107048,673141ec-826f-4132-8282-d499990495a7,0.1,false,false,near_mint,en,EUR,2025-08-01T19:16:32.510Z
Forest,EOE,Edge of Eternities,275,normal,common,2,107213,fb62605c-a58e-4e53-8336-b2bee316b5a6,0.11,false,false,near_mint,en,EUR,2025-08-01T19:16:32.510Z
Forest,FIN,Final Fantasy,307,normal,common,1,105595,3d08f6a6-316d-45d8-aabe-1760a20903ac,0.09,false,false,near_mint,en,EUR,2025-06-18T14:09:45.764Z
Forest,FIN,Final Fantasy,308,normal,common,2,105710,c52038c8-5bba-4d8e-845f-30af44300acc,0.15,false,false,near_mint,en,EUR,2025-06-18T14:09:45.764Z
Forest,FIN,Final Fantasy,306,normal,common,2,105707,be72862d-d71e-4b18-98a6-59019399f631,0.14,false,false,near_mint,en,EUR,2025-06-18T14:09:45.764Z
Forest,MKM,Murders at Karlov Manor,286,normal,common,7,90943,6cb8f264-cc26-476e-a3b7-53638dce7395,0.14,false,false,near_mint,en,EUR,2025-04-20T23:27:12.695Z
Forest,OTJ,Outlaws of Thunder Junction,286,normal,common,3,93742,8e9ac507-7c8f-431f-8d1a-220ceeacf871,0.07,false,false,near_mint,en,EUR,2025-10-27T10:57:33.331Z
Forest,OTJ,Outlaws of Thunder Junction,285,normal,common,2,93890,dc20a07e-5f92-49c2-9c97-d5eda536d3f6,0.08,false,false,near_mint,en,EUR,2025-10-27T10:57:33.331Z
Forest,OTJ,Outlaws of Thunder Junction,276,normal,common,2,91812,baf8a774-65f3-431e-b084-328ff1000895,0.28,false,false,near_mint,en,EUR,2025-10-27T10:57:33.331Z
Forest,SPM,Marvel's Spider-Man,193,normal,common,2,107869,7b6c2532-be5a-4f1f-893c-36bcda2a699d,0.1,false,false,near_mint,en,EUR,2025-09-30T23:51:40.191Z
Forest,SPM,Marvel's Spider-Man,198,normal,common,3,107671,c4fec728-8e3f-427d-81ab-e06114910223,0.12,false,false,near_mint,en,EUR,2025-09-30T23:51:40.191Z
Forest,TLA,Avatar: The Last Airbender,286,normal,common,2,108256,a305e44f-4253-4754-b83f-1e34103d77b0,0.09,false,false,near_mint,en,EUR,2025-11-26T15:34:18.488Z
Forest,TLA,Avatar: The Last Airbender,291,normal,common,2,108103,05683891-cdd4-4401-b7d5-0ef17e79c699,0.26,false,false,near_mint,en,EUR,2025-11-26T15:34:18.488Z
Formation Breaker,TDM,Tarkir: Dragonstorm,143,normal,uncommon,1,105136,67ab8e8f-3ef6-4339-8c66-68c5aca4867a,0.07,false,false,near_mint,en,EUR,2025-04-20T23:27:12.695Z
Formless Genesis,EOC,Edge of Eternities Commander,96,normal,rare,1,107130,b2222cae-2b12-4163-ab1b-7d315877ee8d,0.2,false,false,near_mint,en,EUR,2025-08-06T14:50:32.528Z
Forsaken Miner,OTJ,Outlaws of Thunder Junction,88,normal,uncommon,1,93059,1679f74d-00f8-436c-9f8c-aa3f843a546c,1.26,false,false,near_mint,en,EUR,2025-10-27T10:57:33.331Z
Fortress Kin-Guard,TDM,Tarkir: Dragonstorm,12,normal,common,1,104900,b647a018-1d70-43a1-a265-928bcd863689,0.06,false,false,near_mint,en,EUR,2025-04-20T23:27:12.695Z
Fortune Teller's Talent,BLC,Bloomburrow Commander,14,normal,rare,1,96407,a1d43877-20ab-4e84-a597-4b5e03a6bf90,0.79,false,false,near_mint,en,EUR,2025-11-06T20:40:57.429Z
Fractal,TSOS,Secrets of Strixhaven Tokens,4,normal,common,2,112703,de564776-9d88-4533-8717-842eecdd0594,,false,false,near_mint,en,EUR,2026-05-08T10:13:36.421Z
Fractal,TSOS,Secrets of Strixhaven Tokens,5,normal,common,2,112640,8b5f1fdb-04df-4224-acb4-7819c37565f5,,false,false,near_mint,en,EUR,2026-05-08T10:13:36.451Z
Fractal Mascot,SOS,Secrets of Strixhaven,189,normal,common,1,111745,cf5b19e3-eed1-4b36-9756-660ffb3baa08,0.02,false,false,near_mint,en,EUR,2026-05-08T10:13:36.430Z
Fractal Tender,SOS,Secrets of Strixhaven,190,normal,uncommon,2,112314,ea7f5262-4ddb-410a-be72-4bac6af9b4ec,0.06,false,false,near_mint,en,EUR,2026-05-08T10:13:36.472Z
Freestrider Commando,OTJ,Outlaws of Thunder Junction,162,normal,common,2,93265,92762169-095e-46e2-82f6-5b2ff2232240,0.04,false,false,near_mint,en,EUR,2025-10-27T10:57:33.331Z
Freestrider Lookout,OTJ,Outlaws of Thunder Junction,163,normal,rare,1,93111,32370f05-52a2-405f-b2bb-1b8a9b0b69f8,0.53,false,false,near_mint,en,EUR,2025-10-27T10:57:33.331Z
Frenzied Baloth,EOE,Edge of Eternities,183,foil,rare,1,107158,c72d85e9-a0bc-4f73-8d73-c58843577f4e,2.94,false,false,near_mint,en,EUR,2025-08-02T12:05:52.876Z
Freya Crescent,FIN,Final Fantasy,138,normal,uncommon,1,106289,9921f646-e893-44db-ac89-0633c1009788,0.08,false,false,near_mint,en,EUR,2025-06-18T14:09:45.764Z
Friendly Neighborhood,SPM,Marvel's Spider-Man,8,normal,rare,1,108619,17a18e2f-221f-4fc2-8dab-25bf12fb8756,0.02,false,false,near_mint,en,EUR,2025-09-30T23:51:40.191Z
Frilled Cave-Wurm,LCI,The Lost Caverns of Ixalan,57,normal,common,1,88585,6f65e1bc-fade-4fdf-a1fd-de068bff9e4c,0.02,false,false,near_mint,en,EUR,2025-06-16T17:24:56.249Z
Frog Butler,TMT,Teenage Mutant Ninja Turtles,114,normal,common,2,111520,d1a72d09-9cfc-463a-a9ec-3359003d54da,0.12,false,false,near_mint,en,EUR,2026-03-06T23:49:55.808Z
Frontline War-Rager,EOE,Edge of Eternities,134,normal,common,2,107789,fa232943-818b-4944-be60-2d80c806bf62,0.07,false,false,near_mint,en,EUR,2025-08-01T19:16:32.510Z
Frost Titan,M11,Magic 2011,55,normal,mythic,1,21334,065addc8-c235-43cc-a54f-b582826e5df1,0.59,false,false,near_mint,en,EUR,2025-04-20T23:27:12.695Z
Full Bore,EOE,Edge of Eternities,135,normal,uncommon,2,107549,cfee64ef-d22d-4024-bc65-59cbd1731d1c,0.15,false,false,near_mint,en,EUR,2025-08-01T19:16:32.510Z
Full Steam Ahead,OTJ,Outlaws of Thunder Junction,164,normal,uncommon,1,93037,084748d8-7169-4e86-a69c-631c6d7d3a1e,0.11,false,false,near_mint,en,EUR,2025-10-27T10:57:33.331Z
Furnace Scamp,NPH,New Phyrexia,84,normal,common,1,19801,97538294-058c-47d4-b7a8-4db3753a6628,0.08,false,false,near_mint,en,EUR,2025-04-20T23:27:12.695Z
Furtive Courier,MKM,Murders at Karlov Manor,59,normal,uncommon,1,90953,6f359fc2-b9e4-4a01-9d04-442bb160b01e,0.14,false,false,near_mint,en,EUR,2025-04-20T23:27:12.695Z
Gadget Technician,MKM,Murders at Karlov Manor,204,normal,common,1,90802,3b489a54-ee43-4962-be7b-16e0e28800e0,0.05,false,false,near_mint,en,EUR,2025-04-20T23:27:12.695Z
Gaelicat,FIN,Final Fantasy,22,normal,common,1,106528,29606c49-e1a4-49c3-883b-9122c08bbbc7,0.07,false,false,near_mint,en,EUR,2025-06-18T14:09:45.764Z
Gaius van Baelsar,FIN,Final Fantasy,102,normal,uncommon,1,106446,a4ee8ba5-6a79-4652-b2a4-a3dae804bc28,0.14,false,false,near_mint,en,EUR,2025-06-18T14:09:45.764Z
Galactic Wayfarer,EOE,Edge of Eternities,185,normal,common,1,107078,85b898d2-050f-49a2-87af-07d54d105336,0.11,false,false,near_mint,en,EUR,2025-08-02T12:05:52.876Z
Gallant Citizen,SPM,Marvel's Spider-Man,129,normal,common,2,108510,43790471-6ec8-4c1d-b6d3-74c6cdf8ce43,0.02,false,false,near_mint,en,EUR,2025-09-30T23:51:40.191Z
Gallant Fowlknight,ECL,Lorwyn Eclipsed,17,normal,common,1,110665,fb6096ba-8083-4207-9a3f-c1e4ff095204,0.04,false,false,near_mint,en,EUR,2026-01-25T20:47:46.788Z
Gallant Strike,DFT,Aetherdrift,13,normal,uncommon,2,103584,9bdb58b7-e1ef-496b-b8dd-d1fabf3d2e7a,0.09,false,false,near_mint,en,EUR,2025-04-20T23:27:12.695Z
Galvanize,MKM,Murders at Karlov Manor,128,normal,common,1,90923,64ed3bfa-3294-45dd-825e-3afc2580f0d4,0.03,false,false,near_mint,en,EUR,2025-04-20T23:27:12.695Z
Galvanizing Sawship,EOE,Edge of Eternities,136,normal,uncommon,1,107273,5bbce9fb-401f-4e78-acd5-9d3b506687fd,0.08,false,false,near_mint,en,EUR,2025-08-01T19:16:32.510Z
Gangly Stompling,ECL,Lorwyn Eclipsed,226,normal,common,1,110497,502000a7-a3c1-4259-aea5-ff01724396a1,0.07,false,false,near_mint,en,EUR,2026-07-20T10:08:18.042Z
"Garland, Knight of Cornelia // Chaos, the Endless",FIN,Final Fantasy,221,normal,uncommon,1,103808,dd463dbe-5f2c-4d4f-86f8-ad8ff407af62,0.13,false,false,near_mint,en,EUR,2025-06-18T14:09:45.764Z
Garruk's Uprising,FDN,Foundations,220,normal,uncommon,2,100447,4805c303-e73b-443b-a09f-49d2c2c88bb5,0.38,false,false,near_mint,en,EUR,2025-04-20T23:27:12.695Z
Gastal Blockbuster,DFT,Aetherdrift,128,normal,common,1,103650,dca41ec6-8f8f-42ef-abac-cc645c6440b7,0.03,false,false,near_mint,en,EUR,2025-04-20T23:27:12.695Z
Gastal Raider,DFT,Aetherdrift,86,normal,uncommon,1,103532,6e4877b5-4ce5-466a-810f-6501f2a0f217,0.07,false,false,near_mint,en,EUR,2025-04-20T23:27:12.695Z
Gastal Thrillseeker,DFT,Aetherdrift,205,normal,uncommon,1,103595,a8e5205d-d734-4292-a3c8-70cf5f131289,0.12,false,false,near_mint,en,EUR,2025-04-20T23:27:12.695Z
Gather the White Lotus,TLA,Avatar: The Last Airbender,20,normal,uncommon,1,109495,96e2b3d0-f060-4f3c-9d12-a0444b202008,0.1,false,false,near_mint,en,EUR,2025-11-26T15:34:18.488Z
Gaze of Granite,EOC,Edge of Eternities Commander,116,normal,rare,1,107100,97cf4cd8-9cb5-482e-92ca-da657b410e48,0.12,false,false,near_mint,en,EUR,2025-08-06T14:50:32.528Z
Gearseeker Serpent,DFT,Aetherdrift,43,normal,common,2,103480,3dca0007-42d3-4ee2-8e88-361d80a7103c,0.04,false,false,near_mint,en,EUR,2025-04-20T23:27:12.695Z
Gene Pollinator,EOE,Edge of Eternities,186,normal,common,1,107772,ce7a8eec-a029-4ee1-b2d6-405d903d4640,0.13,false,false,near_mint,en,EUR,2025-08-01T19:16:32.510Z
Genemorph Imago,EOE,Edge of Eternities,299,normal,rare,1,106996,37c2ab54-e856-41d5-86ba-c6a7d2774546,0.52,false,false,near_mint,en,EUR,2025-08-02T12:05:52.876Z
"General Traag, Heart of Stone",TMT,Teenage Mutant Ninja Turtles,90,normal,uncommon,1,111529,e02e971f-6008-4c82-acd2-2aed13009ccb,0.03,false,false,near_mint,en,EUR,2026-03-06T23:49:55.836Z
Genesis Wave,FDN,Foundations,221,normal,rare,1,101177,d46f7ddb-f986-4f1f-b096-ae1a02d0bdc8,0.34,false,false,near_mint,en,EUR,2025-04-20T23:27:12.695Z
Genghis Frog,TMT,Teenage Mutant Ninja Turtles,148,normal,uncommon,1,111283,7df26085-eedb-4bdd-a60a-aabfbe9c3157,0.08,false,false,near_mint,en,EUR,2026-03-06T23:49:55.776Z
Geometer's Arthropod,SOS,Secrets of Strixhaven,191,normal,rare,1,112401,ec0f3613-1edc-40e8-8f26-2e5ef13be55e,0.02,false,false,near_mint,en,EUR,2026-05-08T10:13:36.499Z
Germinating Wurm,EOE,Edge of Eternities,187,normal,common,2,107792,fcde173a-6314-4904-bddd-68b2ab1e4867,0.11,false,false,near_mint,en,EUR,2025-08-01T19:16:32.510Z
Geyser Drake,OTJ,Outlaws of Thunder Junction,51,normal,common,1,93309,b270377b-33eb-4e5e-9d14-0da2876da74f,0.09,false,false,near_mint,en,EUR,2025-10-27T10:57:33.331Z
Geyser Leaper,TLA,Avatar: The Last Airbender,52,normal,common,2,108205,4d25428d-e5a5-43c4-8544-43120ed1c4d5,0.02,false,false,near_mint,en,EUR,2025-11-26T15:34:18.488Z
Ghastly Remains,LGN,Legions,71,normal,rare,2,30763,63e67323-df54-4043-a6b6-18bb89ef1f62,0.23,false,false,near_mint,en,EUR,2025-06-16T17:24:56.249Z
Giant Beaver,OTJ,Outlaws of Thunder Junction,165,normal,common,1,93263,919826a9-c427-42c6-8885-a87f0b6d2192,0.07,false,false,near_mint,en,EUR,2025-10-27T10:57:33.331Z
Giant Growth,FDN,Foundations,223,normal,common,2,101073,bd0bf74e-14c1-4428-88d8-2181a080b5d0,0.04,false,false,near_mint,en,EUR,2025-04-20T23:27:12.695Z
Giant Growth,SOA,Secrets of Strixhaven Mystical Archive,52,normal,uncommon,1,111801,62652aa9-57e7-42a7-8f2f-62e9a6aefb16,0.03,false,false,near_mint,en,EUR,2026-05-08T10:13:36.438Z
Giantfall,ECL,Lorwyn Eclipsed,141,normal,uncommon,2,110697,1ac52728-adb3-4220-8392-73f7bd379ab4,0.05,false,false,near_mint,en,EUR,2026-01-25T20:47:46.780Z
Gideon's Lawkeeper,M12,Magic 2012,18,normal,common,1,19249,1c71eb81-a077-4c85-a4ce-4ad664486bee,0.12,false,false,near_mint,en,EUR,2025-04-20T23:27:12.695Z
Gigantoad,FIN,Final Fantasy,187,normal,common,1,106642,bc10d648-4053-460f-bc52-9c20477bf6de,0.06,false,false,near_mint,en,EUR,2025-06-18T14:09:45.764Z
Gigastorm Titan,EOE,Edge of Eternities,57,normal,uncommon,1,107603,abc83e0a-0ae5-4087-a751-058a1ba6a920,0.1,false,false,near_mint,en,EUR,2025-08-01T19:16:32.510Z
Gilded Ghoda,DFT,Aetherdrift,130,normal,common,1,103050,55685602-a18c-43a4-ac60-13b039672fa4,0.12,false,false,near_mint,en,EUR,2025-04-20T23:27:12.695Z
"Giott, King of the Dwarves",FIN,Final Fantasy,223,normal,uncommon,1,106565,6a7784de-a10d-4ce6-98a5-aaf3e85773b6,0.07,false,false,near_mint,en,EUR,2025-06-18T14:09:45.764Z
Glacial Dragonhunt,TDM,Tarkir: Dragonstorm,188,normal,uncommon,1,104814,95994c88-e404-4a4f-8be6-b99d703d4609,0.17,false,false,near_mint,en,EUR,2025-04-20T23:27:12.695Z
Glacial Fortress,BLC,Bloomburrow Commander,307,normal,rare,1,96356,805ce12b-58eb-4584-a02e-d55ce3e527ce,0.39,false,false,near_mint,en,EUR,2025-11-06T20:40:57.429Z
Glacier Godmaw,EOE,Edge of Eternities,188,normal,uncommon,1,107608,d3291c51-e963-4970-813d-9a06a47aa71e,0.17,false,false,near_mint,en,EUR,2025-08-02T12:05:52.876Z
Gladiolus Amicitia,FIN,Final Fantasy,224,normal,uncommon,1,105177,442957fc-045d-4db6-b82a-445f172d23e4,0.08,false,false,near_mint,en,EUR,2025-06-18T14:09:45.764Z
Glamermite,ECL,Lorwyn Eclipsed,50,normal,common,1,110825,b8b7c23a-0034-453c-ab44-f6ec0f31d1eb,0.07,false,false,near_mint,en,EUR,2026-01-25T20:47:46.724Z
Gleaming Barrier,FDN,Foundations,252,foil,common,1,101479,1b49b009-e6f2-494a-9235-f5c25c2d70a9,0.25,false,false,near_mint,en,EUR,2025-04-20T23:27:12.695Z
Gleaming Barrier,FDN,Foundations,252,normal,common,2,101479,1b49b009-e6f2-494a-9235-f5c25c2d70a9,0.07,false,false,near_mint,en,EUR,2025-04-20T23:27:12.695Z
Glider Kids,TLA,Avatar: The Last Airbender,21,normal,common,3,108154,0613afb5-4cee-4132-8adf-404767ed8d07,0.06,false,false,near_mint,en,EUR,2025-11-26T15:34:18.488Z
Glider Staff,TLA,Avatar: The Last Airbender,22,normal,uncommon,1,109467,7517f2eb-a24d-49f6-82bf-08de55d3789a,0.13,false,false,near_mint,en,EUR,2025-11-26T15:34:18.488Z
Gnarlbark Elm,ECL,Lorwyn Eclipsed,103,normal,uncommon,1,110700,1e9d65b6-22ff-49f2-8b2a-aeaef91088d3,0.09,false,false,near_mint,en,EUR,2026-07-20T10:08:18.044Z
Gnarlid Colony,FDN,Foundations,224,normal,common,2,101508,47565d10-96bf-4fb0-820f-f20a44a76b6f,0.07,false,false,near_mint,en,EUR,2025-04-20T23:27:12.695Z
Goblin,TECL,Lorwyn Eclipsed Tokens,6,normal,common,2,110758,6139a45d-ebc7-4bca-8c13-73c85ea5fe0d,,false,false,near_mint,en,EUR,2026-01-25T20:47:46.759Z
Goblin Boarders,FDN,Foundations,87,normal,common,1,101506,4409a063-bf2a-4a49-803e-3ce6bd474353,0.04,false,false,near_mint,en,EUR,2025-04-20T23:27:12.695Z
Goblin Maskmaker,MKM,Murders at Karlov Manor,130,normal,common,3,90917,6154a991-c602-4fca-91a3-3830060da60e,0.07,false,false,near_mint,en,EUR,2025-04-20T23:27:12.695Z
Goblin Negotiation,FDN,Foundations,88,normal,uncommon,1,101335,f2016585-e26c-4d13-b09f-af6383c192f7,0.13,false,false,near_mint,en,EUR,2025-04-20T23:27:12.695Z
Goblin Surprise,FDN,Foundations,200,foil,common,1,101512,527dd5d4-5f72-40bb-8a9d-1f5ac3f81e2e,0.14,false,false,near_mint,en,EUR,2025-04-20T23:27:12.695Z
Goblin Surprise,FDN,Foundations,200,normal,common,2,101512,527dd5d4-5f72-40bb-8a9d-1f5ac3f81e2e,0.05,false,false,near_mint,en,EUR,2025-04-20T23:27:12.695Z
Goblin Surveyor,DFT,Aetherdrift,131,normal,common,1,103313,e1efffe9-00f8-4177-a9e6-4ad62887d32f,0.02,false,false,near_mint,en,EUR,2025-04-20T23:27:12.695Z
God-Eternal Bontu,EOC,Edge of Eternities Commander,83,normal,mythic,1,106958,142b0860-8a82-4830-a4ff-2bbfc102437e,0.35,false,false,near_mint,en,EUR,2025-08-06T14:50:32.528Z
Godless Shrine,EOE,Edge of Eternities,254,normal,rare,1,106768,8c542ea4-98c3-4c2d-9066-205ab7aa697a,7.96,false,false,near_mint,en,EUR,2025-08-02T12:05:52.876Z
"Gohn, Town of Ruin",FIN,Final Fantasy,278,normal,common,1,106602,99582781-613e-4a33-aec7-7569b4a961aa,0.09,false,false,near_mint,en,EUR,2025-06-18T14:09:45.764Z
"Golbez, Crystal Collector",FIN,Final Fantasy,225,normal,rare,1,106584,849f5716-7211-4e93-a220-f88d49f937f4,0.02,false,false,near_mint,en,EUR,2025-06-18T14:09:45.764Z
Goldmeadow Nomad,ECL,Lorwyn Eclipsed,18,normal,common,1,110672,00ddbe6c-11de-4bc6-aabe-d6d8385a838a,0.02,false,false,near_mint,en,EUR,2026-01-25T20:47:46.799Z
Goldvein Pick,FDN,Foundations,253,normal,common,1,101572,a241317d-2277-467e-a8f9-aa71c944e244,0.06,false,false,near_mint,en,EUR,2025-04-20T23:27:12.695Z
Goobbue Gardener,FIN,Final Fantasy,188,normal,common,1,106636,b7c3544a-5dd5-423e-8a40-ac4803db8adc,0.05,false,false,near_mint,en,EUR,2025-06-18T14:09:45.764Z
Gorehorn Raider,FDN,Foundations,89,normal,common,2,101551,78ce6c40-3452-4aa0-a45b-dbfd70f8d220,0.04,false,false,near_mint,en,EUR,2025-04-20T23:27:12.695Z
Graduation Day,SOS,Secrets of Strixhaven,16,normal,uncommon,1,111755,db1cea01-123e-4b23-8b98-f94cabce3912,0.16,false,false,near_mint,en,EUR,2026-07-20T10:08:18.031Z
Gran Pulse Ochu,FIN,Final Fantasy,189,normal,common,1,106547,4dced21f-478c-4500-9484-af5864dea5cc,0.07,false,false,near_mint,en,EUR,2025-06-18T14:09:45.764Z
Grapple with Death,SOS,Secrets of Strixhaven,192,normal,common,1,111657,62842fb4-8bd3-4d80-b4f9-5bc3c5cebd3a,0.06,false,false,near_mint,en,EUR,2026-05-08T10:13:36.445Z
Grappling Kraken,FDN,Foundations,39,normal,uncommon,1,101165,d1f5cab3-3fc0-448d-8252-cd55abf5b596,0.15,false,false,near_mint,en,EUR,2025-04-20T23:27:12.695Z
Gravblade Heavy,EOE,Edge of Eternities,102,normal,common,2,107756,b3872341-d711-407b-85e4-46ccb99988e1,0.08,false,false,near_mint,en,EUR,2025-08-01T19:16:32.510Z
Grave Researcher // Reanimate,SOS,Secrets of Strixhaven,85,normal,rare,1,111721,8b1e10e8-ea14-4761-910b-4072e2a18456,3.33,false,false,near_mint,en,EUR,2026-05-08T10:13:36.469Z
Gravelgill Scoundrel,ECL,Lorwyn Eclipsed,53,normal,common,1,110713,320bc30c-7a8a-411a-9f36-9c69126e131b,0.11,false,false,near_mint,en,EUR,2026-01-25T20:47:46.800Z
Gravestone Strider,MKM,Murders at Karlov Manor,252,normal,common,1,90704,1f952d8d-c089-432c-822a-8ef1e605ae38,0.04,false,false,near_mint,en,EUR,2025-06-16T17:24:56.249Z
Gravkill,EOE,Edge of Eternities,103,normal,common,3,107333,cfa6c57f-a193-48cc-9764-d8348548a111,0.12,false,false,near_mint,en,EUR,2025-08-01T19:16:32.510Z
Gravpack Monoist,EOE,Edge of Eternities,104,normal,common,2,107701,2a968f01-36ef-4cf6-b1db-630c9cde2064,0.09,false,false,near_mint,en,EUR,2025-08-01T19:16:32.510Z
Greasewrench Goblin,DFT,Aetherdrift,132,normal,uncommon,1,103267,c8f0b123-fdb0-4f3e-ba78-fa155c227e20,0.11,false,false,near_mint,en,EUR,2025-04-20T23:27:12.695Z
Great Arashin City,TDM,Tarkir: Dragonstorm,257,foil,rare,1,105033,ecba23b6-9f3a-431e-bc22-f1fb04d27b68,0.02,false,false,near_mint,en,EUR,2025-04-20T23:27:12.695Z
Great Forest Druid,ECL,Lorwyn Eclipsed,178,normal,common,1,110554,8793a19e-6743-4031-86d9-2ff55f384549,0.13,false,false,near_mint,en,EUR,2026-01-25T20:47:46.725Z
Greater Forgeling,RAV,Ravnica: City of Guilds,129,normal,uncommon,1,27881,eef8ad11-4ffa-4878-9354-737be6f9e90c,0.04,false,false,near_mint,en,EUR,2025-06-16T17:24:56.249Z
Greenbelt Guardian,DFT,Aetherdrift,164,normal,uncommon,1,103459,2f6b0000-5fd3-483b-bac5-f9b888d8755b,0.09,false,false,near_mint,en,EUR,2025-04-20T23:27:12.695Z
Griffnaut Tracker,MKM,Murders at Karlov Manor,17,normal,common,2,91061,95f5d048-226f-49a4-a2ce-a6fa99aa9e8a,0.04,false,false,near_mint,en,EUR,2025-04-20T23:27:12.695Z
Grim Bauble,DFT,Aetherdrift,88,foil,common,1,103585,9bfdf60a-6f67-4872-8961-d63776b192c3,0.45,false,false,near_mint,en,EUR,2025-04-20T23:27:12.695Z
Grim Bauble,DFT,Aetherdrift,88,normal,common,1,103585,9bfdf60a-6f67-4872-8961-d63776b192c3,0.22,false,false,near_mint,en,EUR,2025-04-20T23:27:12.695Z
Grim Javelineer,DFT,Aetherdrift,89,normal,common,2,103558,87154116-e306-4e15-bd5a-dcdb5ddbcd36,0.03,false,false,near_mint,en,EUR,2025-04-20T23:27:12.695Z
Gristle Glutton,ECL,Lorwyn Eclipsed,144,normal,common,1,110805,a4164af6-356e-4de2-8377-dbe70434a996,0.11,false,false,near_mint,en,EUR,2026-01-25T20:47:46.741Z
Grounded for Life,TMT,Teenage Mutant Ninja Turtles,7,normal,common,2,111479,72388199-85fa-4eba-9a9c-c2904e6da9ed,0.04,false,false,near_mint,en,EUR,2026-03-06T23:49:55.739Z
Groundskeeper,EOC,Edge of Eternities Commander,97,normal,uncommon,1,106988,30444f88-5a7e-46bc-ab0c-17e62fae2457,0.08,false,false,near_mint,en,EUR,2025-08-06T14:50:32.528Z
Group Project,SOS,Secrets of Strixhaven,17,normal,uncommon,1,112305,e8abc1eb-6225-4b18-8502-b5324b818aed,0.02,false,false,near_mint,en,EUR,2026-05-08T10:13:36.529Z
Grow Extra Arms,SPM,Marvel's Spider-Man,101,normal,common,3,107640,63fab399-00db-4398-922e-c3ca3356731a,0.08,false,false,near_mint,en,EUR,2025-09-30T23:51:40.191Z
Grow from the Ashes,FDN,Foundations,225,normal,common,3,101502,42525f8a-aee7-4811-8f05-471b559c2c4a,0.13,false,false,near_mint,en,EUR,2025-04-20T23:27:12.695Z
Guac & Marshmallow Pizza,TMT,Teenage Mutant Ninja Turtles,116,normal,common,1,111500,a5405de0-16c9-4e5a-8ceb-00508e212f12,0.09,false,false,near_mint,en,EUR,2026-03-06T23:49:55.838Z
"Guadosalam, Farplane Gateway",FIN,Final Fantasy,281,normal,common,1,106668,dfcbc131-fd50-4908-b539-c8e52bb70c58,0.1,false,false,near_mint,en,EUR,2025-06-18T14:09:45.764Z
Guidelight Matrix,DFT,Aetherdrift,233,normal,common,2,103631,cccf7fb5-c043-4a1f-ad2f-edb280cb5037,0.07,false,false,near_mint,en,EUR,2025-04-20T23:27:12.695Z
Guidelight Optimizer,DFT,Aetherdrift,45,normal,common,2,103658,e9fc07dd-05b1-49ed-a3ee-46c31b8e0a3d,0.03,false,false,near_mint,en,EUR,2025-04-20T23:27:12.695Z
Guidelight Pathmaker,DFT,Aetherdrift,206,normal,uncommon,2,103228,b2e00cd7-925e-4bab-b064-c96aa2935f8c,0.11,false,false,near_mint,en,EUR,2025-04-20T23:27:12.695Z
Gurmag Nightwatch,TDM,Tarkir: Dragonstorm,190,normal,common,2,104369,de731430-6bbf-4782-953e-b69c46353959,0.02,false,false,near_mint,en,EUR,2025-04-20T23:27:12.695Z
Gutless Plunderer,FDN,Foundations,60,normal,common,2,101567,909d7778-c7f8-4fa4-89f2-8b32e86e96e4,0.05,false,false,near_mint,en,EUR,2025-04-20T23:27:12.695Z
Gutsplitter Gang,ECL,Lorwyn Eclipsed,106,normal,uncommon,1,110578,9ff74349-693d-4373-a194-9796316dd1f1,0.02,false,false,near_mint,en,EUR,2026-01-25T20:47:46.751Z
Guy in the Chair,SPM,Marvel's Spider-Man,102,normal,common,1,107641,65e97c06-55a6-4841-be0f-055c015df90a,0.07,false,false,near_mint,en,EUR,2025-09-30T23:51:40.191Z
"Gwenom, Remorseless",SPM,Marvel's Spider-Man,56,normal,mythic,1,108046,46b6cc5d-7a37-4e8b-a1a5-9a573056610c,5.27,false,false,near_mint,en,EUR,2025-09-30T23:51:40.191Z
Haazda Vigilante,MKM,Murders at Karlov Manor,18,foil,common,1,90866,5277fe72-dc33-4d19-a439-63b5344c6034,0.05,false,false,near_mint,en,EUR,2025-04-20T23:27:12.695Z
Haazda Vigilante,MKM,Murders at Karlov Manor,18,normal,common,1,90866,5277fe72-dc33-4d19-a439-63b5344c6034,0.05,false,false,near_mint,en,EUR,2025-04-20T23:27:12.695Z
"Haliya, Ascendant Cadet",EOE,Edge of Eternities,218,normal,uncommon,1,107451,683d6eba-7f98-4105-b318-7f2290012f32,0.16,false,false,near_mint,en,EUR,2025-08-01T19:16:32.510Z
Hallowed Fountain,ECL,Lorwyn Eclipsed,347,normal,rare,1,108944,19cba6be-7291-4788-9241-87dad3b68363,12.27,false,false,near_mint,en,EUR,2026-01-25T20:47:46.730Z
Hamato Guardian Stance,TMT,Teenage Mutant Ninja Turtles,8,normal,common,1,111480,735b540b-b472-46fa-a232-d444cabf6c4c,0.05,false,false,near_mint,en,EUR,2026-03-06T23:49:55.757Z
Hammer of Purphoros,EOC,Edge of Eternities Commander,88,normal,rare,1,107091,900de725-741b-4b25-8e40-78ed7575a83f,0.33,false,false,near_mint,en,EUR,2025-08-06T14:50:32.528Z
Hanged Executioner,BLC,Bloomburrow Commander,139,normal,rare,1,96212,2791a28a-30fa-4f1a-9f05-f3db155b6f06,0.13,false,false,near_mint,en,EUR,2025-11-06T20:40:57.429Z
Hankyu,CHK,Champions of Kamigawa,253,normal,uncommon,1,28972,6f22a88a-4f04-4500-9e05-909b54ad43e3,0.16,false,false,near_mint,en,EUR,2025-06-16T17:24:56.249Z
Hard-Hitting Question,MKM,Murders at Karlov Manor,164,normal,uncommon,1,91036,8ad807c2-14a7-4464-bf57-c323fb3c0bd0,0.08,false,false,near_mint,en,EUR,2025-04-20T23:27:12.695Z
Hardened Tactician,TDM,Tarkir: Dragonstorm,191,normal,uncommon,1,104780,86b225cb-5c45-4da1-a64e-b04091e483e8,0.19,false,false,near_mint,en,EUR,2025-04-20T23:27:12.695Z
Hare Apparent,FDN,Foundations,15,normal,common,3,100907,9fc6f0e9-eb5f-4bc0-b3d7-756644b66d12,1.79,false,false,near_mint,en,EUR,2025-04-20T23:27:12.695Z
Harmonized Crescendo,ECL,Lorwyn Eclipsed,54,normal,rare,1,110310,2715e0c0-9913-4bea-9a42-ad1164f6130a,0.58,false,false,near_mint,en,EUR,2026-07-20T10:08:18.048Z
Harried Dronesmith,MKM,Murders at Karlov Manor,131,normal,uncommon,1,90787,36cb25ee-3c84-40a8-ba45-7e44893deecf,0.11,false,false,near_mint,en,EUR,2025-04-20T23:27:12.695Z
Harrow,EOC,Edge of Eternities Commander,98,normal,common,1,107003,3e76be46-cf81-4fef-bc5b-f87666cb0413,0.21,false,false,near_mint,en,EUR,2025-08-06T14:50:32.528Z
Haste Magic,FIN,Final Fantasy,140,normal,common,1,106402,3af9d100-70ee-4c6c-a762-11a0c4f3ef6f,0.07,false,false,near_mint,en,EUR,2025-06-18T14:09:45.764Z
Hazard of the Dunes,DFT,Aetherdrift,165,normal,common,1,103621,c3fbee7a-7e73-43cf-bc39-ccb1c63bf837,0.07,false,false,near_mint,en,EUR,2025-04-20T23:27:12.695Z
Healer's Hawk,FDN,Foundations,142,normal,common,4,101595,cc8e4563-04bb-46b5-835e-64ba11c0e972,0.05,false,false,near_mint,en,EUR,2025-04-20T23:27:12.695Z
Heartfire Immolator,FDN,Foundations,201,normal,uncommon,1,100390,3ca38f4d-01f5-4a02-9000-01261a440dbf,0.18,false,false,near_mint,en,EUR,2025-04-20T23:27:12.695Z
"Hearthhull, the Worldseed",EOC,Edge of Eternities Commander,1,normal,mythic,1,107054,6b913e79-a9f6-44d4-bb37-c4f6f66b8151,0.93,false,false,near_mint,en,EUR,2025-08-06T14:50:32.528Z
Heartless Act,TLA,Avatar: The Last Airbender,103,normal,uncommon,1,108268,b57c57a8-d72b-4c6c-a2db-a7ef61190f42,0.14,false,false,near_mint,en,EUR,2025-11-26T15:34:18.488Z
Heartless Pillage,OTP,Breaking News,14,normal,uncommon,1,93355,d06a1a70-aa26-4178-8486-e0a25c907cdb,0.16,false,false,near_mint,en,EUR,2025-10-27T10:57:33.331Z
Hecteyes,FIN,Final Fantasy,103,normal,common,1,106585,8680d052-c07b-4d9b-bda9-b5f69f44f424,0.08,false,false,near_mint,en,EUR,2025-06-18T14:09:45.764Z
Hedge Maze,MKM,Murders at Karlov Manor,262,foil,rare,1,90865,5260f8ae-805b-4eae-badf-62de0f768867,15.05,false,false,near_mint,en,EUR,2025-04-20T23:27:12.695Z
Heirloom Auntie,ECL,Lorwyn Eclipsed,107,normal,common,1,110623,cac251b2-d2cc-45b6-9ca8-678e0eab56ea,0.08,false,false,near_mint,en,EUR,2026-01-25T20:47:46.727Z
Heirs of Stromkirk,AVR,Avacyn Restored,140,normal,common,1,18138,ff89ad3b-b154-49e2-a0fd-135279512250,0.1,false,false,near_mint,en,EUR,2025-04-20T23:27:12.695Z
"Hellcat, Undying Vigilante",PW26,Wizards Play Network 2026,13,foil,rare,1,113351,72ef7900-4c25-48f8-9651-1d251cb2e6cb,,false,false,near_mint,en,EUR,2026-07-20T10:08:18.021Z
Hellish Sideswipe,DFT,Aetherdrift,90,normal,uncommon,2,103544,7a9db650-47f9-46d7-ac17-8d19fef6d6b0,0.08,false,false,near_mint,en,EUR,2025-04-20T23:27:12.695Z
Helm of the Host,BLC,Bloomburrow Commander,276,normal,rare,1,96375,898c66d5-d8e6-4a58-ba41-4650ba0e7262,6.66,false,false,near_mint,en,EUR,2025-11-06T20:40:57.429Z
Helpful Hunter,FDN,Foundations,16,normal,common,2,97172,1b9a0e91-80b5-428f-8f08-931d0631be14,0.17,false,false,near_mint,en,EUR,2025-04-20T23:27:12.695Z
Helping Hand,SOA,Secrets of Strixhaven Mystical Archive,5,normal,uncommon,1,112526,da5e29a8-a8fb-452b-9973-61ad613f9907,0.06,false,false,near_mint,en,EUR,2026-05-08T10:13:36.497Z
Hemosymbic Mite,EOE,Edge of Eternities,190,normal,uncommon,1,107324,c14137a4-2d44-444c-ad50-e2edf9380571,0.12,false,false,near_mint,en,EUR,2025-08-01T19:16:32.510Z
Henchbots,TMT,Teenage Mutant Ninja Turtles,174,normal,uncommon,1,111524,d77aa46e-fa57-4427-b0a3-0a957dc994dc,0.05,false,false,near_mint,en,EUR,2026-03-06T23:49:55.744Z
Heritage Reclamation,TDM,Tarkir: Dragonstorm,145,normal,common,1,104636,4f8fee37-a050-4329-8b10-46d150e7a95e,0.05,false,false,near_mint,en,EUR,2025-04-20T23:27:12.695Z
Hero,TFIN,Final Fantasy Tokens,6,normal,common,1,106152,c39b8112-6a5c-4080-a884-2b4d6e5276ef,0.1,false,false,near_mint,en,EUR,2025-06-18T14:09:45.764Z
Hero,TFIN,Final Fantasy Tokens,2,normal,common,1,106175,d0657ce1-bf75-4007-ac1b-0623eb263357,0.31,false,false,near_mint,en,EUR,2025-06-18T14:09:45.764Z
Hero's Downfall,FDN,Foundations,175,normal,uncommon,2,97185,ad2c01d9-8f54-46c0-9dc9-d4d4764ce1c9,0.13,false,false,near_mint,en,EUR,2025-04-20T23:27:12.695Z
Heroes' Hangout,SPM,Marvel's Spider-Man,79,normal,uncommon,1,108506,4148d7e8-6371-468c-858b-35254995409a,0.12,false,false,near_mint,en,EUR,2025-09-30T23:51:40.191Z
Hidden Necropolis,LCI,The Lost Caverns of Ixalan,275,normal,common,1,89040,f67fd04f-05da-4418-97de-abeb7346cc69,0.08,false,false,near_mint,en,EUR,2025-06-16T17:24:56.249Z
Hide in Plain Sight,MKM,Murders at Karlov Manor,166,normal,rare,1,91227,d87c1ed8-c644-4ad5-9a21-c7bd9a7e8d20,0.14,false,false,near_mint,en,EUR,2025-04-20T23:27:12.695Z
Hidetsugu's Second Rite,FDN,Foundations,202,normal,uncommon,2,100577,609421da-8d89-4365-b18b-778832d91482,0.07,false,false,near_mint,en,EUR,2025-04-20T23:27:12.695Z
High-Flying Ace,TMT,Teenage Mutant Ninja Turtles,9,normal,common,2,111535,e927eb0b-1c69-421a-8acd-01e92f729ffb,0.03,false,false,near_mint,en,EUR,2026-03-06T23:49:55.752Z
Highspire Bell-Ringer,TDM,Tarkir: Dragonstorm,47,normal,common,1,105020,e75dccf7-2894-4c4a-b516-3eee73acddd3,0.06,false,false,near_mint,en,EUR,2025-04-20T23:27:12.695Z
Highway Robbery,OTJ,Outlaws of Thunder Junction,129,normal,common,2,93110,31a88429-9204-4a23-a7a8-babbd6bab79f,0.31,false,false,near_mint,en,EUR,2025-10-27T10:57:33.331Z
Hill Gigas,FIN,Final Fantasy,141,normal,common,2,106529,2a8b3e1e-5c10-4360-ac1c-83b2e026278c,0.06,false,false,near_mint,en,EUR,2025-06-18T14:09:45.764Z
"Hobgoblin, Mantled Marauder",SPM,Marvel's Spider-Man,80,normal,uncommon,1,108636,50716fe3-7a19-431e-8758-984fc48d714e,0.08,false,false,near_mint,en,EUR,2025-09-30T23:51:40.191Z
Hollow Marauder,OTJ,Outlaws of Thunder Junction,90,normal,uncommon,1,93380,df2913d5-57c7-4f9b-bc96-8a46beef2563,0.16,false,false,near_mint,en,EUR,2025-10-27T10:57:33.331Z
Holy Justiciar,AVR,Avacyn Restored,25,normal,uncommon,1,18253,640cad49-1db3-4611-a80d-7ce95f000fad,0.05,false,false,near_mint,en,EUR,2025-04-20T23:27:12.695Z
Homicide Investigator,MKM,Murders at Karlov Manor,86,normal,rare,1,90714,21d6accd-167a-4b21-a488-44d54cdfa608,0.14,false,false,near_mint,en,EUR,2025-04-20T23:27:12.695Z
Honest Work,TLA,Avatar: The Last Airbender,55,normal,uncommon,1,109439,57e0ccb0-22f0-4e4d-9a47-c4fec2c7f251,0.08,false,false,near_mint,en,EUR,2025-11-26T15:34:18.488Z
Honorbound Page // Forum's Favor,SOS,Secrets of Strixhaven,19,normal,common,2,112633,79a70863-860f-4a7b-9cb2-d3546b689d44,0.04,false,false,near_mint,en,EUR,2026-05-08T10:13:36.450Z
Honored Knight-Captain,EOE,Edge of Eternities,22,normal,uncommon,1,107362,05a6ab03-f0b9-4738-a5f9-5d95bb22de75,0.19,false,false,near_mint,en,EUR,2025-08-02T12:05:52.876Z
Horizon Explorer,EOC,Edge of Eternities Commander,15,normal,rare,1,107119,a5873a4d-ab6e-4dd2-9380-5eaa367a8396,2.98,false,false,near_mint,en,EUR,2025-08-06T14:50:32.528Z
Hot Dog Cart,SPM,Marvel's Spider-Man,164,normal,common,2,108534,6ee3b883-e9f5-426f-a2ea-96fe9ff3aba9,0.04,false,false,near_mint,en,EUR,2025-09-30T23:51:40.191Z
Hotshot Investigators,MKM,Murders at Karlov Manor,60,normal,common,1,91046,8dc3b23b-04d6-4ac0-b698-596ea90b7781,0.02,false,false,near_mint,en,EUR,2025-04-20T23:27:12.695Z
Howler's Heavy,DFT,Aetherdrift,46,normal,common,1,103566,8bbd7758-59c7-4ae1-9af8-c3580f4aa958,0.08,false,false,near_mint,en,EUR,2025-04-20T23:27:12.695Z
Howlsquad Heavy,DFT,Aetherdrift,134,normal,rare,1,103651,df582f80-7b9a-4f71-95a9-70548ec7d2d7,1.01,false,false,near_mint,en,EUR,2025-04-20T23:27:12.695Z
Hullcarver,EOE,Edge of Eternities,105,normal,common,2,107075,817b5b18-beb5-48c8-aa45-0515ff9ca5da,0.15,false,false,near_mint,en,EUR,2025-08-01T19:16:32.510Z
Hulldrifter,DFT,Aetherdrift,47,normal,common,2,103001,402666f8-c9cc-4e8f-abaa-6c38be90cdd2,0.07,false,false,near_mint,en,EUR,2025-04-20T23:27:12.695Z
Human,TAVR,Avacyn Restored Tokens,2,normal,common,1,18032,8894949b-f190-461e-996a-cf2b39f08a5d,0.12,false,false,near_mint,en,EUR,2025-04-20T23:27:12.695Z
Humbling Elder,TDM,Tarkir: Dragonstorm,48,normal,common,1,104562,3a84c3f8-0030-4653-880e-b2d19272f5fa,0.07,false,false,near_mint,en,EUR,2025-04-20T23:27:12.695Z
Hungry Ghoul,FDN,Foundations,62,normal,common,2,100701,790f9433-7565-4f7f-88e8-8af762ea0296,0.04,false,false,near_mint,en,EUR,2025-04-20T23:27:12.695Z
Hungry Graffalon,SOS,Secrets of Strixhaven,151,normal,common,2,112557,030b1272-5990-4bc9-8fc1-82cc05602060,0.02,false,false,near_mint,en,EUR,2026-05-08T10:13:36.464Z
Hungry Spriggan,MM3,Modern Masters 2017,129,normal,common,1,6084,c95da249-49db-4dae-9277-5d481ec480a9,0.08,false,false,near_mint,en,EUR,2025-06-16T17:24:56.249Z
Huntmaster of the Fells // Ravager of the Fells,SLD,Secret Lair Drop,700,normal,mythic,1,73390,b3e861d2-d0a6-4a00-a4e1-4e10f038309a,1.7,false,false,near_mint,en,EUR,2025-08-01T19:16:32.510Z
Hustle // Bustle,MKM,Murders at Karlov Manor,249,normal,uncommon,1,90913,5f664827-e22e-43af-82f1-861b3c7607f1,0.05,false,false,near_mint,en,EUR,2025-04-20T23:27:12.695Z
Hydro-Channeler,SOS,Secrets of Strixhaven,54,normal,common,2,112563,099f8400-d70a-48ef-8ff6-645eae97e072,0.06,false,false,near_mint,en,EUR,2026-05-08T10:13:36.432Z
Hylderblade,EOE,Edge of Eternities,106,normal,uncommon,1,107517,ac80cf18-0707-4358-bdd4-0c2b90d0a1d9,0.12,false,false,near_mint,en,EUR,2025-08-02T12:05:52.876Z
Hymn of the Faller,EOE,Edge of Eternities,107,normal,uncommon,1,107568,e468d528-6cf0-4563-9da2-e388ba56cb9d,0.25,false,false,near_mint,en,EUR,2025-08-02T12:05:52.876Z
Hypothesizzle,OTP,Breaking News,48,normal,uncommon,1,93142,4448d31e-faf4-4281-af48-4f638b939a62,0.06,false,false,near_mint,en,EUR,2025-10-27T10:57:33.331Z
Ice Cream Kitty,TMT,Teenage Mutant Ninja Turtles,150,normal,common,5,111579,66081fd3-2457-4602-96c4-3075ddfec1c2,0.11,false,false,near_mint,en,EUR,2026-03-06T23:49:55.756Z
Ice Flan,FIN,Final Fantasy,55,normal,common,2,106357,ad304c9c-943f-442f-bb82-ff378ad7d7ba,0.09,false,false,near_mint,en,EUR,2025-06-18T14:09:45.764Z
Ice Magic,FIN,Final Fantasy,56,normal,common,1,105677,9dabd626-7ec3-4913-babb-d5d3fd5e32d5,0.06,false,false,near_mint,en,EUR,2025-06-18T14:09:45.764Z
Icecave Crasher,EOE,Edge of Eternities,191,normal,common,3,107781,e6c1ed0c-0c0d-47a7-8ebc-67854cb226e0,0.14,false,false,near_mint,en,EUR,2025-08-01T19:16:32.510Z
Iceridge Serpent,TDM,Tarkir: Dragonstorm,49,normal,common,1,105167,d13f117b-b8e4-48db-8ce9-5da9c7ce23a5,0.02,false,false,near_mint,en,EUR,2025-04-20T23:27:12.695Z
Icewind Elemental,FDN,Foundations,42,normal,common,2,101629,fd0eba76-3829-408b-828f-0b223c884728,0.02,false,false,near_mint,en,EUR,2025-04-20T23:27:12.695Z
Ichor Shade,MOM,March of the Machine,112,normal,common,3,81306,0fd86fbf-eac2-456b-b4bb-437ff9be9b58,0.04,false,false,near_mint,en,EUR,2025-06-16T17:24:56.249Z
Iguana Parrot,TLA,Avatar: The Last Airbender,56,normal,common,1,108235,7faa3e3d-c08a-4908-85ef-1370d3f90815,0.03,false,false,near_mint,en,EUR,2025-11-26T15:34:18.488Z
Illusion Spinners,ECL,Lorwyn Eclipsed,55,normal,uncommon,2,110862,eb4229a9-8df4-4adc-9d3e-acd2221fa3e9,0.07,false,false,near_mint,en,EUR,2026-01-25T20:47:46.750Z
Illusory Ambusher,BLC,Bloomburrow Commander,167,normal,uncommon,1,96504,e4f6a399-a5af-4f8a-ac57-c26fd3fb033b,0.12,false,false,near_mint,en,EUR,2025-11-06T20:40:57.429Z
Illvoi Light Jammer,EOE,Edge of Eternities,60,normal,common,2,107785,efb3d961-543c-4404-b4ed-1cb28ee411b3,0.11,false,false,near_mint,en,EUR,2025-08-01T19:16:32.510Z
Illvoi Operative,EOE,Edge of Eternities,61,normal,common,3,107773,d0ae9fc7-1802-4806-9996-1f1f458ff6a7,0.11,false,false,near_mint,en,EUR,2025-08-01T19:16:32.510Z
Imperious Inkmage,SOS,Secrets of Strixhaven,195,normal,common,1,112695,d5df1c3f-2536-4476-b8cd-34b026c38366,0.07,false,false,near_mint,en,EUR,2026-05-08T10:13:36.531Z
Imprisoned in the Moon,FDN,Foundations,156,foil,uncommon,1,101313,ee28e147-6622-4399-a314-c14a5c912dd0,0.18,false,false,near_mint,en,EUR,2025-04-20T23:27:12.695Z
Incinerating Blast,FDN,Foundations,90,normal,common,2,101603,d58e20ab-c5ca-4295-884d-78efdaa83243,0.04,false,false,near_mint,en,EUR,2025-04-20T23:27:12.695Z
Infernal Grasp,EOC,Edge of Eternities Commander,84,normal,uncommon,1,106941,060b7e5f-5b40-4efc-9fad-4cebf40b654b,0.27,false,false,near_mint,en,EUR,2025-08-06T14:50:32.528Z
Infernal Vessel,FDN,Foundations,63,normal,uncommon,1,101560,877b6330-2d0b-4f2f-a848-f10b06fb4ef5,0.11,false,false,near_mint,en,EUR,2025-04-20T23:27:12.695Z
Inferno Titan,BLC,Bloomburrow Commander,198,normal,mythic,1,96302,5b99f2f2-7000-401a-9201-b604238baf7a,0.21,false,false,near_mint,en,EUR,2025-11-06T20:40:57.429Z
Infestation Sage,FDN,Foundations,64,normal,common,1,101601,d40c73de-7a5f-46f2-a70b-449bc8ecfe24,0.11,false,false,near_mint,en,EUR,2025-04-20T23:27:12.695Z
Inkling,TSOS,Secrets of Strixhaven Tokens,6,normal,common,1,112675,bab52920-9d67-4cd4-9015-6e645ff9764f,,false,false,near_mint,en,EUR,2026-05-08T10:13:36.479Z
Inkling,TSOS,Secrets of Strixhaven Tokens,7,normal,common,1,112603,43e9f729-abaf-4000-8df5-fa46d59eff9e,,false,false,near_mint,en,EUR,2026-05-08T10:13:36.494Z
Inkshape Demonstrator,SOS,Secrets of Strixhaven,21,normal,uncommon,1,112505,bcfac992-9984-4529-b9ff-a42d58832b34,0.06,false,false,near_mint,en,EUR,2026-05-08T10:13:36.485Z
Inner Demons Gangsters,SPM,Marvel's Spider-Man,57,normal,common,1,108594,f0252819-4eda-457d-9688-b08b83b1edc9,0.04,false,false,near_mint,en,EUR,2025-09-30T23:51:40.191Z
Insectoid Exterminator,TMT,Teenage Mutant Ninja Turtles,64,normal,common,1,111615,ff26f7ff-7f70-4204-9b48-de9e21dc89ec,0.06,false,false,near_mint,en,EUR,2026-03-06T23:49:55.839Z
Inside Source,MKM,Murders at Karlov Manor,19,normal,common,2,90675,1548d181-3f83-457a-b2d3-eb88cfb2afda,0.04,false,false,near_mint,en,EUR,2025-04-20T23:27:12.695Z
Insidious Roots,MKM,Murders at Karlov Manor,208,normal,uncommon,1,90648,0bb91a22-2040-4a37-85f8-5f22de8c5907,1.37,false,false,near_mint,en,EUR,2025-04-20T23:27:12.695Z
Inspiring Call,FDN,Foundations,226,foil,uncommon,1,100400,3e241642-5172-4437-b694-f6aa159d5cd9,0.4,false,false,near_mint,en,EUR,2025-04-20T23:27:12.695Z
Inspiring Overseer,BLC,Bloomburrow Commander,141,normal,common,1,96275,4b54cc11-c881-4fad-a43c-c085fcf3f231,0.26,false,false,near_mint,en,EUR,2025-11-06T20:40:57.429Z
Inspiring Paladin,FDN,Foundations,18,normal,common,1,101472,0763be06-25b2-4d6b-ab33-a1af85aeb443,0.05,false,false,near_mint,en,EUR,2025-04-20T23:27:12.695Z
Inspirited Vanguard,TDM,Tarkir: Dragonstorm,146,normal,uncommon,1,105165,c642d6ac-f0f0-4b4c-a7ee-50631531f6d1,0.08,false,false,near_mint,en,EUR,2025-04-20T23:27:12.695Z
Instant Ramen,FIN,Final Fantasy,259,normal,common,1,106374,ef7011f4-fc08-4b15-973d-d15357cbe744,0.03,false,false,near_mint,en,EUR,2025-06-18T14:09:45.764Z
Interjection,SOS,Secrets of Strixhaven,22,normal,common,2,112560,0534cff6-299c-4155-b318-eb7581989e8a,0.06,false,false,near_mint,en,EUR,2026-05-08T10:13:36.435Z
Intrepid Stablemaster,OTJ,Outlaws of Thunder Junction,169,normal,uncommon,1,93153,4d6cdf2a-026a-41ba-87d9-8fcd8a67f06e,0.13,false,false,near_mint,en,EUR,2025-10-27T10:57:33.331Z
Intrepid Tenderfoot,EOE,Edge of Eternities,193,normal,common,2,107740,809df0ea-deff-47b9-83df-cc1f360d377e,0.12,false,false,near_mint,en,EUR,2025-08-01T19:16:32.510Z
Invasion Submersible,TLA,Avatar: The Last Airbender,57,normal,uncommon,1,109516,af5299f5-1633-4c07-ade5-fd47e29ea4aa,0.07,false,false,near_mint,en,EUR,2025-11-26T15:34:18.488Z
Invasion Tactics,TLA,Avatar: The Last Airbender,183,normal,uncommon,1,109403,27c6330d-49f6-4707-b4d4-d1411fa422eb,0.09,false,false,near_mint,en,EUR,2025-11-26T15:34:18.488Z
Invasive Maneuvers,EOE,Edge of Eternities,137,normal,uncommon,1,107524,b68010e2-7810-43cb-a52e-e73b1834e54e,0.14,false,false,near_mint,en,EUR,2025-08-02T12:05:52.876Z
Inventive Wingsmith,OTJ,Outlaws of Thunder Junction,17,normal,common,1,93316,b6b36bb3-dacc-44f6-adcd-2c2d65513d8c,0.02,false,false,near_mint,en,EUR,2025-10-27T10:57:33.331Z
Involuntary Employment,FDN,Foundations,203,normal,common,2,101622,f3ad3d62-2f24-4562-b3fa-809213dbc4a4,0.07,false,false,near_mint,en,EUR,2025-04-20T23:27:12.695Z
Ionize,OTP,Breaking News,49,normal,rare,1,93277,98c75555-8fe0-4902-a2c7-b807d95b71ab,0.17,false,false,near_mint,en,EUR,2025-10-27T10:57:33.331Z
Iridescent Tiger,TDM,Tarkir: Dragonstorm,109,normal,uncommon,1,105170,e3abbc8b-2bf8-478e-a541-f8019d150054,0.04,false,false,near_mint,en,EUR,2025-04-20T23:27:12.695Z
Iron-Fist Pulverizer,OTJ,Outlaws of Thunder Junction,131,normal,common,2,93352,cd7f984a-0b56-45df-958d-6178e4da61ed,0.03,false,false,near_mint,en,EUR,2025-10-27T10:57:33.331Z
Island,ECL,Lorwyn Eclipsed,270,normal,common,2,110392,b0da67fb-1cb2-4105-ab5c-b7c680b8116c,0.08,false,false,near_mint,en,EUR,2026-01-25T20:47:46.686Z
Island,EOE,Edge of Eternities,263,normal,common,2,106783,76313c69-8ec7-49e3-a34e-ade26097284c,0.32,false,false,near_mint,en,EUR,2025-08-01T19:16:32.510Z
Island,EOE,Edge of Eternities,270,normal,common,1,106987,2fb9ecfd-8025-48c0-a306-b4deebde2949,0.14,false,false,near_mint,en,EUR,2025-08-02T12:05:52.876Z
Island,FIN,Final Fantasy,297,normal,common,2,105700,b92ec9f6-a56d-40c6-aee2-7d5e1524c985,0.11,false,false,near_mint,en,EUR,2025-06-18T14:09:45.764Z
Island,FIN,Final Fantasy,299,normal,common,3,105587,347e00db-abcf-4053-aa27-4a5b42e1da55,0.11,false,false,near_mint,en,EUR,2025-06-18T14:09:45.764Z
Island,FIN,Final Fantasy,298,normal,common,2,105751,eeecf096-87dd-4dcb-953f-700445bf3f3a,0.06,false,false,near_mint,en,EUR,2025-06-18T14:09:45.764Z
Island,LTR,The Lord of the Rings: Tales of Middle-earth,275,normal,common,1,83289,8fee8302-39ca-43c3-b139-62e591559306,0.34,false,false,near_mint,en,EUR,2026-04-19T14:28:02.876Z
Island,OTJ,Outlaws of Thunder Junction,273,normal,common,3,91809,a624d656-207d-4e73-b615-59e7cf64ad64,0.25,false,false,near_mint,en,EUR,2025-10-27T10:57:33.331Z
Island,OTJ,Outlaws of Thunder Junction,280,normal,common,2,93746,91be4db0-7cb3-4202-939b-cb7a26e90019,0.1,false,false,near_mint,en,EUR,2025-10-27T10:57:33.331Z
Island,OTJ,Outlaws of Thunder Junction,279,normal,common,2,93801,acd6be3f-745c-41ad-95c9-1db66ba56be2,0.13,false,false,near_mint,en,EUR,2025-10-27T10:57:33.331Z
Island,SPM,Marvel's Spider-Man,190,normal,common,3,107884,d59cb0b5-fd4f-4dde-a69f-7ca6aa12b89f,0.08,false,false,near_mint,en,EUR,2025-09-30T23:51:40.191Z
Island,SPM,Marvel's Spider-Man,195,normal,common,2,107614,14fcdc57-12e2-429b-8916-4df752e462d4,0.12,false,false,near_mint,en,EUR,2025-09-30T23:51:40.191Z
Island,TLA,Avatar: The Last Airbender,283,normal,common,3,108255,a2e22347-f0cb-4cfd-88a3-4f46a16e4946,0.11,false,false,near_mint,en,EUR,2025-11-26T15:34:18.488Z
Island,TMT,Teenage Mutant Ninja Turtles,192,normal,common,2,111348,be2319a6-d089-4d13-8a7b-3552e654cdc5,0.07,false,false,near_mint,en,EUR,2026-03-06T23:49:55.743Z
It'll Quench Ya!,TLA,Avatar: The Last Airbender,58,normal,common,1,108199,47c25e41-f43c-4447-81b5-b9631448bd29,0.08,false,false,near_mint,en,EUR,2025-11-26T15:34:18.488Z
"Izoni, Center of the Web",MKM,Murders at Karlov Manor,209,normal,rare,1,90963,70ea66cd-587a-4ca9-9ca8-d7d2046bfbed,0.21,false,false,near_mint,en,EUR,2025-04-20T23:27:12.695Z
Izzet Signet,BLC,Bloomburrow Commander,278,normal,uncommon,1,96409,a39b4b15-cd3e-4d30-8de2-8e584524d018,0.32,false,false,near_mint,en,EUR,2025-11-06T20:40:57.429Z
Jace's Ingenuity,M11,Magic 2011,60,normal,uncommon,1,21329,b79bea30-3210-4944-b146-3624c9869f45,0.16,false,false,near_mint,en,EUR,2025-04-20T23:27:12.695Z
Jacked Rabbit,BLC,Bloomburrow Commander,9,normal,rare,1,96226,2c695df6-6bf2-4e6b-8500-e3116137ca27,2.57,false,false,near_mint,en,EUR,2025-11-06T20:40:57.429Z
Jaded Analyst,MKM,Murders at Karlov Manor,62,normal,common,1,90735,2807dcfb-d99c-483b-835f-2606eae4bd30,0.04,false,false,near_mint,en,EUR,2025-04-20T23:27:12.695Z
Jazal Goldmane,BLC,Bloomburrow Commander,142,normal,rare,1,96515,eb9666d0-2100-40e0-a065-165ccc5c0d28,0.22,false,false,near_mint,en,EUR,2025-11-06T20:40:57.429Z
"Jennika, Bad Apple Big Sister",TMT,Teenage Mutant Ninja Turtles,10,normal,common,1,111501,a5b83101-e3ef-4ffe-a886-4fc2b57a0947,0.04,false,false,near_mint,en,EUR,2026-03-06T23:49:55.835Z
Jeskai Shrinekeeper,TDM,Tarkir: Dragonstorm,197,normal,uncommon,1,104722,6ec8fa0b-c695-4326-aebd-042cb1974925,0.08,false,false,near_mint,en,EUR,2025-04-20T23:27:12.695Z
Jibbirik Omnivore,DFT,Aetherdrift,166,normal,common,1,103522,68a0569b-65c8-49ce-91ac-e639b8faf939,0.08,false,false,near_mint,en,EUR,2025-04-20T23:27:12.695Z
"Joo Dee, One of Many",TLA,Avatar: The Last Airbender,105,normal,uncommon,1,109730,7ae1439f-a0c4-42c2-a4f3-8851defa981e,0.16,false,false,near_mint,en,EUR,2025-11-26T15:34:18.488Z
Joust Through,FDN,Foundations,19,normal,uncommon,2,100767,846adb38-f9bb-4fed-b8ed-36ec7885f989,0.15,false,false,near_mint,en,EUR,2025-04-20T23:27:12.695Z
Judge Magister Gabranth,FIN,Final Fantasy,230,normal,uncommon,1,106688,f9e64cb6-48f7-41d3-99e7-4b0bc3b33fd7,0.12,false,false,near_mint,en,EUR,2025-06-18T14:09:45.764Z
Juggernaut,FDN,Foundations,255,foil,uncommon,1,101351,f4468fff-cd6f-428c-b7a0-ff89f5bbea2e,0.02,false,false,near_mint,en,EUR,2025-04-20T23:27:12.695Z
"June, Bounty Hunter",TLA,Avatar: The Last Airbender,106,normal,uncommon,1,109385,148bbaab-bc7b-46ab-8e18-ade69d71d847,0.1,false,false,near_mint,en,EUR,2025-11-26T15:34:18.488Z
Jungle Hollow,DFT,Aetherdrift,256,foil,common,1,103126,7dd24a1a-08db-4fa7-8939-f5541677327e,0.1,false,false,near_mint,en,EUR,2025-04-20T23:27:12.695Z
Jungle Hollow,FDN,Foundations,263,normal,common,2,101224,dc758e14-d370-45e4-bbc5-938fb4d21127,0.06,false,false,near_mint,en,EUR,2025-04-20T23:27:12.695Z
Jungle Hollow,TDM,Tarkir: Dragonstorm,258,normal,common,2,104375,ea13440b-3f7b-4182-9541-27c1fa3121e5,0.02,false,false,near_mint,en,EUR,2025-04-20T23:27:12.695Z
Junk Winder,BLC,Bloomburrow Commander,169,normal,uncommon,1,96168,0ee1b75a-18e3-43ce-a1db-b27fd1771279,0.19,false,false,near_mint,en,EUR,2025-11-06T20:40:57.429Z
"Juri, Master of the Revue",EOC,Edge of Eternities Commander,119,normal,uncommon,1,107018,5006eae5-3b77-45ab-a907-f5094b2eaf1f,0.13,false,false,near_mint,en,EUR,2025-08-06T14:50:32.528Z
"Kaito, Cunning Infiltrator",FDN,Foundations,44,normal,mythic,1,100560,5dabdea9-2015-49b9-853d-4f7e1262eab3,3.66,false,false,near_mint,en,EUR,2025-04-20T23:27:12.695Z
"Kalakscion, Hunger Tyrant",DFT,Aetherdrift,93,normal,uncommon,1,103435,1214fc6d-ae47-418d-88cc-58633ec2ac7a,0.22,false,false,near_mint,en,EUR,2025-04-20T23:27:12.695Z
Kami of Lunacy,CHK,Champions of Kamigawa,119,normal,uncommon,1,29107,4baef070-d265-4c6d-9b4b-3cafbd3b34c3,0.08,false,false,near_mint,en,EUR,2025-06-16T17:24:56.249Z
Kapow!,SPM,Marvel's Spider-Man,103,normal,common,1,107674,cec575f6-43c9-41c6-a996-bb806bf82185,0.06,false,false,near_mint,en,EUR,2025-09-30T23:51:40.191Z
Karplusan Forest,EOC,Edge of Eternities Commander,164,normal,rare,1,107047,67198b97-bac2-480f-aea8-12841e8884de,1.5,false,false,near_mint,en,EUR,2025-08-06T14:50:32.528Z
"Katara, the Fearless",TLA,Avatar: The Last Airbender,230,normal,rare,1,108135,b0a18f8b-7364-4375-b2e1-e2f15978517f,0.02,false,false,near_mint,en,EUR,2025-11-26T15:34:18.488Z
Kavaron Harrier,EOE,Edge of Eternities,139,normal,uncommon,1,107383,1da2a740-e4ff-4661-ba57-39b15c58e26e,0.18,false,false,near_mint,en,EUR,2025-08-02T12:05:52.876Z
Kavaron Skywarden,EOE,Edge of Eternities,140,normal,common,1,107726,617038a8-0544-4d0e-8ff1-c786e60ecd59,0.09,false,false,near_mint,en,EUR,2025-08-02T12:05:52.876Z
Kavaron Turbodrone,EOE,Edge of Eternities,141,normal,common,2,107788,f5e92cdd-75df-499e-94f7-22287f1000b3,0.1,false,false,near_mint,en,EUR,2025-08-01T19:16:32.510Z
Keen Buccaneer,DFT,Aetherdrift,48,normal,common,1,103429,0ed90a63-5aca-470a-8e1e-518d8aeb6d91,0.06,false,false,near_mint,en,EUR,2025-04-20T23:27:12.695Z
"Kellan, the Kid",OTJ,Outlaws of Thunder Junction,213,normal,mythic,1,93031,04dfbc4c-ab21-45db-bbd9-b9d245d60015,0.81,false,false,near_mint,en,EUR,2025-10-27T10:57:33.331Z
Kickoff Celebrations,DFT,Aetherdrift,135,foil,common,1,103498,4e5590e1-0ac0-4bdd-815b-136bf24ced03,0.12,false,false,near_mint,en,EUR,2025-04-20T23:27:12.695Z
Kickoff Celebrations,DFT,Aetherdrift,135,normal,common,1,103498,4e5590e1-0ac0-4bdd-815b-136bf24ced03,0.06,false,false,near_mint,en,EUR,2025-04-20T23:27:12.695Z
Killian's Confidence,SOS,Secrets of Strixhaven,197,normal,uncommon,1,112443,55ff776a-fc3b-4338-8864-d57a85b3f123,0.02,false,false,near_mint,en,EUR,2026-05-08T10:13:36.442Z
"Kimahri, Valiant Guardian",FIC,Final Fantasy Commander,175,normal,rare,1,105898,402780a2-ae0b-448d-a93a-e5ef6f7160d4,1.78,false,false,near_mint,en,EUR,2025-06-18T14:09:45.764Z
Kin-Tree Nurturer,TDM,Tarkir: Dragonstorm,83,normal,common,1,105124,2177ef64-28bf-4acf-b1f1-c1408f03c411,0.02,false,false,near_mint,en,EUR,2025-04-20T23:27:12.695Z
Kin-Tree Severance,TDM,Tarkir: Dragonstorm,200,normal,uncommon,1,104896,b577e246-3377-42aa-856e-b9fa89f3603a,0.09,false,false,near_mint,en,EUR,2025-04-20T23:27:12.695Z
Kinbinding,ECL,Lorwyn Eclipsed,407,foil,rare,1,110418,df94f428-f097-42cb-be03-3046e6867344,0.4,false,false,near_mint,en,EUR,2026-01-25T20:47:46.805Z
Kindle the Inner Flame,ECL,Lorwyn Eclipsed,147,normal,uncommon,1,110796,9a2adcea-f6b1-4611-b8b8-f19fdee2c571,0.02,false,false,near_mint,en,EUR,2026-01-25T20:47:46.692Z
Kishla Skimmer,TDM,Tarkir: Dragonstorm,201,normal,uncommon,1,104899,b5f1acb0-d73e-4814-8158-3645daf5c4cc,0.11,false,false,near_mint,en,EUR,2025-04-20T23:27:12.695Z
Kishla Trawlers,TDM,Tarkir: Dragonstorm,50,normal,uncommon,1,104472,190fbc55-e8e9-4077-9532-1de7406baabf,0.06,false,false,near_mint,en,EUR,2025-04-20T23:27:12.695Z
Kithkin,TECL,Lorwyn Eclipsed Tokens,7,normal,common,5,110711,2ed11e1b-2289-48d2-8d96-ee7e590ecfd4,,false,false,near_mint,en,EUR,2026-01-25T20:47:46.670Z
Kitsune's Technique,TMT,Teenage Mutant Ninja Turtles,42,normal,rare,1,110939,9ca5327e-df90-483c-875f-73a23781f56d,0.76,false,false,near_mint,en,EUR,2026-03-06T23:49:55.802Z
Knight Luminary,EOE,Edge of Eternities,23,normal,common,2,107708,34334971-c1b7-4506-a6dd-77f66b3ae4e7,0.11,false,false,near_mint,en,EUR,2025-08-01T19:16:32.510Z
"Koma, World-Eater",FDN,Foundations,121,normal,rare,1,101102,c3b92caa-3401-4b11-9515-152f3e057c05,1.33,false,false,near_mint,en,EUR,2025-04-20T23:27:12.695Z
"Korvold, Fae-Cursed King",EOC,Edge of Eternities Commander,120,normal,mythic,1,107032,607c1793-8e5a-4ebf-87c6-7f9c99bbd29a,4.6,false,false,near_mint,en,EUR,2025-08-06T14:50:32.528Z
"Koya, Death from Above",TMT,Teenage Mutant Ninja Turtles,11,normal,uncommon,2,111584,7a4f1ccc-2225-4cd0-abef-0eb7a8eae9cf,0.08,false,false,near_mint,en,EUR,2026-03-06T23:49:55.735Z
"Krang, Master Mind",TMT,Teenage Mutant Ninja Turtles,230,normal,rare,1,111208,3942f813-6241-49f5-8df3-e60e2e332410,2.69,false,false,near_mint,en,EUR,2026-03-06T23:49:55.848Z
Kraven's Cats,SPM,Marvel's Spider-Man,104,normal,common,1,107649,86c415d8-1d2d-4339-955b-0f2aebeb3c95,0.03,false,false,near_mint,en,EUR,2025-09-30T23:51:40.191Z
"Kraven, Proud Predator",SPM,Marvel's Spider-Man,132,normal,uncommon,1,108567,af7c63e1-eccc-40a2-ba14-ce0d2a6123fc,0.02,false,false,near_mint,en,EUR,2025-09-30T23:51:40.191Z
"Krenko, Mob Boss",FDN,Foundations,204,normal,rare,1,100750,824b2d73-2151-4e5e-9f05-8f63e2bdcaa9,0.6,false,false,near_mint,en,EUR,2025-04-20T23:27:12.695Z
Krotiq Nestguard,TDM,Tarkir: Dragonstorm,148,normal,common,1,104862,a5d0a9fb-1068-478d-a78c-6fd77cc313f0,0.02,false,false,near_mint,en,EUR,2025-04-20T23:27:12.695Z
Kruin Striker,J25,Foundations Jumpstart,573,normal,common,1,101051,b9788412-219e-4748-8684-ccabbb19df18,0.1,false,false,near_mint,en,EUR,2025-04-20T23:27:12.695Z
Kuldotha Rebirth,SOM,Scars of Mirrodin,96,normal,common,1,20936,7ee07266-a95d-4cd8-9863-1664922e9490,1.09,false,false,near_mint,en,EUR,2025-04-20T23:27:12.695Z
Kulrath Mystic,ECL,Lorwyn Eclipsed,56,normal,common,1,110477,377d257c-920c-4dd4-a4b1-01cbc631ef8f,0.03,false,false,near_mint,en,EUR,2026-01-25T20:47:46.769Z
Kulrath Zealot,ECL,Lorwyn Eclipsed,148,normal,common,2,110718,3502685d-4e57-4c5c-94c6-ae69048cdfbf,0.07,false,false,near_mint,en,EUR,2026-01-25T20:47:46.771Z
Kyoshi Battle Fan,TLA,Avatar: The Last Airbender,257,normal,common,2,109659,257e6862-96fe-4312-aff2-509d0696843a,0.05,false,false,near_mint,en,EUR,2025-11-26T15:34:18.488Z
Kyoshi Warriors,TLA,Avatar: The Last Airbender,26,normal,common,1,109651,211045e1-85c7-4088-b830-a2afa0fe520b,0.04,false,false,near_mint,en,EUR,2025-11-26T15:34:18.488Z
"Lagorin, Soul of Alacria",DFT,Aetherdrift,211,foil,uncommon,2,103124,7b04e3f4-103b-4845-b3f0-5417971c7666,0.11,false,false,near_mint,en,EUR,2025-04-20T23:27:12.695Z
Lander,TEOE,Edge of Eternities Tokens,8,normal,common,1,107081,85ef1950-219f-401b-8ff5-914f9aaec122,,false,false,near_mint,en,EUR,2025-08-01T19:16:32.510Z
Lander,TEOE,Edge of Eternities Tokens,5,normal,common,2,107761,ba3b3b34-0ffa-41a4-8529-7b9d2946a1ac,,false,false,near_mint,en,EUR,2025-08-01T19:16:32.510Z
Lander,TEOE,Edge of Eternities Tokens,7,normal,common,3,107768,c1d0baf8-db86-4a98-84fa-43aa32e0980f,,false,false,near_mint,en,EUR,2025-08-01T19:16:32.510Z
Landscape Painter // Vibrant Idea,SOS,Secrets of Strixhaven,56,normal,common,1,112264,c0bd30c4-3cdf-4eda-8be5-0fb5e5ddddbf,0.04,false,false,near_mint,en,EUR,2026-05-08T10:13:36.505Z
Larval Scoutlander,EOE,Edge of Eternities,194,normal,uncommon,1,107555,d6083f43-58dc-46fc-aeff-347b1080417b,0.17,false,false,near_mint,en,EUR,2025-08-02T12:05:52.876Z
Lashwhip Predator,EOE,Edge of Eternities,195,normal,uncommon,1,107593,24553e98-29a9-47e3-91c7-9add708d9ad1,0.15,false,false,near_mint,en,EUR,2025-08-02T12:05:52.876Z
Last Gasp,SOS,Secrets of Strixhaven,86,normal,common,1,112698,da5f3729-6ec7-4482-90cb-83b973edeae4,0.03,false,false,near_mint,en,EUR,2026-05-08T10:13:36.448Z
Laughing Mad,FIN,Final Fantasy,143,normal,common,1,106168,cd5b9daf-6325-4eb4-a069-4a8cc7807884,0.09,false,false,near_mint,en,EUR,2025-06-18T14:09:45.764Z
Lavaleaper,ECL,Lorwyn Eclipsed,150,normal,rare,1,110367,82902488-d178-4752-bcfb-dd3050654d23,0.02,false,false,near_mint,en,EUR,2026-01-25T20:47:46.762Z
"Lazav, Familiar Stranger",OTJ,Outlaws of Thunder Junction,216,normal,uncommon,1,93022,00293326-3eb2-492c-b565-7abafa037d8c,0.13,false,false,near_mint,en,EUR,2025-10-27T10:57:33.331Z
Leaves from the Vine,TLA,Avatar: The Last Airbender,185,normal,uncommon,1,109520,b18995c2-efe3-46ca-8204-e2dc0e42f6e3,0.14,false,false,near_mint,en,EUR,2025-11-26T15:34:18.488Z
Leech Collector // Bloodletting,SOS,Secrets of Strixhaven,88,normal,uncommon,1,112684,c715fe4c-c0e7-4342-811f-b74687851097,0.08,false,false,near_mint,en,EUR,2026-05-08T10:13:36.429Z
"Leonardo, Big Brother",TMT,Teenage Mutant Ninja Turtles,14,normal,common,1,111534,e802838f-cc8c-4313-8c3b-32a6a7248e64,0.15,false,false,near_mint,en,EUR,2026-03-06T23:49:55.766Z
"Leonardo, Leader in Blue",TMT,Teenage Mutant Ninja Turtles,16,normal,uncommon,1,111523,d6eaae35-d513-43d8-be2d-b97c15e25937,0.04,false,false,near_mint,en,EUR,2026-03-06T23:49:55.813Z
Leonin Surveyor,DFT,Aetherdrift,18,normal,common,2,103653,e08e4107-213f-491b-a032-8e3367009ba8,0.07,false,false,near_mint,en,EUR,2025-04-20T23:27:12.695Z
Leyline Axe,FDN,Foundations,129,normal,rare,1,101052,b9c03336-a321-4c06-94d1-809f328fabd8,1.56,false,false,near_mint,en,EUR,2025-04-20T23:27:12.695Z
Leyline of the Guildpact,MKM,Murders at Karlov Manor,217,normal,rare,1,91170,bf6e59be-f959-4f4a-8c2d-b7c441e88135,4.17,false,false,near_mint,en,EUR,2025-04-20T23:27:12.695Z
Lie in Wait,TDM,Tarkir: Dragonstorm,203,normal,uncommon,1,104819,96fff22c-282b-4849-82ce-890013b53262,0.07,false,false,near_mint,en,EUR,2025-04-20T23:27:12.695Z
Light of Judgment,FIN,Final Fantasy,144,normal,common,1,106600,98bb716d-ca66-445f-9cb3-0fc656c8ebff,0.06,false,false,near_mint,en,EUR,2025-06-18T14:09:45.764Z
Lightfoot Technique,TDM,Tarkir: Dragonstorm,14,normal,common,1,104910,baac1a41-d44d-4184-9147-b4233e73de65,0.04,false,false,near_mint,en,EUR,2025-04-20T23:27:12.695Z
Lightning Strike,DFT,Aetherdrift,136,normal,common,1,103461,30077b49-b825-4dbb-a0c7-f3992f647df0,0.06,false,false,near_mint,en,EUR,2025-04-20T23:27:12.695Z
Lightning Strike,TLA,Avatar: The Last Airbender,146,normal,common,2,108213,5787b0e0-9469-4a6d-8b81-c992628e28c0,0.09,false,false,near_mint,en,EUR,2025-11-26T15:34:18.488Z
Lightshell Duo,FDN,Foundations,157,normal,common,3,101063,bb75315c-ea8f-4eb0-899e-c73ef75fc396,0.05,false,false,near_mint,en,EUR,2025-04-20T23:27:12.695Z
Lightshield Parry,DFT,Aetherdrift,19,foil,common,1,103302,dcf6a0e7-1fd4-425f-b634-c93236daea35,0.08,false,false,near_mint,en,EUR,2025-04-20T23:27:12.695Z
Lightshield Parry,DFT,Aetherdrift,19,normal,common,1,103302,dcf6a0e7-1fd4-425f-b634-c93236daea35,0.02,false,false,near_mint,en,EUR,2025-04-20T23:27:12.695Z
Lightwheel Enhancements,DFT,Aetherdrift,20,normal,common,2,103583,9ab169c1-4e25-4a5d-8961-4f06298c3781,0.09,false,false,near_mint,en,EUR,2025-04-20T23:27:12.695Z
"Lilah, Undefeated Slickshot",OTJ,Outlaws of Thunder Junction,217,normal,rare,1,93384,e21f90ea-5934-4757-8515-38ef116afac1,0.16,false,false,near_mint,en,EUR,2025-10-27T10:57:33.331Z
Liminal Hold,ECL,Lorwyn Eclipsed,24,normal,common,1,110583,a5a40c16-7a5c-4ad1-be53-6b1b1be2affe,0.04,false,false,near_mint,en,EUR,2026-01-25T20:47:46.743Z
"Lita, Mechanical Engineer",TLE,Avatar: The Last Airbender Eternal,4,normal,mythic,1,109824,e9211079-9499-4443-8cb9-4c2bb2849994,2.85,false,false,near_mint,en,EUR,2025-11-26T15:34:18.488Z
Lithobraking,EOE,Edge of Eternities,142,normal,uncommon,1,107438,5a22024c-2c0f-4487-98d1-ee89cf3dba89,0.21,false,false,near_mint,en,EUR,2025-08-02T12:05:52.876Z
Livewire Lash,SOM,Scars of Mirrodin,172,normal,rare,1,20860,bbef3e31-eb5a-43f7-a0b2-12348df6968d,0.18,false,false,near_mint,en,EUR,2025-04-20T23:27:12.695Z
"Living Brain, Mechanical Marvel",SPM,Marvel's Spider-Man,167,normal,uncommon,1,108495,26833b64-2e6d-4977-9a6e-6fe73c54d671,0.07,false,false,near_mint,en,EUR,2025-09-30T23:51:40.191Z
Llanowar Elves,FDN,Foundations,227,normal,common,2,95583,6a0b230b-d391-4998-a3f7-7b158a0ec2cd,0.17,false,false,near_mint,en,EUR,2025-04-20T23:27:12.695Z
Llanowar Wastes,EOC,Edge of Eternities Commander,165,normal,rare,1,107179,d9f0d724-3b77-4cf6-a745-a04aca743312,1.16,false,false,near_mint,en,EUR,2025-08-06T14:50:32.528Z
Loamcrafter Faun,EOC,Edge of Eternities Commander,99,normal,rare,1,106942,066de4d6-3fa4-44e0-ab02-8d97b603015a,0.18,false,false,near_mint,en,EUR,2025-08-06T14:50:32.528Z
Loan Shark,OTJ,Outlaws of Thunder Junction,55,normal,common,1,93147,49f12760-ff07-4c9f-a7a9-1e64bd3a9adf,0.02,false,false,near_mint,en,EUR,2025-10-27T10:57:33.331Z
Loathsome Curator,MH2,Modern Horizons 2,91,normal,common,1,59412,11a59a6f-6ef0-4acc-8358-a4e2cebdb7d5,0.06,false,false,near_mint,en,EUR,2025-06-16T17:24:56.249Z
Locust Spray,SOA,Secrets of Strixhaven Mystical Archive,31,normal,uncommon,1,112497,b221e1e9-7b14-4444-ac1c-3d5174c711e9,0.05,false,false,near_mint,en,EUR,2026-05-08T10:13:36.454Z
Lofty Dreams,ECL,Lorwyn Eclipsed,58,normal,uncommon,1,110803,a2908ed1-517e-4f1a-94e5-b06fb033c1a6,0.08,false,false,near_mint,en,EUR,2026-01-25T20:47:46.746Z
Loporrit Scout,FIN,Final Fantasy,192,normal,common,1,106612,a182bc66-bfda-4bf5-bd12-3de5dba60945,0.04,false,false,near_mint,en,EUR,2025-06-18T14:09:45.764Z
Lorehold Charm,SOS,Secrets of Strixhaven,200,normal,uncommon,1,111656,5fe70295-e550-4577-a341-dab6c25aabfd,0.14,false,false,near_mint,en,EUR,2026-05-08T10:13:36.514Z
Lost in Space,EOE,Edge of Eternities,62,normal,common,2,107733,6d9d7979-97af-4c85-86f5-1b3704f74e8b,0.05,false,false,near_mint,en,EUR,2025-08-01T19:16:32.510Z
Lotusguard Disciple,DFT,Aetherdrift,21,foil,common,1,103553,80645651-3804-481f-8f8f-ade762a011e1,0.02,false,false,near_mint,en,EUR,2025-04-20T23:27:12.695Z
Lotusguard Disciple,DFT,Aetherdrift,21,normal,common,1,103553,80645651-3804-481f-8f8f-ade762a011e1,0.03,false,false,near_mint,en,EUR,2025-04-20T23:27:12.695Z
Loxodon Battle Priest,TDM,Tarkir: Dragonstorm,15,normal,uncommon,1,104861,a527cdb0-f54a-4b53-83a0-6b3e8cafa45e,0.05,false,false,near_mint,en,EUR,2025-04-20T23:27:12.695Z
Loxodon Convert,NPH,New Phyrexia,14,normal,common,1,19871,00c050c3-4f50-4bb6-8477-6737887ca10d,0.1,false,false,near_mint,en,EUR,2025-04-20T23:27:12.695Z
Loxodon Eavesdropper,MKM,Murders at Karlov Manor,168,normal,common,1,91158,bbbf8c3a-6c74-42fd-bb8d-61e3f0a77848,0.02,false,false,near_mint,en,EUR,2025-06-16T17:24:56.249Z
Loxodon Surveyor,DFT,Aetherdrift,167,normal,common,2,103632,cd1cecb1-6776-4495-be56-b7dde65453f1,0.04,false,false,near_mint,en,EUR,2025-04-20T23:27:12.695Z
Loyal Warhound,BLC,Bloomburrow Commander,107,normal,rare,1,96191,1d01ce54-3f64-465e-835a-27c55753926b,0.47,false,false,near_mint,en,EUR,2025-11-06T20:40:57.429Z
Lumbering Worldwagon,DFT,Aetherdrift,168,foil,rare,1,103589,9f989c59-7b2a-4036-9ea2-cd0c7e85c15b,0.4,false,false,near_mint,en,EUR,2025-04-20T23:27:12.695Z
Lumen-Class Frigate,EOE,Edge of Eternities,25,normal,rare,1,107370,0cc59b5a-65fa-47cc-8ac7-b7c3f533a782,0.09,false,false,near_mint,en,EUR,2025-08-01T19:16:32.510Z
Luminollusk,ECL,Lorwyn Eclipsed,179,normal,uncommon,1,110729,3d591e66-4bf9-47e7-bcef-57769ec3edc6,0.05,false,false,near_mint,en,EUR,2026-01-25T20:47:46.736Z
Luminous Broodmoth,BLC,Bloomburrow Commander,144,normal,mythic,1,96460,c5a4b212-bc60-4a58-b5f6-4012a3158785,0.94,false,false,near_mint,en,EUR,2025-11-06T20:40:57.429Z
Luminous Rebuke,FDN,Foundations,20,normal,common,2,101529,621839e1-2756-4cdc-a25c-5f76ea98dd87,0.03,false,false,near_mint,en,EUR,2025-04-20T23:27:12.695Z
Lunatic Pandora,FIN,Final Fantasy,262,normal,common,2,106659,d6e1e3e7-20d4-42cb-ad22-60356b9e8fdc,0.08,false,false,near_mint,en,EUR,2025-06-18T14:09:45.764Z
Lurking Lizards,SPM,Marvel's Spider-Man,107,normal,common,1,107634,58b5b49c-ddd6-4d1b-9b61-6e02d8fc55ad,0.05,false,false,near_mint,en,EUR,2025-09-30T23:51:40.191Z
Lush Oasis,OTJ,Outlaws of Thunder Junction,261,normal,common,2,93276,988e44c5-4632-4ebb-b6ae-c3886e49d637,0.12,false,false,near_mint,en,EUR,2025-10-27T10:57:33.331Z
Luxknight Breacher,EOE,Edge of Eternities,26,normal,common,2,107537,c1236731-0d33-4705-8077-3cf58acf9a39,0.17,false,false,near_mint,en,EUR,2025-08-01T19:16:32.510Z
Lys Alana Informant,ECL,Lorwyn Eclipsed,181,normal,common,1,110386,a79649c4-559e-4306-a102-5fd8750629c7,0.05,false,false,near_mint,en,EUR,2026-01-25T20:47:46.709Z
Macabre Reconstruction,MKM,Murders at Karlov Manor,93,normal,common,1,91117,abb6184c-e3d0-4275-b25b-95e4a64b26f3,0.1,false,false,near_mint,en,EUR,2025-06-16T17:24:56.249Z
Macabre Waltz,FDN,Foundations,177,normal,common,1,101509,4d1f3c84-89ba-4426-a80b-d524f172c912,0.02,false,false,near_mint,en,EUR,2025-04-20T23:27:12.695Z
"Madame Web, Clairvoyant",SPM,Marvel's Spider-Man,36,normal,uncommon,1,108558,a16ca3fc-3cdf-4333-93e0-524afafe367b,0.1,false,false,near_mint,en,EUR,2025-09-30T23:51:40.191Z
Maestros Theater,EOC,Edge of Eternities Commander,167,normal,common,1,107175,d4087ba6-8227-4ec3-a989-0833ad6c8788,0.29,false,false,near_mint,en,EUR,2025-08-06T14:50:32.528Z
Mage Tower Referee,SOS,Secrets of Strixhaven,249,normal,common,1,112568,1ceb704a-97a8-49f9-b799-30f001404144,0.07,false,false,near_mint,en,EUR,2026-05-08T10:13:36.488Z
Magic Pot,FIN,Final Fantasy,263,normal,common,1,106553,57d07ca0-5618-4a90-a605-ca14a193ce3b,0.05,false,false,near_mint,en,EUR,2025-06-18T14:09:45.764Z
Magitek Armor,FIN,Final Fantasy,24,normal,uncommon,1,106432,59c4a1a2-623c-43b2-8005-ecb5c6436c10,0.07,false,false,near_mint,en,EUR,2025-06-18T14:09:45.764Z
Magma Vein,ODY,Odyssey,203,normal,uncommon,1,31974,69ed2b52-2862-423c-8ce3-6c8232d9d92c,0.11,false,false,near_mint,en,EUR,2025-06-16T17:24:56.249Z
Magmakin Artillerist,DFT,Aetherdrift,137,normal,common,2,103454,2ac26341-a100-424d-be84-33fbbf1b4078,0.14,false,false,near_mint,en,EUR,2025-04-20T23:27:12.695Z
Magnetic Snuffler,MKM,Murders at Karlov Manor,254,normal,uncommon,1,90958,70476534-2fc7-4872-a009-3380dd5ce2ab,0.13,false,false,near_mint,en,EUR,2025-04-20T23:27:12.695Z
Magnifying Glass,MKM,Murders at Karlov Manor,255,normal,common,1,91192,c606a71f-8fb0-486b-955f-727ebf436946,0.08,false,false,near_mint,en,EUR,2025-04-20T23:27:12.695Z
Make Your Move,FDN,Foundations,143,normal,common,4,101546,7368f861-3288-4645-90a7-ca35d6da3721,0.05,false,false,near_mint,en,EUR,2025-04-20T23:27:12.695Z
Make Your Move,MKM,Murders at Karlov Manor,22,normal,common,1,90968,73475d29-2673-4614-86d3-404232426aa8,0.06,false,false,near_mint,en,EUR,2025-04-20T23:27:12.695Z
Make Your Move,TMT,Teenage Mutant Ninja Turtles,20,normal,common,2,111537,ed8bdd98-6377-40cf-b381-cee38b1bda2a,0.1,false,false,near_mint,en,EUR,2026-03-06T23:49:55.730Z
Make Your Own Luck,OTJ,Outlaws of Thunder Junction,218,normal,uncommon,1,93032,0557b0a3-2b48-408f-a508-9f4da2ab1cd1,0.13,false,false,near_mint,en,EUR,2025-10-27T10:57:33.331Z
Makeshift Binding,MKM,Murders at Karlov Manor,23,normal,common,1,91261,e45d2e0c-d70d-40e5-8c3d-db6803393516,0.09,false,false,near_mint,en,EUR,2025-04-20T23:27:12.695Z
Mana Sculpt,SOS,Secrets of Strixhaven,57,normal,rare,1,112284,200c8e3d-c53b-40c7-a29a-fccc1281bfc6,0.68,false,false,near_mint,en,EUR,2026-05-08T10:13:36.542Z
Manhole Missile,TMT,Teenage Mutant Ninja Turtles,94,normal,common,1,111444,243e392b-48b0-4e90-ae22-9a696f45e878,0.07,false,false,near_mint,en,EUR,2026-03-06T23:49:55.826Z
"Maralen, Fae Ascendant",ECL,Lorwyn Eclipsed,233,normal,rare,1,110836,c50f5408-5b5c-41dc-807e-136233403a09,0.02,false,false,near_mint,en,EUR,2026-01-25T20:47:46.793Z
Marauding Blight-Priest,FDN,Foundations,178,normal,common,5,101528,5f70dafc-c638-4ec0-ab5b-62998f752720,0.08,false,false,near_mint,en,EUR,2025-04-20T23:27:12.695Z
Marauding Sphinx,OTJ,Outlaws of Thunder Junction,56,normal,uncommon,1,93116,34071884-c5b6-42c0-9eb3-9f32910c29d8,0.07,false,false,near_mint,en,EUR,2025-10-27T10:57:33.331Z
Mardu Monument,TDM,Tarkir: Dragonstorm,245,normal,uncommon,1,104328,9bd0c794-77bc-4d4a-a769-3829e2ce4bdf,0.04,false,false,near_mint,en,EUR,2025-04-20T23:27:12.695Z
Marketback Walker,DFT,Aetherdrift,235,normal,rare,1,103259,c2152030-6007-493f-a616-545723a00249,0.68,false,false,near_mint,en,EUR,2025-04-20T23:27:12.695Z
Martial Coup,BLC,Bloomburrow Commander,146,normal,rare,1,96479,d8e79f95-6733-476e-9bff-408e90f151c0,0.16,false,false,near_mint,en,EUR,2025-11-06T20:40:57.429Z
Masked Meower,SPM,Marvel's Spider-Man,82,normal,common,1,107643,6aa0dc1f-6c83-4ac9-b4f2-428e0e0bbf88,0.11,false,false,near_mint,en,EUR,2025-09-30T23:51:40.191Z
Master Piandao,TLA,Avatar: The Last Airbender,28,normal,uncommon,1,108191,3e4a042c-f2a6-45e7-9444-acd1ca838b87,0.13,false,false,near_mint,en,EUR,2025-11-26T15:34:18.488Z
Matterbending Mage,SOS,Secrets of Strixhaven,59,normal,uncommon,1,112606,460c6afd-cddf-4fea-925f-b27517ff250a,0.13,false,false,near_mint,en,EUR,2026-07-20T10:08:18.032Z
Maximum Carnage,SPM,Marvel's Spider-Man,83,normal,rare,1,108645,7d72d867-6ed2-4900-a8ae-9d86f581ce32,0.07,false,false,near_mint,en,EUR,2025-09-30T23:51:40.191Z
Maximum Overdrive,DFT,Aetherdrift,96,normal,common,2,103513,5f6e5bb2-cfe9-48e5-86f9-e21f3d328327,0.1,false,false,near_mint,en,EUR,2025-04-20T23:27:12.695Z
Mayhem Devil,EOC,Edge of Eternities Commander,121,normal,uncommon,1,107049,674f3a8a-4552-4289-b92a-06ce158f115c,0.27,false,false,near_mint,en,EUR,2025-08-06T14:50:32.528Z
"Mazirek, Kraul Death Priest",EOC,Edge of Eternities Commander,122,normal,rare,1,106959,1522122b-e4bf-4dba-b22c-efa18bc6c33b,1.96,false,false,near_mint,en,EUR,2025-08-06T14:50:32.528Z
Meanders Guide,ECL,Lorwyn Eclipsed,25,normal,uncommon,1,110787,8c41a0ad-138e-4eef-8f7f-35017e3b086f,0.08,false,false,near_mint,en,EUR,2026-01-25T20:47:46.765Z
Mechan Assembler,EOE,Edge of Eternities,63,normal,uncommon,1,107416,3fd46726-095e-4eb2-a804-eeeb988eee1d,0.2,false,false,near_mint,en,EUR,2025-08-02T12:05:52.876Z
Mechan Navigator,EOE,Edge of Eternities,64,normal,uncommon,1,107507,a1fe1d39-42c8-41d0-8bf0-46973e4b07d4,0.17,false,false,near_mint,en,EUR,2025-08-02T12:05:52.876Z
Mechan Shieldmate,EOE,Edge of Eternities,65,normal,common,1,107736,745b2119-4d9f-431f-89b9-10ad48b6dc47,0.07,false,false,near_mint,en,EUR,2025-08-02T12:05:52.876Z
Mechanical Mobster,SPM,Marvel's Spider-Man,168,normal,common,1,107644,6c6d9ecc-2dd1-471a-8678-a2461b1084fa,0.06,false,false,near_mint,en,EUR,2025-09-30T23:51:40.191Z
Mechanized Ninja Cavalry,TMT,Teenage Mutant Ninja Turtles,156,normal,common,2,111445,2cb65388-dc6c-4e2a-93ac-49ea484849e9,0.09,false,false,near_mint,en,EUR,2026-03-06T23:49:55.750Z
Mechanozoa,EOE,Edge of Eternities,66,normal,common,1,106948,0cb8d8ce-329a-4a97-b3d8-796703ebcb37,0.17,false,false,near_mint,en,EUR,2025-08-01T19:16:32.510Z
Melancholic Poet,SOS,Secrets of Strixhaven,90,normal,common,1,112696,d8309815-7035-47a5-acf2-2b2ac1e65037,0.03,false,false,near_mint,en,EUR,2026-05-08T10:13:36.433Z
Melded Moxite,EOE,Edge of Eternities,143,normal,common,1,107421,474c067f-eb24-4ae8-b4c0-f6f8e24cdb2a,0.22,false,false,near_mint,en,EUR,2025-08-01T19:16:32.510Z
Meltstrider Eulogist,EOE,Edge of Eternities,197,normal,uncommon,1,107563,df61aa0c-effc-4d57-be19-876a82c41d33,0.16,false,false,near_mint,en,EUR,2025-08-01T19:16:32.510Z
Meltstrider's Gear,EOE,Edge of Eternities,198,normal,common,1,107775,d75629cb-91e2-46fa-9c80-6feb29e1ceb8,0.16,false,false,near_mint,en,EUR,2025-08-01T19:16:32.510Z
Meltstrider's Resolve,EOE,Edge of Eternities,199,normal,uncommon,1,107596,53c08af4-b975-4d9d-baba-73e6727f2778,0.17,false,false,near_mint,en,EUR,2025-08-01T19:16:32.510Z
Memorial Team Leader,EOE,Edge of Eternities,144,normal,uncommon,1,107413,3ddc240a-62df-4773-98d7-48a9adaf1846,0.14,false,false,near_mint,en,EUR,2025-08-02T12:05:52.876Z
Memory Guardian,DFT,Aetherdrift,49,normal,uncommon,2,103524,6b199ce2-0ea0-47e5-a36c-36373be53fec,0.4,false,false,near_mint,en,EUR,2025-04-20T23:27:12.695Z
Mental Modulation,EOE,Edge of Eternities,67,normal,common,2,107693,0f2d12fc-38a0-42e6-9caa-7c18bfcf0011,0.14,false,false,near_mint,en,EUR,2025-08-01T19:16:32.510Z
Merciless Enforcers,SPM,Marvel's Spider-Man,58,normal,common,1,107686,fba9c76c-1432-4554-88bd-3f5e8709a963,0.06,false,false,near_mint,en,EUR,2025-09-30T23:51:40.191Z
Merrow Skyswimmer,ECL,Lorwyn Eclipsed,234,normal,common,1,110676,075b419a-fd44-4a9a-8c40-474562b7e11a,0.1,false,false,near_mint,en,EUR,2026-01-25T20:47:46.708Z
Messenger Hawk,TLA,Avatar: The Last Airbender,234,normal,common,1,109713,6a2946c0-0a40-4cdb-92c8-af2bafecca09,0.07,false,false,near_mint,en,EUR,2025-11-26T15:34:18.488Z
Metalhead,TMT,Teenage Mutant Ninja Turtles,44,normal,uncommon,1,111563,3c2d8b09-8694-45ab-be01-f8dc17378cf0,0.09,false,false,near_mint,en,EUR,2026-03-06T23:49:55.733Z
"Michelangelo, Game Master",TMT,Teenage Mutant Ninja Turtles,118,normal,common,1,111448,2e914c3d-2eed-48bf-af9a-a8998fd5111d,0.07,false,false,near_mint,en,EUR,2026-03-06T23:49:55.789Z
"Michelangelo, Mutant BFF",TMT,Teenage Mutant Ninja Turtles,120,normal,uncommon,2,111436,02f7281f-b50c-4a1c-a2fc-3caeb6ab7d41,0.13,false,false,near_mint,en,EUR,2026-03-06T23:49:55.732Z
Micromancer,FDN,Foundations,158,normal,uncommon,1,101274,e6af54ea-b57a-4e50-8e46-1747cca14430,0.05,false,false,near_mint,en,EUR,2025-04-20T23:27:12.695Z
Midnight Mangler,DFT,Aetherdrift,50,normal,common,2,102951,237568e3-7331-4bbb-a091-a766723134fc,0.08,false,false,near_mint,en,EUR,2025-04-20T23:27:12.695Z
Midnight Tilling,ECL,Lorwyn Eclipsed,182,normal,common,1,110619,c5112bbf-752c-41e7-9c61-4c81e6a77463,0.1,false,false,near_mint,en,EUR,2026-01-25T20:47:46.714Z
Migrating Ketradon,DFT,Aetherdrift,170,normal,common,1,103597,a9ba2219-8184-4141-8708-845cb0957299,0.04,false,false,near_mint,en,EUR,2025-04-20T23:27:12.695Z
Mild-Mannered Librarian,FDN,Foundations,228,normal,uncommon,1,100515,5389663a-fe25-41b9-8c92-1f4d7721ffc2,0.04,false,false,near_mint,en,EUR,2025-04-20T23:27:12.695Z
Mind Control,M11,Magic 2011,67,normal,uncommon,1,21322,496f79d6-33ee-4e31-9601-2722b0bc9141,0.2,false,false,near_mint,en,EUR,2025-04-20T23:27:12.695Z
Mind Stone,BLC,Bloomburrow Commander,280,normal,uncommon,1,96305,5cf95476-27ed-487d-8459-c97a921bb808,0.16,false,false,near_mint,en,EUR,2025-11-06T20:40:57.429Z
Mind Transfer Protocol,TMT,Teenage Mutant Ninja Turtles,45,normal,common,1,111447,2ddfcc4d-dd5f-42f1-8f33-a8e8b5354534,0.04,false,false,near_mint,en,EUR,2026-03-06T23:49:55.810Z
Mindful Biomancer,SOS,Secrets of Strixhaven,154,normal,common,1,112582,2c3a6eb8-ce0c-4dc8-9ed6-d2a9223eef53,0.04,false,false,near_mint,en,EUR,2026-05-08T10:13:36.477Z
Mindspring Merfolk,DFT,Aetherdrift,51,normal,rare,1,103232,b6250b8b-1943-445f-ada9-30b41eb6d29b,0.51,false,false,near_mint,en,EUR,2025-04-20T23:27:12.695Z
Mindspring Merfolk,DFT,Aetherdrift,335,normal,rare,1,103247,bcda94fc-43f0-4fa6-b38b-bb8c4c26d9a1,0.39,false,false,near_mint,en,EUR,2025-04-20T23:27:12.695Z
"Minwu, White Mage",FIN,Final Fantasy,26,normal,rare,1,106563,6822144f-f0eb-4e10-a217-52cad36d2973,0.02,false,false,near_mint,en,EUR,2025-06-18T14:09:45.764Z
Mischievous Mystic,FDN,Foundations,47,normal,uncommon,1,100242,20d89cec-528b-4b2a-87db-e11ce0000622,0.24,false,false,near_mint,en,EUR,2025-04-20T23:27:12.695Z
Mischievous Pup,FDN,Foundations,144,normal,uncommon,1,100670,7214d984-6400-44d7-bde6-57d96b606e78,0.08,false,false,near_mint,en,EUR,2025-04-20T23:27:12.695Z
Mischievous Sneakling,ECL,Lorwyn Eclipsed,235,normal,common,1,110726,3b66fa00-2fa6-4060-9e7f-8e3fde6deb73,0.08,false,false,near_mint,en,EUR,2026-01-25T20:47:46.694Z
"Mister Fantastic, Reed Richards",PW26,Wizards Play Network 2026,10,normal,rare,1,113382,a07db360-ccf5-451c-be5e-a9b43992dc4e,0.75,false,false,near_mint,en,EUR,2026-07-20T10:08:18.022Z
Mistmeadow Council,ECL,Lorwyn Eclipsed,183,normal,common,1,110845,d4a7c9bc-81c8-4c31-96a9-eb6ba7715e7f,0.11,false,false,near_mint,en,EUR,2026-01-25T20:47:46.682Z
Mob Lookout,SPM,Marvel's Spider-Man,136,normal,common,2,108585,e0e3b660-d391-454b-ba57-bff4ddcf27b7,0.04,false,false,near_mint,en,EUR,2025-09-30T23:51:40.191Z
Mocking Sprite,FDN,Foundations,159,normal,common,1,101624,f6792f63-b651-497d-8aa5-cddf4cedeca8,0.09,false,false,near_mint,en,EUR,2025-04-20T23:27:12.695Z
Molecular Modifier,EOE,Edge of Eternities,146,normal,uncommon,1,107739,7b80b9c9-a871-4c04-b8be-feb81a900591,0.08,false,false,near_mint,en,EUR,2025-08-02T12:05:52.876Z
Molten Exhale,TDM,Tarkir: Dragonstorm,113,normal,common,1,104440,0ab95aab-a4bf-4131-83a0-2c138b6f20c3,0.02,false,false,near_mint,en,EUR,2025-04-20T23:27:12.695Z
Moment of Reckoning,SOS,Secrets of Strixhaven,205,normal,rare,1,112345,577d9dc8-7720-4dc9-b650-64b4729b309b,0.28,false,false,near_mint,en,EUR,2026-07-20T10:08:18.033Z
"Momo, Friendly Flier",TLA,Avatar: The Last Airbender,394,foil,rare,1,109505,a7b91b5f-815c-4bdc-97e4-dc7bc8ed29c0,3.7,false,false,near_mint,en,EUR,2025-11-26T15:34:18.488Z
Monastery Messenger,TDM,Tarkir: Dragonstorm,208,normal,common,1,104443,0c9eeced-6464-41f0-bbea-05b3af4cc005,0.04,false,false,near_mint,en,EUR,2025-04-20T23:27:12.695Z
Monoist Sentry,EOE,Edge of Eternities,111,normal,uncommon,1,107753,acc503e2-5c3a-4200-beb0-7d193d6c869e,0.24,false,false,near_mint,en,EUR,2025-08-01T19:16:32.510Z
Moogle,TFIN,Final Fantasy Tokens,11,normal,common,1,105862,295b78dc-b26d-4e92-8f75-916566c4db14,0.4,false,false,near_mint,en,EUR,2025-06-18T14:09:45.764Z
Moon-Vigil Adherents,ECL,Lorwyn Eclipsed,184,normal,uncommon,1,110756,60621c37-62e1-4261-ae76-3946b4a0cfa3,0.07,false,false,near_mint,en,EUR,2026-01-25T20:47:46.687Z
Moonglove Extractor,ECL,Lorwyn Eclipsed,109,normal,common,2,110369,8383e0ab-81b4-4a6b-b87b-dd9180dca1c2,0.06,false,false,near_mint,en,EUR,2026-01-25T20:47:46.772Z
Moonlight Geist,AVR,Avacyn Restored,29,normal,common,1,18249,4cf4c4cf-df35-4725-81ca-d62b70b8d0dd,0.05,false,false,near_mint,en,EUR,2025-04-20T23:27:12.695Z
Moonlit Lamenter,ECL,Lorwyn Eclipsed,26,normal,uncommon,1,110871,fb8fc509-cff6-470f-abf6-b07f6c3f94e1,0.04,false,false,near_mint,en,EUR,2026-01-25T20:47:46.721Z
Moonlit Meditation,EOE,Edge of Eternities,69,normal,rare,1,107580,f2a56007-5bca-4edf-9cc4-5f77a273636c,0.02,false,false,near_mint,en,EUR,2025-08-02T12:05:52.876Z
"Moraug, Fury of Akoum",EOC,Edge of Eternities Commander,89,normal,mythic,1,107013,4481eab8-9e7d-4db8-b1f2-fdf5ee1919a2,3.05,false,false,near_mint,en,EUR,2025-08-06T14:50:32.528Z
Morcant's Eyes,ECL,Lorwyn Eclipsed,185,normal,uncommon,1,110585,a730b254-ff7c-4f89-a559-b44ad7fd6c6c,0.02,false,false,near_mint,en,EUR,2026-01-25T20:47:46.689Z
Morcant's Loyalist,ECL,Lorwyn Eclipsed,236,normal,uncommon,1,110693,175c6b1c-8790-41a2-ae15-5031206c410f,0.23,false,false,near_mint,en,EUR,2026-01-25T20:47:46.796Z
Morningtide's Light,ECL,Lorwyn Eclipsed,27,normal,mythic,1,108943,181ee045-5650-479a-8c03-015b38fdcd63,2.65,false,false,near_mint,en,EUR,2026-01-25T20:47:46.674Z
Mountain,ECL,Lorwyn Eclipsed,272,normal,common,1,110313,295b92bc-d66f-45d8-9bbe-5f5f13e39fd4,0.13,false,false,near_mint,en,EUR,2026-01-25T20:47:46.671Z
Mountain,ECL,Lorwyn Eclipsed,277,normal,common,1,110381,9b6fe3e2-a2cf-4209-ac9b-e04d02599360,0.2,false,false,near_mint,en,EUR,2026-01-25T20:47:46.775Z
Mountain,ECL,Lorwyn Eclipsed,282,normal,common,1,110377,96e14936-5614-46ba-874c-c1357243fe02,0.02,false,false,near_mint,en,EUR,2026-01-25T20:47:46.791Z
Mountain,EOE,Edge of Eternities,274,normal,common,4,107186,de0ac2b0-175b-4e71-9172-ce2a72234818,0.12,false,false,near_mint,en,EUR,2025-08-01T19:16:32.510Z
Mountain,EOE,Edge of Eternities,265,normal,common,1,106776,3204f401-1bcb-4d97-b15d-113a5d3c3e9f,0.34,false,false,near_mint,en,EUR,2025-08-01T19:16:32.510Z
Mountain,EOE,Edge of Eternities,273,normal,common,2,107028,5cd39b01-9a06-4575-9c63-9fb3ba9ef101,0.1,false,false,near_mint,en,EUR,2025-08-01T19:16:32.510Z
Mountain,FDN,Foundations,279,normal,common,1,100229,1edc5050-69bd-416d-b04c-7f82de2a1901,0.15,false,false,near_mint,en,EUR,2025-04-20T23:27:12.695Z
Mountain,FIN,Final Fantasy,304,normal,common,2,105719,d061b9a8-e95d-48ec-a1c9-337433b62dfc,0.14,false,false,near_mint,en,EUR,2025-06-18T14:09:45.764Z
Mountain,FIN,Final Fantasy,303,normal,common,3,105679,a18ef64b-a9de-4548-b4d5-168758442db7,0.13,false,false,near_mint,en,EUR,2025-06-18T14:09:45.764Z
Mountain,FIN,Final Fantasy,305,normal,common,2,105745,ea1735b9-fd10-4c9c-b9d3-046d8c22b852,0.05,false,false,near_mint,en,EUR,2025-06-18T14:09:45.764Z
Mountain,MKM,Murders at Karlov Manor,284,normal,common,8,91214,cd8a0cd6-8d3b-44bd-b609-c12fb851d17b,0.17,false,false,near_mint,en,EUR,2025-04-20T23:27:12.695Z
Mountain,OTJ,Outlaws of Thunder Junction,284,normal,common,2,93529,2237ee9b-fff6-472c-903c-11faf9bb116d,0.1,false,false,near_mint,en,EUR,2025-10-27T10:57:33.331Z
Mountain,OTJ,Outlaws of Thunder Junction,275,normal,common,2,91794,0a7dbfd2-cda7-4fc9-9677-e442fb5f5f6f,0.2,false,false,near_mint,en,EUR,2025-10-27T10:57:33.331Z
Mountain,OTJ,Outlaws of Thunder Junction,283,normal,common,2,93745,9137b4aa-2289-4a4d-b1f5-ae75a0928278,0.17,false,false,near_mint,en,EUR,2025-10-27T10:57:33.331Z
Mountain,SOS,Secrets of Strixhaven,279,normal,common,1,112096,bce45bc0-accd-4853-a166-9dd5597526d5,0.08,false,false,near_mint,en,EUR,2026-05-08T10:13:36.495Z
Mountain,SPM,Marvel's Spider-Man,192,normal,common,3,107877,b044630d-50e7-431b-8e91-bd53e967f594,0.09,false,false,near_mint,en,EUR,2025-09-30T23:51:40.191Z
Mountain,TLA,Avatar: The Last Airbender,285,normal,common,2,108275,c44f81ca-f72f-445c-8901-3a894a2a47f9,0.09,false,false,near_mint,en,EUR,2025-11-26T15:34:18.488Z
Mountain Valley,EOC,Edge of Eternities Commander,61,normal,uncommon,1,106989,3094800e-9994-47c3-9ebc-536bf5de13cd,0.17,false,false,near_mint,en,EUR,2025-08-06T14:50:32.528Z
Mourner's Surprise,OTJ,Outlaws of Thunder Junction,94,normal,common,1,93274,980b0b68-7218-49c6-b6bf-022218f3abf4,0.06,false,false,near_mint,en,EUR,2025-10-27T10:57:33.331Z
Mouser Attack!,TMT,Teenage Mutant Ninja Turtles,95,normal,common,2,111437,058490f4-0ada-45e6-b4f0-e433537f52d6,0.02,false,false,near_mint,en,EUR,2026-03-06T23:49:55.762Z
Mouser Foundry,TMT,Teenage Mutant Ninja Turtles,96,normal,common,1,111490,8aae3bd6-a935-44a5-aa4d-a525b00cbf50,0.11,false,false,near_mint,en,EUR,2026-03-06T23:49:55.795Z
Mouth of the Storm,EOE,Edge of Eternities,70,normal,uncommon,2,106997,380f16d6-ad43-4e0d-9645-6abde6248182,0.08,false,false,near_mint,en,EUR,2025-08-01T19:16:32.510Z
"Multani, Yavimaya's Avatar",EOC,Edge of Eternities Commander,100,normal,mythic,1,107152,c37a0136-1c40-4cd1-8787-a25c377c1741,0.18,false,false,near_mint,en,EUR,2025-08-06T14:50:32.528Z
Muraganda Raceway,DFT,Aetherdrift,257,normal,rare,1,103042,5041ae16-29ff-4ad5-8a37-4736e9409294,0.83,false,false,near_mint,en,EUR,2025-04-20T23:27:12.695Z
Murmuration,BLC,Bloomburrow Commander,10,normal,rare,1,96290,561c9c4e-942e-40e8-b5f2-ac709a502f18,0.9,false,false,near_mint,en,EUR,2025-11-06T20:40:57.429Z
Muse's Encouragement,SOS,Secrets of Strixhaven,61,normal,common,1,112301,c59e0004-1d6a-42a1-8ce4-31da2af2e1bf,0.08,false,false,near_mint,en,EUR,2026-05-08T10:13:36.490Z
Mutagen,TTMT,Teenage Mutant Ninja Turtles Tokens,9,normal,common,4,109283,6559c423-449c-4e8e-8384-3ce78183e317,,false,false,near_mint,en,EUR,2026-03-06T23:49:55.771Z
Mutant Chain Reaction,TMT,Teenage Mutant Ninja Turtles,125,normal,common,2,111297,8763e0ee-a48e-424f-8bce-132582d5944b,0.08,false,false,near_mint,en,EUR,2026-03-06T23:49:55.753Z
Mutant Surveyor,DFT,Aetherdrift,98,normal,common,1,103547,7cec5105-3907-40d2-8e46-95acfaaaa0cc,0.03,false,false,near_mint,en,EUR,2025-04-20T23:27:12.695Z
Mutinous Massacre,EOE,Edge of Eternities,222,normal,rare,1,107012,42d5034f-18f0-4d57-9840-6be52c286247,0.27,false,false,near_mint,en,EUR,2025-08-01T19:16:32.510Z
Myriad Landscape,EOC,Edge of Eternities Commander,169,normal,uncommon,1,107112,a0e2098f-1d94-491a-a7e9-a45a9f69e3a8,0.15,false,false,near_mint,en,EUR,2025-08-06T14:50:32.528Z
Mysidian Elder,FIN,Final Fantasy,145,normal,common,1,106566,6bc39af4-be19-4889-b930-df7ebf7b9481,0.1,false,false,near_mint,en,EUR,2025-06-18T14:09:45.764Z
Mysterio's Phantasm,SPM,Marvel's Spider-Man,38,normal,common,1,108643,79aa0a78-80a2-44be-8a79-92bcba9c040f,0.03,false,false,near_mint,en,EUR,2025-09-30T23:51:40.191Z
Mystic Monastery,BLC,Bloomburrow Commander,318,normal,uncommon,1,96459,c59b9295-1802-4452-ae8b-72adeb566c3a,0.21,false,false,near_mint,en,EUR,2025-11-06T20:40:57.429Z
Mystical Tether,OTJ,Outlaws of Thunder Junction,19,normal,common,1,93064,18344498-952e-489c-8b03-bd1bef4c26ca,0.03,false,false,near_mint,en,EUR,2025-10-27T10:57:33.331Z
Namazu Trader,FIN,Final Fantasy,107,normal,common,1,106248,f9d25b34-990d-416c-aef7-1b5a73f19dd4,0.06,false,false,near_mint,en,EUR,2025-06-18T14:09:45.764Z
Nameless Inversion,ECL,Lorwyn Eclipsed,113,normal,uncommon,1,110772,7a4944ac-839e-4aa1-8200-78cff36bb2ed,0.14,false,false,near_mint,en,EUR,2026-01-25T20:47:46.690Z
Nanoform Sentinel,EOE,Edge of Eternities,71,normal,common,1,107711,3eeae8c3-7939-4c79-92f0-fbdb9c1b71d3,0.14,false,false,near_mint,en,EUR,2025-08-02T12:05:52.876Z
Narset's Rebuke,TDM,Tarkir: Dragonstorm,114,normal,common,1,104640,5098bd73-d51c-4db4-bf06-fd4854089d37,0.06,false,false,near_mint,en,EUR,2025-04-20T23:27:12.695Z
"Narset, Jeskai Waymaster",TDM,Tarkir: Dragonstorm,209,normal,rare,1,103995,6b77cbc1-dbc8-44d9-aa29-15cbb19afecd,0.02,false,false,near_mint,en,EUR,2025-04-20T23:27:12.695Z
Nature's Lore,EOC,Edge of Eternities Commander,101,normal,uncommon,1,107027,5b42a79a-1f08-4e15-b40e-c993307ae066,1.95,false,false,near_mint,en,EUR,2025-08-06T14:50:32.528Z
Nearheath Stalker,DKA,Dark Ascension,100,normal,common,1,18437,7d4cdf4a-2d55-4769-8c51-bc86c13000ef,0.12,false,false,near_mint,en,EUR,2025-06-16T17:24:56.249Z
Nebula Dragon,EOE,Edge of Eternities,147,normal,common,2,107692,0ee509dd-9fba-4b6d-a9d4-cc8bf5822ddd,0.13,false,false,near_mint,en,EUR,2025-08-01T19:16:32.510Z
Necropouncer,NPH,New Phyrexia,147,normal,uncommon,1,19738,4ed51dbc-bbec-4c78-a71e-26322a8d2439,0.19,false,false,near_mint,en,EUR,2025-04-20T23:27:12.695Z
Negate,TMT,Teenage Mutant Ninja Turtles,47,normal,common,2,111242,52d58fe4-6070-4022-9cd7-c35a11b44525,0.11,false,false,near_mint,en,EUR,2026-03-06T23:49:55.755Z
Neighborhood Guardian,MKM,Murders at Karlov Manor,339,normal,uncommon,1,90656,0d12e748-e8d6-42d2-b501-c39cfcd6551d,0.14,false,false,near_mint,en,EUR,2025-04-20T23:27:12.695Z
Nephalia Smuggler,AVR,Avacyn Restored,69,normal,uncommon,1,18209,1a531b2f-2a9e-4cc9-aea6-9dce239f5511,0.13,false,false,near_mint,en,EUR,2025-04-20T23:27:12.695Z
"Neriv, Heart of the Storm",TDM,Tarkir: Dragonstorm,210,normal,mythic,1,104347,b58112b0-a05c-4b98-b650-fd27ad97789f,1.27,false,false,near_mint,en,EUR,2025-04-20T23:27:12.695Z
Nervous Gardener,MKM,Murders at Karlov Manor,169,normal,common,1,91056,93b747c7-b342-47f8-a190-16c393b20607,0.07,false,false,near_mint,en,EUR,2025-04-20T23:27:12.695Z
Nessian Hornbeetle,FDN,Foundations,229,normal,uncommon,1,100395,3d4d93de-85c6-4653-8ddd-d8bf21516d44,0.08,false,false,near_mint,en,EUR,2025-04-20T23:27:12.695Z
Nesting Bot,DFT,Aetherdrift,22,normal,uncommon,1,103118,7829c0ae-f72f-4195-ad43-775d7218565c,0.21,false,false,near_mint,en,EUR,2025-04-20T23:27:12.695Z
Nesting Grounds,EOS,Edge of Eternities: Stellar Sights,31,normal,rare,1,106994,352b132b-7f97-46e3-8efd-238cb7f87b29,0.28,false,false,near_mint,en,EUR,2025-08-01T19:16:32.510Z
Nettle Swine,AVR,Avacyn Restored,186,normal,common,1,18092,75935f0e-9086-485b-b3e6-1a958fd0f2af,0.07,false,false,near_mint,en,EUR,2025-04-20T23:27:12.695Z
News Helicopter,SPM,Marvel's Spider-Man,169,normal,common,2,108489,15717af0-30cd-4417-947a-c27cca06d93a,0.02,false,false,near_mint,en,EUR,2025-09-30T23:51:40.191Z
Night Market,DFT,Aetherdrift,258,foil,common,1,103214,a8c1dce3-6136-4294-9d2b-5ef8527d733b,0.17,false,false,near_mint,en,EUR,2025-04-20T23:27:12.695Z
Night Market,DFT,Aetherdrift,258,normal,common,1,103214,a8c1dce3-6136-4294-9d2b-5ef8527d733b,0.11,false,false,near_mint,en,EUR,2025-04-20T23:27:12.695Z
Night's Whisper,EOC,Edge of Eternities Commander,85,normal,common,1,107050,67bdba19-c74a-462d-9e51-4fd7f0a6a2c3,0.93,false,false,near_mint,en,EUR,2025-08-06T14:50:32.528Z
Nightblade Brigade,TDM,Tarkir: Dragonstorm,85,normal,common,1,105134,648debd9-d4cf-4788-8882-f1601a3d87f5,0.04,false,false,near_mint,en,EUR,2025-04-20T23:27:12.695Z
Nimble Thopterist,DFT,Aetherdrift,53,normal,common,1,103488,47717312-f6c6-4e86-ba6a-a30698962430,0.04,false,false,near_mint,en,EUR,2025-04-20T23:27:12.695Z
Nine-Lives Familiar,FDN,Foundations,66,normal,rare,2,95586,988c23f6-59fe-49f9-a9ce-9881dccb7033,0.77,false,false,near_mint,en,EUR,2025-04-20T23:27:12.695Z
Nobody,TMT,Teenage Mutant Ninja Turtles,161,normal,common,1,111553,0966b8ff-61d3-4394-a357-97c35f042a29,0.06,false,false,near_mint,en,EUR,2026-03-06T23:49:55.824Z
Noggle Robber,ECL,Lorwyn Eclipsed,237,normal,uncommon,1,110671,0082ca96-10f3-4823-be16-117556b2afc3,0.09,false,false,near_mint,en,EUR,2026-07-20T10:08:18.046Z
North Pole Gates,TLA,Avatar: The Last Airbender,274,normal,common,1,109528,bcf7b9da-d35d-4338-b4d9-83e47dc058ee,0.11,false,false,near_mint,en,EUR,2025-11-26T15:34:18.488Z
North Pole Patrol,TLA,Avatar: The Last Airbender,65,normal,uncommon,1,109536,c2c0c138-5b61-4949-8431-4a6d458ead6a,0.12,false,false,near_mint,en,EUR,2025-11-26T15:34:18.488Z
Novel Nunchaku,TMT,Teenage Mutant Ninja Turtles,127,normal,uncommon,1,111540,f37ef012-c566-4d16-acf8-6079244907be,0.02,false,false,near_mint,en,EUR,2026-03-06T23:49:55.791Z
Novice Inspector,MKM,Murders at Karlov Manor,29,foil,common,1,90643,0ad38866-fc5f-4f62-89c1-afc0f50765aa,0.69,false,false,near_mint,en,EUR,2025-04-20T23:27:12.695Z
Novice Inspector,MKM,Murders at Karlov Manor,29,normal,common,2,90643,0ad38866-fc5f-4f62-89c1-afc0f50765aa,0.3,false,false,near_mint,en,EUR,2025-04-20T23:27:12.695Z
Noxious Newt,SOS,Secrets of Strixhaven,155,normal,common,1,112593,3a028306-c5d7-4f8f-b6f4-0d103fd47000,0.09,false,false,near_mint,en,EUR,2026-05-08T10:13:36.522Z
Null Group Biological Assets,TMT,Teenage Mutant Ninja Turtles,98,normal,common,2,111536,eb44c134-fcd8-4ad8-841c-f1723ba93216,0.04,false,false,near_mint,en,EUR,2026-03-06T23:49:55.754Z
Nutrient Block,EOE,Edge of Eternities,243,normal,common,1,107114,a26064bb-c568-4ed6-86db-3aab69b050db,0.14,false,false,near_mint,en,EUR,2025-08-02T12:05:52.876Z
Oasis Gardener,OTJ,Outlaws of Thunder Junction,246,normal,common,1,93411,ee0dc663-4bfb-46d4-af79-d0143c799487,0.06,false,false,near_mint,en,EUR,2025-10-27T10:57:33.331Z
Oblivion Ring,M12,Magic 2012,27,normal,uncommon,1,19240,9efc5a2a-eb76-410d-98e6-1455108faa52,0.21,false,false,near_mint,en,EUR,2025-04-20T23:27:12.695Z
Obsessive Pursuit,TLA,Avatar: The Last Airbender,112,normal,rare,1,109823,e837e29c-d241-43c8-8f45-05056e082b60,0.49,false,false,near_mint,en,EUR,2025-11-26T15:34:18.488Z
Octopus Form,TLA,Avatar: The Last Airbender,66,normal,common,1,109543,ce96a826-53a0-4029-bf34-46779d133b13,0.1,false,false,near_mint,en,EUR,2025-11-26T15:34:18.488Z
Offender at Large,MKM,Murders at Karlov Manor,138,normal,common,1,91301,f096ff4a-85f4-46f1-9478-e8921f21309d,0.02,false,false,near_mint,en,EUR,2025-04-20T23:27:12.695Z
Oltec Matterweaver,BIG,The Big Score,3,normal,mythic,1,93937,f4f2a818-9fd1-41db-967e-7d2c9b4e4c2f,1.9,false,false,near_mint,en,EUR,2025-10-27T10:57:33.331Z
Omashu City,TLA,Avatar: The Last Airbender,275,normal,common,1,109535,c21e413b-96ed-4ded-b567-f1647074ce5f,0.08,false,false,near_mint,en,EUR,2025-11-26T15:34:18.488Z
Omenpath Journey,BIG,The Big Score,18,normal,mythic,1,93839,c49c9b72-61c0-4e3a-a3a6-994b149398a9,2.7,false,false,near_mint,en,EUR,2025-10-27T10:57:33.331Z
Ominous Asylum,SPM,Marvel's Spider-Man,181,normal,common,1,108509,4329f94a-9110-4f07-b4a6-f1ccae97ccc9,0.02,false,false,near_mint,en,EUR,2025-09-30T23:51:40.191Z
"Omnath, Locus of Rage",EOC,Edge of Eternities Commander,123,normal,mythic,1,107061,777552e5-cc2d-460f-b26f-977c6ebcfc6b,0.65,false,false,near_mint,en,EUR,2025-08-06T14:50:32.528Z
Omni-Changeling,ECL,Lorwyn Eclipsed,62,normal,uncommon,1,110660,f29ce8f9-42a3-43fa-8197-666cc26e2c76,0.12,false,false,near_mint,en,EUR,2026-01-25T20:47:46.766Z
Omni-Cheese Pizza,TMT,Teenage Mutant Ninja Turtles,176,normal,common,1,111609,f2c8397c-2014-4a43-9ed7-41795880011f,0.09,false,false,near_mint,en,EUR,2026-03-06T23:49:55.823Z
Omniscience,FDN,Foundations,161,normal,mythic,1,95588,d33d91d0-1506-45e4-9def-975bf901815e,4.28,false,false,near_mint,en,EUR,2025-04-20T23:27:12.695Z
On the Job,MKM,Murders at Karlov Manor,30,normal,common,1,90840,48b92629-4196-4943-91fd-8c8d5f3fcaef,0.02,false,false,near_mint,en,EUR,2025-04-20T23:27:12.695Z
Oracle of Mul Daya,EOC,Edge of Eternities Commander,102,normal,rare,1,107125,ab19808f-a5b8-4dfd-800e-2064cd6538c8,4.25,false,false,near_mint,en,EUR,2025-08-06T14:50:32.528Z
Oracle's Restoration,SOS,Secrets of Strixhaven,156,normal,common,1,111670,0863a19d-4511-4a78-98dd-d194afd1c39b,0.06,false,false,near_mint,en,EUR,2026-07-20T10:08:18.025Z
Orbital Plunge,EOE,Edge of Eternities,149,normal,common,3,107703,2dc7cc17-5319-4694-99c6-8c56a0b40a44,0.16,false,false,near_mint,en,EUR,2025-08-01T19:16:32.510Z
Order of the Mirror // Order of the Alabaster Host,MOM,March of the Machine,72,normal,common,3,81307,103295ed-5ddc-4528-8848-4fd2cfec4b88,0.03,false,false,near_mint,en,EUR,2025-06-16T17:24:56.249Z
Oreplate Pangolin,EOE,Edge of Eternities,150,normal,common,1,107747,90209957-95db-4b59-979a-316d14ef876c,0.12,false,false,near_mint,en,EUR,2025-08-02T12:05:52.876Z
Ornithopter of Paradise,BLC,Bloomburrow Commander,281,normal,common,1,96263,3eafd20b-30a7-4e37-b4e9-1d8a61f44ee7,0.26,false,false,near_mint,en,EUR,2025-11-06T20:40:57.429Z
"Oroku Saki, Shredder Rising",TMT,Teenage Mutant Ninja Turtles,68,normal,common,1,111606,e65ff1f4-a061-4c31-a78e-92af6e7bc56f,0.09,false,false,near_mint,en,EUR,2026-03-06T23:49:55.843Z
Oscorp Industries,SPM,Marvel's Spider-Man,182,normal,rare,1,108492,1e609d6e-9e37-45d2-87de-8c76675f7cec,0.49,false,false,near_mint,en,EUR,2025-09-30T23:51:40.191Z
Oscorp Research Team,SPM,Marvel's Spider-Man,40,normal,common,2,107662,a800ffb4-0c48-41eb-b221-cf1d855131d9,0.05,false,false,near_mint,en,EUR,2025-09-30T23:51:40.191Z
Osseous Exhale,TDM,Tarkir: Dragonstorm,17,normal,common,1,104493,2300da2f-2297-4c2f-90c1-11ce2b42d91f,0.05,false,false,near_mint,en,EUR,2025-04-20T23:27:12.695Z
Ostrich-Horse,TLA,Avatar: The Last Airbender,188,normal,common,1,108215,5ca3fd45-9301-44ef-afc0-4d7999d66d36,0.07,false,false,near_mint,en,EUR,2025-11-26T15:34:18.488Z
Otter-Penguin,TLA,Avatar: The Last Airbender,67,normal,common,1,108200,480b6279-bb34-4b3f-a639-868b52af92b9,0.06,false,false,near_mint,en,EUR,2025-11-26T15:34:18.488Z
Out Cold,MKM,Murders at Karlov Manor,66,normal,common,2,91114,aabfada0-3c1b-4237-b06c-573071ccd68d,0.08,false,false,near_mint,en,EUR,2025-04-20T23:27:12.695Z
Outlaws' Fury,OTJ,Outlaws of Thunder Junction,136,normal,common,1,93428,f7502b9c-b759-499a-8e94-22f87f5eb142,0.04,false,false,near_mint,en,EUR,2025-10-27T10:57:33.331Z
Outpace Oblivion,DFT,Aetherdrift,139,normal,uncommon,1,103619,c22e415f-636f-4394-9b21-600ab720ac98,0.09,false,false,near_mint,en,EUR,2025-04-20T23:27:12.695Z
Outrageous Robbery,MKM,Murders at Karlov Manor,97,normal,rare,1,91152,b87813fa-ad12-4062-bb9e-436d8418fba5,0.33,false,false,near_mint,en,EUR,2025-04-20T23:27:12.695Z
Outwit,AVR,Avacyn Restored,70,normal,common,1,18208,429f7cf0-579a-4003-b5cf-4baf5d420796,0.06,false,false,near_mint,en,EUR,2025-04-20T23:27:12.695Z
Overgrown Tomb,ECL,Lorwyn Eclipsed,266,normal,rare,1,108948,45b92924-baa1-4c9b-9932-9a5eda8f3446,7.43,false,false,near_mint,en,EUR,2026-01-25T20:47:46.718Z
Overrun,FDN,Foundations,230,normal,uncommon,2,100220,1d8e9cbb-8bf4-4a48-a58e-79deb3abdf7f,0.12,false,false,near_mint,en,EUR,2025-04-20T23:27:12.695Z
Overwhelming Surge,TDM,Tarkir: Dragonstorm,115,normal,uncommon,1,105163,bd7af85f-354e-468a-990b-bd774e68240f,0.02,false,false,near_mint,en,EUR,2025-04-20T23:27:12.695Z
Overzealous Muscle,OTJ,Outlaws of Thunder Junction,97,normal,common,1,93353,ce57d977-e9c5-4ed1-915f-cdc90a54f8f8,0.03,false,false,near_mint,en,EUR,2025-10-27T10:57:33.331Z
"Oviya, Automech Artisan",DFT,Aetherdrift,173,normal,rare,1,103668,ee5f504c-33fc-4a91-b69b-8ef555987c79,0.52,false,false,near_mint,en,EUR,2025-04-20T23:27:12.695Z
Owlin Historian,SOS,Secrets of Strixhaven,24,normal,common,1,112620,5fe99be0-e1ec-485e-82f8-02eba7b82441,0.05,false,false,near_mint,en,EUR,2026-05-08T10:13:36.537Z
Ox,TOTJ,Outlaws of Thunder Junction Tokens,3,normal,common,1,93859,cee3ecef-4566-4164-af39-89cb0bbbffeb,0.21,false,false,near_mint,en,EUR,2025-10-27T10:57:33.331Z
Pacesetter Paragon,DFT,Aetherdrift,140,normal,uncommon,1,103103,7364b4dc-8cce-498d-a62e-eabc612b062a,0.04,false,false,near_mint,en,EUR,2025-04-20T23:27:12.695Z
Pactdoll Terror,DFT,Aetherdrift,99,foil,common,1,103535,70226354-47b7-4f9d-a5a8-559d17f07720,0.38,false,false,near_mint,en,EUR,2025-04-20T23:27:12.695Z
"Page, Loose Leaf",SOS,Secrets of Strixhaven,250,normal,common,1,112642,8c6fecfd-8241-4cf0-b1eb-19472b99e0ed,0.1,false,false,near_mint,en,EUR,2026-07-20T10:08:18.034Z
Pain 101,TMT,Teenage Mutant Ninja Turtles,69,normal,common,2,111592,a1c70bf2-b2bd-4585-ba50-304f4dad8e62,0.09,false,false,near_mint,en,EUR,2026-03-06T23:49:55.737Z
Paladin's Arms,FIN,Final Fantasy,28,normal,common,1,106338,446506c5-5e1d-4b42-aef3-ea247d7881ef,0.06,false,false,near_mint,en,EUR,2025-06-18T14:09:45.764Z
Paradox Gardens,SOS,Secrets of Strixhaven,258,normal,common,1,112152,dbc3447e-1329-4ea1-b4ca-b321b0ffec8f,0.04,false,false,near_mint,en,EUR,2026-05-08T10:13:36.437Z
Paradox Surveyor,SOS,Secrets of Strixhaven,208,normal,uncommon,1,112394,d7cb1af2-0302-46ff-8303-ae9d07541a01,0.04,false,false,near_mint,en,EUR,2026-05-08T10:13:36.428Z
Pardic Swordsmith,ODY,Odyssey,213,normal,common,1,31964,44ac622c-db04-41bf-817e-4698843e6346,0.05,false,false,near_mint,en,EUR,2025-06-16T17:24:56.249Z
Passenger Ferry,SPM,Marvel's Spider-Man,170,normal,common,2,108493,2495f477-b88c-4938-a86a-f72c3c861188,0.02,false,false,near_mint,en,EUR,2025-09-30T23:51:40.191Z
Path of Ancestry,BLC,Bloomburrow Commander,322,normal,common,1,96359,821cb722-146d-447e-907d-dc97baa5bc4f,0.13,false,false,near_mint,en,EUR,2025-11-06T20:40:57.429Z
Path to Exile,BLC,Bloomburrow Commander,147,normal,uncommon,1,96413,a5b070f2-f2f2-4ccd-9a4b-d19ea01b2298,1.0,false,false,near_mint,en,EUR,2025-11-06T20:40:57.429Z
Path to Redemption,TLA,Avatar: The Last Airbender,31,normal,common,1,108310,f936d64a-0db4-49c1-8a57-6d99e012a555,0.06,false,false,near_mint,en,EUR,2025-11-26T15:34:18.488Z
Patient Naturalist,OTJ,Outlaws of Thunder Junction,174,normal,common,2,93082,1dd17cea-9e8c-4dba-b6ab-a6b9de87a306,0.03,false,false,near_mint,en,EUR,2025-10-27T10:57:33.331Z
Pelakka Wurm,ROE,Rise of the Eldrazi,204,normal,uncommon,1,21763,8e732593-0bdc-4dd4-9b07-9aa1a780e6e8,0.09,false,false,near_mint,en,EUR,2025-04-20T23:27:12.695Z
Peregrin Took,LTR,The Lord of the Rings: Tales of Middle-earth,315,normal,uncommon,1,83673,fbbdd288-83ec-4be9-b55f-17771fd5ecc4,0.17,false,false,near_mint,en,EUR,2026-04-19T14:28:02.867Z
Perforating Artist,FDN,Foundations,124,normal,uncommon,1,100674,72980409-53f0-43c1-965e-06f22e7bb608,0.13,false,false,near_mint,en,EUR,2025-04-20T23:27:12.695Z
Perigee Beckoner,EOE,Edge of Eternities,112,normal,common,2,107786,f3666a08-d449-496f-969a-bf21d4afbd77,0.15,false,false,near_mint,en,EUR,2025-08-01T19:16:32.510Z
Perilous Myr,SOM,Scars of Mirrodin,192,normal,common,1,20840,4b942605-eb4a-452d-9b07-a4f912f96958,0.13,false,false,near_mint,en,EUR,2025-04-20T23:27:12.695Z
Person of Interest,MKM,Murders at Karlov Manor,139,normal,common,1,90997,7d56ebff-67c8-4bc7-a533-ddde4ce0c2af,0.03,false,false,near_mint,en,EUR,2025-04-20T23:27:12.695Z
Pest Infestation,EOC,Edge of Eternities Commander,103,normal,rare,1,107103,99add821-568b-4931-8525-a673e6cc8f65,0.77,false,false,near_mint,en,EUR,2025-08-06T14:50:32.528Z
Pest Mascot,SOS,Secrets of Strixhaven,209,normal,common,1,111751,d882beb9-6766-4818-afbb-f6fd7a2d5b70,0.07,false,false,near_mint,en,EUR,2026-05-08T10:13:36.473Z
Pestbrood Sloth,SOS,Secrets of Strixhaven,157,normal,uncommon,1,112680,c1251ae6-2f19-4f84-ab02-6a6cc7ce6056,0.07,false,false,near_mint,en,EUR,2026-05-08T10:13:36.546Z
Pestered Wellguard,ECL,Lorwyn Eclipsed,63,normal,uncommon,1,110732,3e06c99e-ecb2-42e9-ac58-2542de8d54a5,0.12,false,false,near_mint,en,EUR,2026-01-25T20:47:46.795Z
Phantom Interference,OTJ,Outlaws of Thunder Junction,61,normal,common,1,93023,00bf4dd1-5468-4594-9c7b-0737610f19d4,0.18,false,false,near_mint,en,EUR,2025-10-27T10:57:33.331Z
Phoenix Down,FIN,Final Fantasy,29,normal,uncommon,1,105961,62e299b0-9ef6-49d3-aa79-384325fed89e,0.09,false,false,near_mint,en,EUR,2025-06-18T14:09:45.764Z
Phyrexian Arena,FDN,Foundations,728,foil,rare,2,100512,534d28b7-1e56-428d-84a7-0eb6a2b5efda,1.38,false,false,near_mint,en,EUR,2025-04-20T23:27:12.695Z
Phyrexian Arena,FDN,Foundations,322,normal,rare,1,101328,f0ea5129-7e83-4fb5-8096-2f5ebdc3efe1,3.98,false,false,near_mint,en,EUR,2025-04-20T23:27:12.695Z
Phyrexian Hulk,NPH,New Phyrexia,150,normal,common,1,19735,1687b5a7-7013-409a-ba8d-9cd8b5bb08f3,0.09,false,false,near_mint,en,EUR,2025-04-20T23:27:12.695Z
Pictures of Spider-Man,SPM,Marvel's Spider-Man,109,normal,uncommon,1,108470,e1ec41d4-0180-42f7-9c54-f3c39b4ffb8d,0.09,false,false,near_mint,en,EUR,2025-09-30T23:51:40.191Z
Pilfer,FDN,Foundations,181,normal,common,3,101564,8c7c88b5-6d09-453b-b9c1-7dcbba8f1080,0.04,false,false,near_mint,en,EUR,2025-04-20T23:27:12.695Z
Pillage the Bog,OTJ,Outlaws of Thunder Junction,224,normal,rare,1,93436,fa3b415f-7901-4ab4-84fe-60b90d40ac90,0.25,false,false,near_mint,en,EUR,2025-10-27T10:57:33.331Z
Pillar Launch,TLA,Avatar: The Last Airbender,189,normal,common,3,108303,f177e9cc-0c41-417d-9215-5ff23a1a0657,0.05,false,false,near_mint,en,EUR,2025-11-26T15:34:18.488Z
Pillar of Flame,AVR,Avacyn Restored,149,normal,common,1,18129,c983e879-d9d2-47cc-9958-506711ca80cd,0.09,false,false,near_mint,en,EUR,2025-04-20T23:27:12.695Z
Pinnacle Kill-Ship,EOE,Edge of Eternities,244,normal,common,2,107533,bf784de8-5ae2-4c07-92bb-a5b7f593b773,0.15,false,false,near_mint,en,EUR,2025-08-01T19:16:32.510Z
Pinnacle Starcage,EOE,Edge of Eternities,27,normal,rare,1,107519,b1f40c4c-a955-4d9c-8225-251fa4159124,0.18,false,false,near_mint,en,EUR,2025-08-02T12:05:52.876Z
Pirate Peddlers,TLA,Avatar: The Last Airbender,115,normal,common,1,109919,5c998994-6c3b-4f34-9b31-babba2b17266,0.04,false,false,near_mint,en,EUR,2025-11-26T15:34:18.488Z
Pitchburn Devils,M21,Core Set 2021,156,normal,common,1,51085,fbd306cf-6625-4414-b9e5-4b909bb1bb13,0.03,false,false,near_mint,en,EUR,2025-06-16T17:24:56.249Z
"Pizza Face, Gastromancer",TMT,Teenage Mutant Ninja Turtles,163,normal,uncommon,1,111594,b03cf0bb-3207-4e8e-bb3f-e3e4367aa86e,0.13,false,false,near_mint,en,EUR,2026-03-06T23:49:55.850Z
Plains,AVR,Avacyn Restored,232,normal,common,12,18046,9ca16bd5-e261-4229-a92d-7cd55654dd11,0.1,false,false,near_mint,en,EUR,2025-04-20T23:27:12.695Z
Plains,ECL,Lorwyn Eclipsed,274,normal,common,1,110352,6242dbef-8412-4ebd-9486-42cec1dc6794,0.23,false,false,near_mint,en,EUR,2026-01-25T20:47:46.716Z
Plains,ECL,Lorwyn Eclipsed,269,normal,common,1,110325,3a438199-54f8-4702-81cf-a9d42e7cd9f1,0.11,false,false,near_mint,en,EUR,2026-01-25T20:47:46.760Z
Plains,EOE,Edge of Eternities,268,normal,common,1,107115,a26fd28e-d053-48b3-ab4c-2dc6fd33fa64,0.1,false,false,near_mint,en,EUR,2025-08-01T19:16:32.510Z
Plains,EOE,Edge of Eternities,267,normal,common,1,107188,df31f72c-076e-4d8e-9975-6d6281ab71f6,0.12,false,false,near_mint,en,EUR,2025-08-01T19:16:32.510Z
Plains,EOE,Edge of Eternities,262,normal,common,1,106773,089ae01b-e042-4255-b0ee-17d8f416a8d9,0.34,false,false,near_mint,en,EUR,2025-08-01T19:16:32.510Z
Plains,FIN,Final Fantasy,294,normal,common,4,105678,9dd2d666-7c6b-48ce-93dc-c004ebdd1fe9,0.13,false,false,near_mint,en,EUR,2025-06-18T14:09:45.764Z
Plains,FIN,Final Fantasy,296,normal,common,2,105750,ee86ac2f-f398-4422-8721-8ac859fbf5bc,0.14,false,false,near_mint,en,EUR,2025-06-18T14:09:45.764Z
Plains,FIN,Final Fantasy,295,normal,common,2,105742,e623b058-76d2-476b-9ee6-82807f7992c3,0.12,false,false,near_mint,en,EUR,2025-06-18T14:09:45.764Z
Plains,MKM,Murders at Karlov Manor,272,foil,common,1,90895,598f857d-ee17-4478-bb39-cc3ab77ab8d8,0.42,false,false,near_mint,en,EUR,2025-04-20T23:27:12.695Z
Plains,MKM,Murders at Karlov Manor,278,normal,common,7,91284,ec05cb6c-6e7f-4d40-ba38-a9fc06158094,0.21,false,false,near_mint,en,EUR,2025-04-20T23:27:12.695Z
Plains,MKM,Murders at Karlov Manor,272,normal,common,1,90895,598f857d-ee17-4478-bb39-cc3ab77ab8d8,0.19,false,false,near_mint,en,EUR,2025-06-16T17:24:56.249Z
Plains,OTJ,Outlaws of Thunder Junction,272,normal,common,2,91815,cfe51d97-66f6-4ac3-b926-01ab7e4c5686,0.24,false,false,near_mint,en,EUR,2025-10-27T10:57:33.331Z
Plains,OTJ,Outlaws of Thunder Junction,278,normal,common,4,93955,fe60da77-084c-49e8-9948-9ac4b6a6382f,0.07,false,false,near_mint,en,EUR,2025-10-27T10:57:33.331Z
Plains,OTJ,Outlaws of Thunder Junction,277,normal,common,2,93687,6f501773-1b39-4a4c-9b45-a950385c9e82,0.07,false,false,near_mint,en,EUR,2025-10-27T10:57:33.331Z
Plains,SPM,Marvel's Spider-Man,189,normal,common,1,107855,1164f7ec-7b2f-4cc9-90bb-7eaaa331b4cd,0.07,false,false,near_mint,en,EUR,2025-09-30T23:51:40.191Z
Plains,SPM,Marvel's Spider-Man,194,normal,common,1,107655,94e88862-d53d-49b6-8aa5-95f07507c6e1,0.13,false,false,near_mint,en,EUR,2025-09-30T23:51:40.191Z
Plains,TLA,Avatar: The Last Airbender,282,normal,common,2,108193,4069fb4a-8ee1-41ef-ab93-39a8cc58e0e5,0.1,false,false,near_mint,en,EUR,2025-11-26T15:34:18.488Z
Plains,TMT,Teenage Mutant Ninja Turtles,191,normal,common,1,111192,1b405611-27d4-435a-8e8e-6d528626fd27,0.08,false,false,near_mint,en,EUR,2026-03-06T23:49:55.770Z
Planetary Annihilation,EOC,Edge of Eternities Commander,12,normal,rare,1,107083,8695796f-b6ed-46db-b1b8-07ed0cc5a5e5,0.89,false,false,near_mint,en,EUR,2025-08-06T14:50:32.528Z
Plasma Bolt,EOE,Edge of Eternities,152,normal,common,1,107307,a1a1834b-76c2-4496-b8c5-18b69ab34c4c,0.16,false,false,near_mint,en,EUR,2025-08-01T19:16:32.510Z
Plow Through,DFT,Aetherdrift,174,normal,uncommon,1,103593,a311d4b3-ab2a-43c2-8480-6c5daac41178,0.03,false,false,near_mint,en,EUR,2025-04-20T23:27:12.695Z
Plumecreed Escort,BLB,Bloomburrow,65,normal,uncommon,1,95983,f71320ed-2f30-49ce-bcb0-19aebba3f0e8,0.15,false,false,near_mint,en,EUR,2025-11-06T20:40:57.429Z
Plummet,M11,Magic 2011,190,normal,common,1,21199,5923f9d4-c2ec-466f-9e5b-17d24bda7f37,0.17,false,false,near_mint,en,EUR,2025-04-20T23:27:12.695Z
Point the Way,DFT,Aetherdrift,175,normal,uncommon,1,103573,8fd4c73d-0e9a-4ffe-8062-f2f4d0e601fe,0.09,false,false,near_mint,en,EUR,2025-04-20T23:27:12.695Z
Poised Practitioner,TDM,Tarkir: Dragonstorm,18,foil,common,1,105160,bb25366d-a647-4c5e-bcc7-7e54659aacbd,0.02,false,false,near_mint,en,EUR,2025-04-20T23:27:12.695Z
Poised Practitioner,TDM,Tarkir: Dragonstorm,18,normal,common,1,105160,bb25366d-a647-4c5e-bcc7-7e54659aacbd,0.03,false,false,near_mint,en,EUR,2025-04-20T23:27:12.695Z
Polluted Dead,AVR,Avacyn Restored,116,normal,common,2,18162,036c1954-37d3-4787-8df8-f2d0dd39058a,0.09,false,false,near_mint,en,EUR,2025-04-20T23:27:12.695Z
Pollywog Prodigy,BLC,Bloomburrow Commander,15,normal,rare,1,96388,94a020df-714b-4465-bfa2-ac15f27d8412,10.07,false,false,near_mint,en,EUR,2025-11-06T20:40:57.429Z
Polygraph Orb,MKM,Murders at Karlov Manor,99,normal,uncommon,1,91101,a6cc4c6f-4a84-4d42-89fa-7405f7ad6ba0,0.04,false,false,near_mint,en,EUR,2025-04-20T23:27:12.695Z
Pompous Gadabout,MKM,Murders at Karlov Manor,171,foil,uncommon,1,90946,6d803b93-c1df-4a02-9dbb-d347c841d4d7,0.07,false,false,near_mint,en,EUR,2025-04-20T23:27:12.695Z
Postmortem Professor,SOS,Secrets of Strixhaven,93,normal,rare,1,112566,174f5d7e-5d36-4d13-96bf-9b12cd644716,0.28,false,false,near_mint,en,EUR,2026-04-19T19:45:43.827Z
Pothole Mole,DFT,Aetherdrift,176,normal,common,2,103442,21c7b59f-fdae-4a11-9784-497a8165d75a,0.09,false,false,near_mint,en,EUR,2025-04-20T23:27:12.695Z
Practiced Scrollsmith,SOS,Secrets of Strixhaven,210,normal,uncommon,1,112289,40075e3f-58b3-47fd-8fbe-4b301e9ce7a1,0.02,false,false,near_mint,en,EUR,2026-05-08T10:13:36.544Z
Preening Champion,MOM,March of the Machine,73,normal,common,5,81341,44178ece-af31-4a94-88bc-c9ce43bb4573,0.03,false,false,near_mint,en,EUR,2025-06-16T17:24:56.249Z
Prehistoric Pet,TMT,Teenage Mutant Ninja Turtles,22,normal,rare,2,110904,148e6acd-a96a-4bea-8cfe-a129cd8d1003,0.02,false,false,near_mint,en,EUR,2026-03-06T23:49:55.747Z
Prickly Pair,OTJ,Outlaws of Thunder Junction,137,normal,common,1,93398,e70f2278-8857-46e4-aa2b-fff5589b750f,0.07,false,false,near_mint,en,EUR,2025-10-27T10:57:33.331Z
Pride of the Road,DFT,Aetherdrift,24,normal,uncommon,1,103484,4172222f-d871-4354-9a02-7af0001d8956,0.1,false,false,near_mint,en,EUR,2025-04-20T23:27:12.695Z
Prideful Feastling,ECL,Lorwyn Eclipsed,238,normal,common,1,110535,7578cb61-f606-4559-a10a-343a583228ab,0.05,false,false,near_mint,en,EUR,2026-01-25T20:47:46.723Z
Prideful Parent,FDN,Foundations,21,normal,common,3,97188,b742117a-8a72-43b9-b05d-274829d138a2,0.06,false,false,near_mint,en,EUR,2025-04-20T23:27:12.695Z
Prismabasher,ECL,Lorwyn Eclipsed,188,normal,uncommon,1,110761,65c057a7-70af-4464-bd8d-1e7e158d1ae7,0.05,false,false,near_mint,en,EUR,2026-07-20T10:08:18.049Z
Prismari Charm,SOS,Secrets of Strixhaven,211,normal,uncommon,1,111723,8f6c2a5e-fe13-407c-aadd-c9caf2884ff1,0.3,false,false,near_mint,en,EUR,2026-05-08T10:13:36.458Z
Prismari Charm,SOS,Secrets of Strixhaven,364,normal,uncommon,1,111754,dad9d807-316a-4707-949c-9b826b971a83,0.2,false,false,near_mint,en,EUR,2026-05-17T22:24:02.946Z
Procrastinate,SOS,Secrets of Strixhaven,64,normal,common,1,111692,1edb449d-620f-4e21-9d76-2c840635eb9d,0.09,false,false,near_mint,en,EUR,2026-05-08T10:13:36.520Z
Professional Wrestler,SPM,Marvel's Spider-Man,110,normal,common,1,108548,8a5381e7-ddda-47e7-886d-812250ffb745,0.02,false,false,near_mint,en,EUR,2025-09-30T23:51:40.191Z
Professor Dellian Fel,SOS,Secrets of Strixhaven,214,normal,mythic,1,111712,6ff3b4d8-1271-4c5d-8834-7662244f173d,9.41,false,false,near_mint,en,EUR,2026-05-08T10:13:36.483Z
Projektor Inspector,MKM,Murders at Karlov Manor,68,normal,common,1,91120,ad378843-e2b0-48d6-90dc-b584e857473d,0.04,false,false,near_mint,en,EUR,2025-04-20T23:27:12.695Z
Protective Response,ECL,Lorwyn Eclipsed,29,normal,uncommon,1,110688,113975e1-7712-4760-96ad-405f8b4e41e3,0.09,false,false,near_mint,en,EUR,2026-01-25T20:47:46.691Z
Protocol Knight,MOM,March of the Machine,74,normal,common,12,81432,af6cb380-0b4d-4870-abef-928eb63e1702,0.05,false,false,near_mint,en,EUR,2025-06-16T17:24:56.249Z
Prowcatcher Specialist,DFT,Aetherdrift,142,normal,common,2,103224,affbc8db-4ff7-4a86-954a-910493e5a2ef,0.06,false,false,near_mint,en,EUR,2025-04-20T23:27:12.695Z
"Prowler, Clawed Thief",SPM,Marvel's Spider-Man,138,normal,uncommon,2,108462,bd31953a-7259-44e3-a94f-013bda68006d,0.11,false,false,near_mint,en,EUR,2025-09-30T23:51:40.191Z
Pterafractyl,SOS,Secrets of Strixhaven,215,normal,common,1,112402,ecd33152-e290-4505-addd-a8d08cefdddd,0.05,false,false,near_mint,en,EUR,2026-05-08T10:13:36.532Z
Pull from the Grave,SOS,Secrets of Strixhaven,95,normal,common,1,111658,d73612fe-8992-4650-a7e3-c7b662da6a03,0.05,false,false,near_mint,en,EUR,2026-05-08T10:13:36.521Z
Pull from Tomorrow,BLC,Bloomburrow Commander,172,normal,rare,1,96221,29ba0373-d86a-4015-914c-0182002e8fea,0.18,false,false,near_mint,en,EUR,2025-11-06T20:40:57.429Z
Pull Through the Weft,EOE,Edge of Eternities,202,normal,uncommon,1,107601,a70d0877-1a1e-436b-bf8c-0ff6df9efc6a,0.18,false,false,near_mint,en,EUR,2025-08-02T12:05:52.876Z
Punk Frogs,TMT,Teenage Mutant Ninja Turtles,164,normal,common,1,111561,375c91a3-53c4-4f2d-bf7b-2c79a219d3ae,0.03,false,false,near_mint,en,EUR,2026-03-06T23:49:55.798Z
Purple Dragon Punks,TMT,Teenage Mutant Ninja Turtles,100,normal,common,2,111596,bbe1d7e5-68e2-4458-aa3f-5e97fa8e7cae,0.06,false,false,near_mint,en,EUR,2026-03-06T23:49:55.741Z
Pursue the Past,SOS,Secrets of Strixhaven,216,normal,common,1,112605,4584d5f7-b1f1-4c8e-80c5-ad35e44a968e,0.15,false,false,near_mint,en,EUR,2026-05-08T10:13:36.547Z
Push the Limit,DFT,Aetherdrift,143,normal,uncommon,1,103443,21de84a2-2654-4e1a-a569-bf385bb43685,0.08,false,false,near_mint,en,EUR,2025-04-20T23:27:12.695Z
Putrefy,EOC,Edge of Eternities Commander,124,normal,uncommon,1,106969,1e355b88-a73d-430b-95eb-8ba646f2e406,0.1,false,false,near_mint,en,EUR,2025-08-06T14:50:32.528Z
Putrid Pals,TMT,Teenage Mutant Ninja Turtles,165,normal,common,1,111567,42cdb88d-675a-43bb-b85c-51c4cc526315,0.05,false,false,near_mint,en,EUR,2026-03-06T23:49:55.854Z
Qarsi Revenant,TDM,Tarkir: Dragonstorm,86,normal,rare,1,104323,8c93a0f6-5e50-4dda-9ff6-da741fb839ff,0.02,false,false,near_mint,en,EUR,2025-04-20T23:27:12.695Z
Qiqirn Merchant,FIN,Final Fantasy,65,normal,common,1,106623,a75a6ecc-a6a5-462c-bd92-ae57dde9b965,0.03,false,false,near_mint,en,EUR,2025-06-18T14:09:45.764Z
Quakestrider Ceratops,FDN,Foundations,110,normal,uncommon,1,100120,067f72c2-ead6-4879-bc9d-696c9f87c0b2,0.15,false,false,near_mint,en,EUR,2025-04-20T23:27:12.695Z
Quandrix Charm,SOS,Secrets of Strixhaven,217,normal,uncommon,1,111696,318486e0-f255-40f5-8150-dc272eec9d7d,0.17,false,false,near_mint,en,EUR,2026-04-19T19:45:43.823Z
Queen Brahne,FIN,Final Fantasy,149,normal,uncommon,1,106414,c38c98bb-74c9-460f-9997-ea5c5f922347,0.06,false,false,near_mint,en,EUR,2025-06-18T14:09:45.764Z
Quick Draw,OTJ,Outlaws of Thunder Junction,138,normal,common,1,93168,56399cd0-1214-42b6-be38-f2cbd770915f,0.06,false,false,near_mint,en,EUR,2025-10-27T10:57:33.331Z
Quick-Draw Katana,FDN,Foundations,130,normal,common,1,101540,69beec98-c89c-4673-953c-8b3ef3d81560,0.03,false,false,near_mint,en,EUR,2025-04-20T23:27:12.695Z
Quill-Blade Laureate // Twofold Intent,SOS,Secrets of Strixhaven,27,normal,uncommon,1,112450,62a47835-5719-48c4-a740-a0c5f00dce11,0.05,false,false,near_mint,en,EUR,2026-05-08T10:13:36.471Z
Quilled Greatwurm,FDN,Foundations,111,normal,mythic,1,100330,31b60531-3d33-4e66-923a-29008716b15c,5.6,false,false,near_mint,en,EUR,2025-04-20T23:27:12.695Z
Quintessential Katana,TMT,Teenage Mutant Ninja Turtles,23,normal,uncommon,1,111538,ef9e227e-c581-479c-a962-2f191352b07f,0.03,false,false,near_mint,en,EUR,2026-03-06T23:49:55.821Z
Quistis Trepe,FIN,Final Fantasy,66,normal,uncommon,1,106279,61784cbd-92e9-43c7-a1a8-4004b1bf4dae,0.03,false,false,near_mint,en,EUR,2025-06-18T14:09:45.764Z
Rabaroo Troop,TLA,Avatar: The Last Airbender,32,normal,common,1,108219,62a983b4-ac73-4949-9317-05a75a8ce164,0.03,false,false,near_mint,en,EUR,2025-11-26T15:34:18.488Z
Rabid Attack,SOS,Secrets of Strixhaven,96,normal,uncommon,1,112714,f5e67560-3135-4b27-a344-5859edf8bcd9,0.12,false,false,near_mint,en,EUR,2026-05-08T10:13:36.528Z
Radiant Fountain,C21,Commander 2021,310,normal,common,1,58812,7ee5e77f-ca43-480d-ac37-48336d3bf044,0.23,false,false,near_mint,en,EUR,2025-06-16T17:24:56.249Z
Radiant Strike,EOE,Edge of Eternities,29,normal,common,2,107484,8c38e4cb-918b-4493-872b-66c90dcfd339,0.16,false,false,near_mint,en,EUR,2025-08-01T19:16:32.510Z
Radiating Lightning,M19,Core Set 2019,313,normal,common,1,999,9395fce4-11bf-4934-8323-5be4862c9779,0.22,false,false,near_mint,en,EUR,2025-06-16T17:24:56.249Z
Radioactive Spider,SPM,Marvel's Spider-Man,285,foil,rare,1,108501,3173112e-8975-4bba-84b7-6ba27503dc82,0.7,false,false,near_mint,en,EUR,2025-09-30T23:51:40.191Z
Ragamuffin Raptor,TMT,Teenage Mutant Ninja Turtles,130,normal,common,1,111449,2edc1d40-3154-4ec0-88c7-faf35fd5e560,0.06,false,false,near_mint,en,EUR,2026-03-06T23:49:55.796Z
Rakdos Charm,EOC,Edge of Eternities Commander,125,normal,uncommon,1,107041,64b67170-1602-4050-80c0-ade2a6cac211,0.49,false,false,near_mint,en,EUR,2025-08-06T14:50:32.528Z
"Rakdos, Patron of Chaos",MKM,Murders at Karlov Manor,369,normal,mythic,1,91077,9ea5f435-144e-4466-be0f-781664cfddb7,4.76,false,false,near_mint,en,EUR,2025-04-20T23:27:12.695Z
Rakish Crew,OTJ,Outlaws of Thunder Junction,99,normal,uncommon,1,93215,70f64358-58db-40ab-90e8-6137c3bd0a29,0.09,false,false,near_mint,en,EUR,2025-10-27T10:57:33.331Z
"Ral Zarek, Guest Lecturer",SOS,Secrets of Strixhaven,282,normal,mythic,1,111683,130fca3b-714a-4e77-b7e9-55554fcc0df2,5.58,false,false,near_mint,en,EUR,2026-05-08T10:13:36.468Z
Rally the Monastery,TDM,Tarkir: Dragonstorm,19,normal,uncommon,1,104136,b56e0037-8143-4c13-83e1-0c3f44e685ea,0.15,false,false,near_mint,en,EUR,2025-04-20T23:27:12.695Z
Rampaging Baloths,EOC,Edge of Eternities Commander,104,normal,rare,1,107077,84aa18de-6acc-46cc-8e28-3046790a6751,0.27,false,false,near_mint,en,EUR,2025-08-06T14:50:32.528Z
Rampant Growth,M12,Magic 2012,190,normal,common,2,19077,fe45a787-6d8a-48d7-ad6c-fb20a9b468a4,0.25,false,false,near_mint,en,EUR,2025-04-20T23:27:12.695Z
Ran and Shaw,TLA,Avatar: The Last Airbender,150,normal,rare,1,109448,6436e2d0-989f-47e3-90bc-9cde82a2ddb4,0.03,false,false,near_mint,en,EUR,2025-11-26T15:34:18.488Z
Rangers' Aetherhive,DFT,Aetherdrift,217,normal,uncommon,1,102937,1b238d2c-d10f-496d-aa34-5a1536e056b5,0.03,false,false,near_mint,en,EUR,2025-04-20T23:27:12.695Z
Rangers' Refueler,DFT,Aetherdrift,55,normal,uncommon,2,103086,67d2d713-8acb-4e3d-bd1d-0416fe9b9ef6,0.05,false,false,near_mint,en,EUR,2025-04-20T23:27:12.695Z
"Raph & Mikey, Troublemakers",TMT,Teenage Mutant Ninja Turtles,167,normal,rare,1,110929,8795fba4-0ff3-4c04-a81c-60408608a00c,1.94,false,false,near_mint,en,EUR,2026-03-06T23:49:55.774Z
"Raphael, the Nightwatcher",TMT,Teenage Mutant Ninja Turtles,103,normal,rare,1,110926,6af50b50-3776-4383-b493-7c5dd732c965,1.36,false,false,near_mint,en,EUR,2026-03-06T23:49:55.849Z
"Raphael, Tough Turtle",TMT,Teenage Mutant Ninja Turtles,104,normal,common,2,111390,f24c90c8-ed04-4b4e-8b19-c7d07a90c6b8,0.12,false,false,near_mint,en,EUR,2026-03-06T23:49:55.748Z
Rapid Augmenter,BLC,Bloomburrow Commander,38,normal,rare,1,96456,c4643565-a462-45ce-b5ed-f19b796a64c5,0.26,false,false,near_mint,en,EUR,2025-11-06T20:40:57.429Z
Rapid Hybridization,BLC,Bloomburrow Commander,111,normal,uncommon,1,96200,213bdaac-8044-4af3-b568-2859e3087082,1.53,false,false,near_mint,en,EUR,2025-11-06T20:40:57.429Z
Rapier Wit,SOS,Secrets of Strixhaven,28,normal,common,1,112482,97b50521-5a0f-4dbd-8e15-f0f0d059c258,0.04,false,false,near_mint,en,EUR,2026-05-08T10:13:36.478Z
Raucous Audience,TLA,Avatar: The Last Airbender,190,normal,common,1,108279,ccd03ec3-0fae-48b2-9f04-9c57d2f94267,0.06,false,false,near_mint,en,EUR,2025-11-26T15:34:18.488Z
Raven of Fell Omens,OTJ,Outlaws of Thunder Junction,101,normal,common,1,93386,e2df3cb4-1658-450a-912a-df336706acdc,0.06,false,false,near_mint,en,EUR,2025-10-27T10:57:33.331Z
Ravenous Amulet,FDN,Foundations,131,normal,uncommon,2,100744,80cadee5-6f26-4440-ad31-a8e573a90436,0.13,false,false,near_mint,en,EUR,2025-04-20T23:27:12.695Z
"Ray Fillet, Man Ray",TMT,Teenage Mutant Ninja Turtles,49,normal,uncommon,1,111438,14e0892c-a556-43c3-974f-6be44188da2e,0.02,false,false,near_mint,en,EUR,2026-03-06T23:49:55.746Z
Rayblade Trooper,EOE,Edge of Eternities,30,normal,uncommon,3,107535,c08c7bf9-a2ed-45c6-8b48-15122d9d9e37,0.18,false,false,near_mint,en,EUR,2025-08-01T19:16:32.510Z
Razor Rings,TLA,Avatar: The Last Airbender,33,normal,common,1,108265,b05cfee5-ee59-4df6-a5f6-d9ef0fa7f98a,0.03,false,false,near_mint,en,EUR,2025-11-26T15:34:18.488Z
Reach for the Sky,OTJ,Outlaws of Thunder Junction,178,normal,common,1,93408,eb871985-a11b-4dfe-b0e3-898888c86277,0.07,false,false,near_mint,en,EUR,2025-10-27T10:57:33.331Z
Reach the Horizon,FIN,Final Fantasy,195,normal,uncommon,1,106644,c25960e0-5779-4e20-89f3-03950ad9d91c,0.06,false,false,near_mint,en,EUR,2025-06-18T14:09:45.764Z
Reanimate,OTP,Breaking News,18,normal,rare,1,93184,609c34f9-9f53-4773-a02b-517209024fc2,6.85,false,false,near_mint,en,EUR,2025-10-27T10:57:33.331Z
Rearing Embermare,SOS,Secrets of Strixhaven,127,normal,common,3,112561,06dd56bd-de92-4202-af31-7e881c34d799,0.02,false,false,near_mint,en,EUR,2026-05-08T10:13:36.431Z
Reasonable Doubt,MKM,Murders at Karlov Manor,69,normal,common,3,90732,270570a3-8637-4e4e-92d9-e985474cd5d2,0.04,false,false,near_mint,en,EUR,2025-04-20T23:27:12.695Z
Rebellious Strike,TDM,Tarkir: Dragonstorm,20,normal,common,1,104949,c9bafe19-3bd6-4da0-b3e5-e0b89262504c,0.07,false,false,near_mint,en,EUR,2025-04-20T23:27:12.695Z
Reckless Lackey,OTJ,Outlaws of Thunder Junction,140,normal,common,1,93262,912fcd14-5e81-418c-997b-771f2f38f63d,0.19,false,false,near_mint,en,EUR,2025-10-27T10:57:33.331Z
Reckless Velocitaur,DFT,Aetherdrift,144,normal,uncommon,2,103570,8edd18be-3861-4510-ba6d-38ccba60bb5b,0.08,false,false,near_mint,en,EUR,2025-04-20T23:27:12.695Z
Red Herring,MKM,Murders at Karlov Manor,142,normal,common,2,90942,6c137a44-9ab6-4e59-8324-34d9dca8f5a6,0.07,false,false,near_mint,en,EUR,2025-04-20T23:27:12.695Z
Red Mage's Rapier,FIN,Final Fantasy,152,normal,common,1,106669,e0579955-75f9-47a9-8b03-e287d120826a,0.11,false,false,near_mint,en,EUR,2025-06-18T14:09:45.764Z
Red Tiger Mechan,EOE,Edge of Eternities,154,normal,common,1,107139,b7b2fa48-cd2d-42ea-afd8-8cbd7a1bcdab,0.08,false,false,near_mint,en,EUR,2025-08-01T19:16:32.510Z
Redrock Sentinel,OTJ,Outlaws of Thunder Junction,247,normal,uncommon,1,93256,8eb98381-8418-4dfd-b7d1-4353570e611b,0.09,false,false,near_mint,en,EUR,2025-10-27T10:57:33.331Z
Refute,FDN,Foundations,313,normal,common,1,100279,26a65d5b-d07e-4ff0-900a-30d509ce0f35,0.18,false,false,near_mint,en,EUR,2025-04-20T23:27:12.695Z
Refute,FDN,Foundations,48,normal,common,2,100368,38806934-dd9c-4ad4-a59c-a16dce03a14a,0.08,false,false,near_mint,en,EUR,2025-04-20T23:27:12.695Z
Rehearsed Debater,SOS,Secrets of Strixhaven,29,normal,common,1,112724,fc6a1425-6733-42a2-94d9-605966398092,0.02,false,false,near_mint,en,EUR,2026-05-08T10:13:36.525Z
Reluctant Dounguard,ECL,Lorwyn Eclipsed,31,normal,common,1,110849,dbce93c0-5efc-4b60-9cef-9d9b374d397b,0.02,false,false,near_mint,en,EUR,2026-01-25T20:47:46.728Z
Remnant Elemental,EOE,Edge of Eternities,155,normal,uncommon,1,107475,830d5532-3b24-470e-912f-f0f5df1cb530,0.08,false,false,near_mint,en,EUR,2025-08-01T19:16:32.510Z
Render Speechless,SOS,Secrets of Strixhaven,220,normal,common,1,112573,25bbb1c7-14e8-444f-ab98-e95f50927460,0.04,false,false,near_mint,en,EUR,2026-05-08T10:13:36.518Z
Reno and Rude,FIN,Final Fantasy,113,normal,uncommon,1,106358,b5eb0064-c7c4-4e3e-add2-b86269de3fb9,0.02,false,false,near_mint,en,EUR,2025-06-18T14:09:45.764Z
Repeat Offender,MKM,Murders at Karlov Manor,101,normal,common,4,90651,0c2ca1e7-e0de-4d29-a81b-62185ccd295f,0.02,false,false,near_mint,en,EUR,2025-04-20T23:27:12.695Z
Repulse,OTP,Breaking News,13,normal,uncommon,1,93246,88941ed3-1cae-47ce-8ccb-938c5d0e767f,0.05,false,false,near_mint,en,EUR,2025-10-27T10:57:33.331Z
Repulsive Mutation,MKM,Murders at Karlov Manor,227,foil,uncommon,1,90964,71701c28-f113-4d38-8fd3-a19cd9749661,0.35,false,false,near_mint,en,EUR,2025-04-20T23:27:12.695Z
Repurposing Bay,DFT,Aetherdrift,56,normal,rare,1,102905,0cf1ace1-b7f5-4bd9-a494-ee7cb6c1f854,1.22,false,false,near_mint,en,EUR,2025-04-20T23:27:12.695Z
Requiting Hex,ECL,Lorwyn Eclipsed,116,normal,uncommon,1,110659,f21b0fb7-91b6-403f-a81a-562665961276,0.95,false,false,near_mint,en,EUR,2026-01-25T20:47:46.778Z
Rescue Leopard,TDM,Tarkir: Dragonstorm,116,normal,common,1,105119,056136a8-84be-477c-b654-63238fb8236e,0.05,false,false,near_mint,en,EUR,2025-04-20T23:27:12.695Z
Rescue Skiff,EOE,Edge of Eternities,32,normal,uncommon,1,107459,6fe86bfb-c67d-4df9-88c9-f083091f4cda,0.15,false,false,near_mint,en,EUR,2025-08-02T12:05:52.876Z
Resentful Revelation,FIN,Final Fantasy,114,normal,common,1,106598,945006ea-c6a1-4ee5-abb2-387c2b6d3123,0.09,false,false,near_mint,en,EUR,2025-06-18T14:09:45.764Z
Resolute Reinforcements,FDN,Foundations,145,normal,uncommon,1,100841,940f3989-77cc-49a9-92e0-095a75d80f0f,0.11,false,false,near_mint,en,EUR,2025-04-20T23:27:12.695Z
Restoration Angel,BLC,Bloomburrow Commander,150,normal,rare,1,96499,e27a8eb2-9a7d-4349-b414-0655d86836b1,0.24,false,false,near_mint,en,EUR,2025-11-06T20:40:57.429Z
Retched Wretch,ECL,Lorwyn Eclipsed,117,normal,uncommon,1,110838,c7a4d7f1-976a-4a28-97a9-ff089a241c9d,0.05,false,false,near_mint,en,EUR,2026-01-25T20:47:46.735Z
Retrieve the Esper,FIN,Final Fantasy,68,normal,common,1,106301,ebd733f0-8883-434a-b36c-ef76b091fe8e,0.03,false,false,near_mint,en,EUR,2025-06-18T14:09:45.764Z
Retro-Mutation,TMT,Teenage Mutant Ninja Turtles,51,normal,common,2,111571,4af284ba-fa54-43c5-8c76-3e1128957452,0.12,false,false,near_mint,en,EUR,2026-03-06T23:49:55.742Z
Return the Favor,SOA,Secrets of Strixhaven Mystical Archive,47,normal,uncommon,1,112535,e968efff-635b-4780-9bbe-099e75a1841b,0.02,false,false,near_mint,en,EUR,2026-05-08T10:13:36.526Z
Return to the Sewers,TMT,Teenage Mutant Ninja Turtles,52,normal,common,1,111574,52e99505-17dc-4051-99f6-e23559fc6c95,0.08,false,false,near_mint,en,EUR,2026-03-06T23:49:55.794Z
Revenge of the Rats,FDN,Foundations,67,normal,uncommon,1,100232,1f463c55-39a0-4f2f-aae3-0c5540bde5b7,0.18,false,false,near_mint,en,EUR,2025-04-20T23:27:12.695Z
"Rhino, Barreling Brute",SPM,Marvel's Spider-Man,140,normal,uncommon,1,108440,4b8ac400-1e98-49fc-94be-00386d15f2ae,0.09,false,false,near_mint,en,EUR,2025-09-30T23:51:40.191Z
Ride the Shoopuf,FIN,Final Fantasy,197,normal,uncommon,1,106518,19ad36d6-8bf4-490c-9980-b98a470af892,0.1,false,false,near_mint,en,EUR,2025-06-18T14:09:45.764Z
Riftburst Hellion,MKM,Murders at Karlov Manor,228,normal,common,2,91081,9fae9044-a859-434d-8dc6-4f9d455ca5e1,0.06,false,false,near_mint,en,EUR,2025-04-20T23:27:12.695Z
Rig for War,EOE,Edge of Eternities,156,normal,common,2,107710,3edd0515-dcc4-4cb5-8b54-9c00173d8a6d,0.11,false,false,near_mint,en,EUR,2025-08-01T19:16:32.510Z
Righteous Blow,AVR,Avacyn Restored,34,normal,common,1,18244,9b640fdc-7a19-475e-858f-e159f61e154e,0.04,false,false,near_mint,en,EUR,2025-04-20T23:27:12.695Z
Riku of Many Paths,OTJ,Outlaws of Thunder Junction,227,normal,rare,1,93088,21b63544-4c31-4f38-9907-0407719a60b1,0.07,false,false,near_mint,en,EUR,2025-10-27T10:57:33.331Z
Rime Chill,ECL,Lorwyn Eclipsed,64,normal,uncommon,1,110811,a9a425f4-2103-4f96-88a0-91fe554037d7,0.07,false,false,near_mint,en,EUR,2026-01-25T20:47:46.779Z
Rimefire Torque,ECL,Lorwyn Eclipsed,65,normal,rare,1,110747,4f8931b2-ff3f-4167-8a40-f33460c2d27e,0.02,false,false,near_mint,en,EUR,2026-01-25T20:47:46.673Z
Rimekin Recluse,ECL,Lorwyn Eclipsed,66,normal,uncommon,1,110827,ba6b5368-3262-4002-bf1e-fce62f7f7901,0.09,false,false,near_mint,en,EUR,2026-01-25T20:47:46.675Z
Riot Ringleader,AVR,Avacyn Restored,152,normal,common,1,18126,c043f30b-548f-4c31-a415-0e59c2841dcf,0.02,false,false,near_mint,en,EUR,2025-04-20T23:27:12.695Z
Ripclaw Wrangler,DFT,Aetherdrift,101,normal,common,3,103642,d4981a4a-6eca-4f84-8715-8e2672507b59,0.03,false,false,near_mint,en,EUR,2025-04-20T23:27:12.695Z
Riptide Gearhulk,DFT,Aetherdrift,353,foil,mythic,1,103612,b6cdbb98-a5b8-4b9e-aaaa-457eb9d4041e,13.77,false,false,near_mint,en,EUR,2025-04-20T23:27:12.695Z
Rise from the Wreck,DFT,Aetherdrift,178,normal,uncommon,1,103486,43e6ac32-a7a4-4c15-81b0-8485d6a0e7ca,0.04,false,false,near_mint,en,EUR,2025-04-20T23:27:12.695Z
Risky Research,SPM,Marvel's Spider-Man,62,normal,common,2,107617,1f8aa705-6177-42e9-95cb-e7f880c186e3,0.08,false,false,near_mint,en,EUR,2025-09-30T23:51:40.191Z
Risky Shortcut,DFT,Aetherdrift,103,normal,common,2,103625,c80aa587-4445-43d7-abc0-654d94ff4cda,0.12,false,false,near_mint,en,EUR,2025-04-20T23:27:12.695Z
River Herald Guide,LCI,The Lost Caverns of Ixalan,209,normal,common,1,88742,9ea7e323-f329-4928-b25a-c0b44c5ac058,0.06,false,false,near_mint,en,EUR,2025-06-16T17:24:56.249Z
Riverguard's Reflexes,ECL,Lorwyn Eclipsed,33,normal,common,1,110782,88a79f3e-ca74-467c-b0a8-22802ac5b465,0.04,false,false,near_mint,en,EUR,2026-01-25T20:47:46.712Z
Riverwalk Technique,TDM,Tarkir: Dragonstorm,54,normal,common,1,105118,043c25d5-13ee-4cab-98d5-fb89db9cf6e3,0.03,false,false,near_mint,en,EUR,2025-04-20T23:27:12.695Z
Riveteers Overlook,EOC,Edge of Eternities Commander,172,normal,common,1,107002,3dc4e8b8-6ee6-49aa-895a-2e35af6d1dbb,0.17,false,false,near_mint,en,EUR,2025-08-06T14:50:32.528Z
Roadside Blowout,DFT,Aetherdrift,58,normal,uncommon,1,103289,d6153a76-56f7-46ee-bba5-b62c0143388a,0.06,false,false,near_mint,en,EUR,2025-04-20T23:27:12.695Z
Roamer's Routine,TDM,Tarkir: Dragonstorm,154,normal,common,1,104396,fb8c2d5c-ba0c-4d50-8898-5c6574b1e974,0.02,false,false,near_mint,en,EUR,2025-04-20T23:27:12.695Z
Robot,TEOE,Edge of Eternities Tokens,10,normal,common,1,107769,c46f9a07-005c-44b7-8057-b2f00b274dd6,,false,false,near_mint,en,EUR,2025-08-01T19:16:32.510Z
Robot,TSPM,Marvel's Spider-Man Tokens,6,normal,common,4,108618,15796c4b-6041-4e0a-bc4f-0518d165549e,,false,false,near_mint,en,EUR,2025-09-30T23:51:40.191Z
Robotics Mastery,SPM,Marvel's Spider-Man,41,normal,uncommon,1,108578,d0e92939-6d86-44b4-8a43-1963e97a2bb3,0.05,false,false,near_mint,en,EUR,2025-09-30T23:51:40.191Z
Rock Soldiers,TMT,Teenage Mutant Ninja Turtles,107,normal,common,1,111554,0fada65d-fd8d-4be9-b2bb-ea5cac78fdd7,0.04,false,false,near_mint,en,EUR,2026-03-06T23:49:55.841Z
Rocketeer Boostbuggy,DFT,Aetherdrift,220,normal,uncommon,2,103030,4c80c91e-dd3d-4c7b-89e4-bfb253eeaee2,0.07,false,false,near_mint,en,EUR,2025-04-20T23:27:12.695Z
"Rocksteady, Crash Courser",TMT,Teenage Mutant Ninja Turtles,131,normal,common,1,111607,ebbb5756-80fa-406f-8daa-be1f5a6c3c80,0.05,false,false,near_mint,en,EUR,2026-03-06T23:49:55.825Z
Rocky Rebuke,TLA,Avatar: The Last Airbender,193,normal,common,1,108211,52fd910f-6d42-41f5-a4be-f375aa254ea2,0.05,false,false,near_mint,en,EUR,2025-11-26T15:34:18.488Z
Rocky Tar Pit,EOC,Edge of Eternities Commander,173,normal,uncommon,1,106981,2aa1f7c6-f888-4384-9626-f106571e164c,0.2,false,false,near_mint,en,EUR,2025-08-06T14:50:32.528Z
Rodeo Pyromancers,OTJ,Outlaws of Thunder Junction,143,normal,common,1,93381,df877a29-06e1-474d-8600-410bbec674ae,0.16,false,false,near_mint,en,EUR,2025-10-27T10:57:33.331Z
Roiling Dragonstorm,TDM,Tarkir: Dragonstorm,55,normal,uncommon,1,104280,455f4c96-684b-4b14-bd21-6799da2e1fa7,0.11,false,false,near_mint,en,EUR,2025-04-20T23:27:12.695Z
Roiling Regrowth,EOC,Edge of Eternities Commander,105,normal,uncommon,1,106984,2c446dbb-b883-47e9-aab3-ac921ff218f8,0.26,false,false,near_mint,en,EUR,2025-08-06T14:50:32.528Z
Romantic Rendezvous,SPM,Marvel's Spider-Man,86,normal,common,1,107624,38120361-153f-414e-8a45-f86bb2e35a17,0.09,false,false,near_mint,en,EUR,2025-09-30T23:51:40.191Z
Rooftop Percher,ECL,Lorwyn Eclipsed,2,normal,common,2,110464,2d89595c-1542-41fe-8d23-997522922698,0.1,false,false,near_mint,en,EUR,2026-01-25T20:47:46.798Z
Rope,MKM,Murders at Karlov Manor,173,normal,uncommon,1,90931,6881946c-5036-4d9f-926f-932c9a592aff,0.07,false,false,near_mint,en,EUR,2025-04-20T23:27:12.695Z
Rose Room Treasurer,BLC,Bloomburrow Commander,201,normal,rare,1,96406,a13c1103-91d0-4aef-8ece-e7ceb25ffdfb,0.28,false,false,near_mint,en,EUR,2025-11-06T20:40:57.429Z
Rot Farm Mortipede,MKM,Murders at Karlov Manor,102,normal,common,2,90617,023b0142-663a-47e7-a9f1-0b565a172b60,0.03,false,false,near_mint,en,EUR,2025-06-16T17:24:56.249Z
Rot-Curse Rakshasa,TDM,Tarkir: Dragonstorm,87,normal,mythic,1,104531,31276460-fa9d-47da-85c5-c4baa8074d0d,4.65,false,false,near_mint,en,EUR,2025-04-20T23:27:12.695Z
Rotted Hystrix,NPH,New Phyrexia,120,normal,common,1,19765,7bcae97d-468a-4e16-bfed-d2946f64784c,0.08,false,false,near_mint,en,EUR,2025-04-20T23:27:12.695Z
Rough Rhino Cavalry,TLA,Avatar: The Last Airbender,152,normal,common,1,108259,a8bc29cf-f6f8-4bb8-b722-f016b58b6d2d,0.05,false,false,near_mint,en,EUR,2025-11-26T15:34:18.488Z
Roving Actuator,EOE,Edge of Eternities,157,normal,uncommon,1,107375,1111173b-ea49-4de4-b5b0-07d768c626b9,0.06,false,false,near_mint,en,EUR,2025-08-01T19:16:32.510Z
Rowdy Research,BLC,Bloomburrow Commander,173,normal,uncommon,1,96205,22737b82-bb81-4e4d-8ce7-7f06c5692d9b,0.15,false,false,near_mint,en,EUR,2025-11-06T20:40:57.429Z
Rowdy Snowballers,TLA,Avatar: The Last Airbender,68,normal,common,2,108165,17d71522-b133-4003-b787-0c742a2fd70e,0.04,false,false,near_mint,en,EUR,2025-11-26T15:34:18.488Z
Rubble Rouser,SOS,Secrets of Strixhaven,128,normal,common,1,112664,afe61957-a9bb-42b0-98e8-b5fa418cbaff,0.1,false,false,near_mint,en,EUR,2026-05-08T10:13:36.504Z
Rubblebelt Braggart,MKM,Murders at Karlov Manor,143,normal,common,1,91322,f90f8691-210a-4bf0-9fc2-fb2efcf057fb,0.04,false,false,near_mint,en,EUR,2025-04-20T23:27:12.695Z
Rubblebelt Maverick,MKM,Murders at Karlov Manor,174,normal,common,2,91011,81c7ff67-b9e1-4d2e-b1ae-da9b946da00b,0.2,false,false,near_mint,en,EUR,2025-04-20T23:27:12.695Z
"Ruby, Daring Tracker",FDN,Foundations,245,normal,uncommon,1,101405,fe3e7dd2-b66d-4218-9fde-f84bec26b7bf,0.13,false,false,near_mint,en,EUR,2025-04-20T23:27:12.695Z
Rufus Shinra,FIN,Final Fantasy,238,normal,uncommon,1,106685,f5fff00b-c9a0-4e90-abc0-349f8716c885,0.11,false,false,near_mint,en,EUR,2025-06-18T14:09:45.764Z
Rugged Highlands,FDN,Foundations,265,normal,common,2,101400,fd6eaf8e-8881-4d7b-bafc-75e4ca5cbef6,0.11,false,false,near_mint,en,EUR,2025-04-20T23:27:12.695Z
Rugged Highlands,TDM,Tarkir: Dragonstorm,265,normal,common,1,104267,31261eca-28ad-407c-84ef-0c124d0d7451,0.02,false,false,near_mint,en,EUR,2025-04-20T23:27:12.695Z
Rugged Prairie,BLC,Bloomburrow Commander,327,normal,rare,1,96245,3504736d-5f88-40dc-9e3e-6018422eff54,0.35,false,false,near_mint,en,EUR,2025-11-06T20:40:57.429Z
Ruinous Rampage,EOE,Edge of Eternities,158,normal,uncommon,1,107299,91d7a4c2-1a4b-4e9f-b543-225b6906752f,0.17,false,false,near_mint,en,EUR,2025-08-01T19:16:32.510Z
Rumble Arena,TLA,Avatar: The Last Airbender,277,normal,common,1,109688,3f5d2c38-663c-4f64-8cfc-c102462e82ef,0.12,false,false,near_mint,en,EUR,2025-11-26T15:34:18.488Z
Run Away Together,ECL,Lorwyn Eclipsed,67,normal,common,3,110474,35c56aff-1f0f-464a-b705-d67803e3d060,0.12,false,false,near_mint,en,EUR,2026-01-25T20:47:46.754Z
Run Away Together,FDN,Foundations,162,normal,common,2,101614,e598eb7b-10dc-49e6-ac60-2fefa987173e,0.04,false,false,near_mint,en,EUR,2025-04-20T23:27:12.695Z
Rune-Scarred Demon,FDN,Foundations,184,normal,rare,2,100227,1eae3165-554d-4759-8f18-794e2a7d8464,0.44,false,false,near_mint,en,EUR,2025-04-20T23:27:12.695Z
Ruthless Lawbringer,OTJ,Outlaws of Thunder Junction,229,normal,uncommon,2,93266,927b5498-23f1-47c0-b441-7daaeb54f9b8,0.19,false,false,near_mint,en,EUR,2025-10-27T10:57:33.331Z
Saber-Tooth Moose-Lion,TLA,Avatar: The Last Airbender,194,normal,common,1,108266,b15f302d-c451-4e79-a5af-75ee3ba4cadf,0.04,false,false,near_mint,en,EUR,2025-11-26T15:34:18.488Z
Sabotage Strategist,DFT,Aetherdrift,59,foil,uncommon,1,103627,c8bb15e2-e1ad-4645-aab0-df4a1a68563d,0.03,false,false,near_mint,en,EUR,2025-04-20T23:27:12.695Z
Safewright Cavalry,ECL,Lorwyn Eclipsed,191,normal,common,1,110870,f7de412a-9731-4bfc-8fbc-c95988a3dd70,0.06,false,false,near_mint,en,EUR,2026-01-25T20:47:46.699Z
Sage of the Fang,TDM,Tarkir: Dragonstorm,155,normal,uncommon,1,105123,1ebf4a9d-d90c-4017-9f00-fca89899f301,0.06,false,false,near_mint,en,EUR,2025-04-20T23:27:12.695Z
Sage's Nouliths,FIN,Final Fantasy,70,normal,common,1,106088,a12ff7c3-6ae0-4098-9240-ff3fd16a5288,0.04,false,false,near_mint,en,EUR,2025-06-18T14:09:45.764Z
Salt Road Packbeast,TDM,Tarkir: Dragonstorm,23,normal,common,1,104327,98d548c9-42bc-4155-8211-0aea801c3724,0.03,false,false,near_mint,en,EUR,2025-04-20T23:27:12.695Z
Salvation Engine,DFT,Aetherdrift,295,normal,mythic,1,103475,37c2e68f-3f40-45b1-9afe-cc1c5fb41203,1.97,false,false,near_mint,en,EUR,2025-04-20T23:27:12.695Z
Sami's Curiosity,EOE,Edge of Eternities,203,normal,common,2,107460,703ad0f3-bd05-42b0-85fb-0cd37807dc91,0.16,false,false,near_mint,en,EUR,2025-08-01T19:16:32.510Z
"Sami, Ship's Engineer",EOE,Edge of Eternities,225,normal,uncommon,1,106764,75c38cc9-07de-46d4-8195-f04b2b7e0fee,0.1,false,false,near_mint,en,EUR,2025-08-01T19:16:32.510Z
Samurai's Katana,FIN,Final Fantasy,154,normal,uncommon,1,106267,11f1d378-c78c-402a-ac46-2d32598c23e7,0.06,false,false,near_mint,en,EUR,2025-06-18T14:09:45.764Z
Sandbenders' Storm,TLA,Avatar: The Last Airbender,34,normal,common,1,109779,b3bf4a25-4329-4318-870a-2b06aa620dc4,0.08,false,false,near_mint,en,EUR,2025-11-26T15:34:18.488Z
Sandman's Quicksand,SPM,Marvel's Spider-Man,63,normal,uncommon,1,108570,b7795e17-6717-464c-9ae3-20da52ba005a,0.02,false,false,near_mint,en,EUR,2025-09-30T23:51:40.191Z
Sandskitter Outrider,TDM,Tarkir: Dragonstorm,89,normal,common,1,105122,1c4bfebe-f10f-44bd-9368-33e273ba5a55,0.02,false,false,near_mint,en,EUR,2025-04-20T23:27:12.695Z
Sandsteppe Citadel,TDM,Tarkir: Dragonstorm,266,normal,uncommon,1,104603,47f47e7f-39ba-4807-8e32-7262a61dfbba,0.09,false,false,near_mint,en,EUR,2025-04-20T23:27:12.695Z
Sandstorm Salvager,BIG,The Big Score,19,normal,mythic,1,93495,13b0f27c-a359-4702-833a-82fec161eeec,1.32,false,false,near_mint,en,EUR,2026-05-17T22:24:02.945Z
Sandstorm Verge,OTJ,Outlaws of Thunder Junction,263,normal,uncommon,1,93128,3ab4e0a4-2faf-456b-99e3-ee06c008538c,0.07,false,false,near_mint,en,EUR,2025-10-27T10:57:33.331Z
Sanguine Syphoner,FDN,Foundations,68,normal,common,3,101582,b1daf5bb-c8e9-4e79-a532-ca92a9a885cd,0.1,false,false,near_mint,en,EUR,2025-04-20T23:27:12.695Z
Sanitation Automaton,MKM,Murders at Karlov Manor,256,normal,common,1,90864,52608ba4-c47d-44e4-b624-dee2a3a42ae2,0.06,false,false,near_mint,en,EUR,2025-04-20T23:27:12.695Z
Sarkhan's Resolve,TDM,Tarkir: Dragonstorm,158,normal,common,1,104952,cae56fef-b661-4bc5-b9a1-3871ae06e491,0.04,false,false,near_mint,en,EUR,2025-04-20T23:27:12.695Z
Satyr Wayfinder,EOC,Edge of Eternities Commander,106,normal,common,1,107087,8bbbe65d-7162-42fb-94ee-d835d6c3f02a,0.2,false,false,near_mint,en,EUR,2025-08-06T14:50:32.528Z
Savage Mansion,SPM,Marvel's Spider-Man,183,normal,common,1,108647,855f59a5-17a8-4aca-8a4d-f98111eba14c,0.03,false,false,near_mint,en,EUR,2025-09-30T23:51:40.191Z
Savannah Lions,FDN,Foundations,146,normal,uncommon,1,97184,9c9ac1bc-cdf3-4fa6-8319-a7ea164e9e47,0.04,false,false,near_mint,en,EUR,2025-04-20T23:27:12.695Z
Saved by the Shell,TMT,Teenage Mutant Ninja Turtles,132,normal,uncommon,1,111611,f6314c7f-41dc-4bbd-99db-3a8a1d2977b2,0.16,false,false,near_mint,en,EUR,2026-03-06T23:49:55.734Z
Sazh's Chocobo,FIN,Final Fantasy,200,normal,uncommon,1,103809,dda6b4d0-1b60-46b0-b321-b9ffe15afff4,0.36,false,false,near_mint,en,EUR,2025-06-18T14:09:45.764Z
Scalestorm Summoner,OTJ,Outlaws of Thunder Junction,144,normal,uncommon,1,93364,d603c00f-048a-4a05-9df9-52844819d523,0.08,false,false,near_mint,en,EUR,2025-10-27T10:57:33.331Z
Scarblade Scout,ECL,Lorwyn Eclipsed,118,normal,common,1,110833,c2412fea-4591-4345-913f-edc2da9ad975,0.07,false,false,near_mint,en,EUR,2026-01-25T20:47:46.757Z
Scarblade's Malice,ECL,Lorwyn Eclipsed,119,normal,common,1,110815,aea9b5c0-3b32-44be-9773-566b9daafa6b,0.04,false,false,near_mint,en,EUR,2026-01-25T20:47:46.742Z
Scene of the Crime,MKM,Murders at Karlov Manor,267,normal,uncommon,1,91247,de039992-631b-4feb-a522-acdb0a6d1f26,0.2,false,false,near_mint,en,EUR,2025-04-20T23:27:12.695Z
Scorpion Sentinel,FIN,Final Fantasy,72,normal,common,1,106503,08ab5220-e5c1-472e-8217-97fd60e1773c,0.03,false,false,near_mint,en,EUR,2025-06-18T14:09:45.764Z
Scorpion's Sting,SPM,Marvel's Spider-Man,65,normal,common,1,107613,0fb03437-32cf-4c97-bf91-ea8b2ad3f964,0.07,false,false,near_mint,en,EUR,2025-09-30T23:51:40.191Z
Scoured Barrens,DFT,Aetherdrift,263,normal,common,1,103221,ac52be0c-49f4-4956-820e-bdd7d2744d2f,0.07,false,false,near_mint,en,EUR,2025-04-20T23:27:12.695Z
Scoured Barrens,FDN,Foundations,266,normal,common,1,100277,2632a4b2-9ca6-4b67-9a99-14f52ad3dc41,0.15,false,false,near_mint,en,EUR,2025-04-20T23:27:12.695Z
Scoured Barrens,TDM,Tarkir: Dragonstorm,267,normal,common,1,104346,b4b47b80-69ed-44b0-afa0-ca90206dc16d,0.06,false,false,near_mint,en,EUR,2025-04-20T23:27:12.695Z
Scouring Swarm,EOC,Edge of Eternities Commander,16,normal,rare,1,107090,8fc25982-8668-43c4-93db-84e716e8783d,1.07,false,false,near_mint,en,EUR,2025-08-06T14:50:32.528Z
Scout the City,SPM,Marvel's Spider-Man,113,normal,common,1,107653,90b9504d-d23d-402f-8b16-1964ebd8f6b9,0.07,false,false,near_mint,en,EUR,2025-09-30T23:51:40.191Z
Scrap Compactor,DFT,Aetherdrift,242,normal,common,2,103436,12ccd555-60d4-49a1-b022-1e119344172a,0.08,false,false,near_mint,en,EUR,2025-04-20T23:27:12.695Z
Scrapskin Drake,AVR,Avacyn Restored,73,normal,common,1,18205,c9f03bae-1d23-43ea-9079-4b09d61bbadd,0.04,false,false,near_mint,en,EUR,2025-04-20T23:27:12.695Z
Scroll Thief,M11,Magic 2011,72,normal,common,1,21317,6f3b2808-58d9-4e27-a6c2-6db66191151e,0.15,false,false,near_mint,en,EUR,2025-04-20T23:27:12.695Z
Sea Troll,HML,Homelands,39,normal,uncommon,1,39252,b7da23d4-f9fb-40a5-8395-51b47a064600,0.16,false,false,near_mint,en,EUR,2025-06-16T17:24:56.249Z
Seachrome Coast,BLC,Bloomburrow Commander,328,normal,rare,1,96372,88ec4d3b-f1f1-489c-b41e-0206e5e59fbd,0.92,false,false,near_mint,en,EUR,2025-11-06T20:40:57.429Z
Seam Rip,EOE,Edge of Eternities,34,normal,uncommon,1,107750,9d298847-2d02-4593-b4d3-c5b722edac1e,0.93,false,false,near_mint,en,EUR,2025-08-02T12:05:52.876Z
Secluded Courtyard,FDN,Foundations,267,normal,uncommon,2,101161,d13373d2-139b-48c7-a8c9-828cefc4f150,0.27,false,false,near_mint,en,EUR,2025-04-20T23:27:12.695Z
Secret Identity,SPM,Marvel's Spider-Man,43,normal,uncommon,1,108632,37a31d84-e87b-406e-9249-fae1b5e23e72,0.11,false,false,near_mint,en,EUR,2025-09-30T23:51:40.191Z
Seedship Agrarian,EOE,Edge of Eternities,204,normal,uncommon,1,107706,2fc7946d-37b0-4dc8-9daa-8d2204d8e4d2,0.16,false,false,near_mint,en,EUR,2025-08-02T12:05:52.876Z
Seedship Impact,EOE,Edge of Eternities,205,normal,uncommon,1,107169,d060d95f-f33a-4fc0-b002-c394d4cd82ce,0.15,false,false,near_mint,en,EUR,2025-08-01T19:16:32.510Z
Seeker of Sunlight,LCI,The Lost Caverns of Ixalan,210,normal,common,2,89068,ffcdb10f-4bad-4f89-8e7c-daa5c0c69230,0.06,false,false,near_mint,en,EUR,2025-06-16T17:24:56.249Z
Seeker's Folly,FDN,Foundations,69,normal,uncommon,1,101067,bc359da6-8b7f-45ec-b530-ce159fc35953,0.09,false,false,near_mint,en,EUR,2025-06-16T17:08:25.900Z
Seize Opportunity,TDM,Tarkir: Dragonstorm,119,normal,common,1,104391,f7818d28-b9a5-4341-9adc-666070b8878d,0.02,false,false,near_mint,en,EUR,2025-04-20T23:27:12.695Z
Seize the Secrets,OTJ,Outlaws of Thunder Junction,64,normal,common,1,93076,1bdbdfa8-aa28-4b3d-95e7-3d0e7e37f982,0.09,false,false,near_mint,en,EUR,2025-10-27T10:57:33.331Z
Seize the Spoils,SOS,Secrets of Strixhaven,129,normal,common,1,111928,4ddf4e34-a1f9-4636-942d-0a08e9f94320,0.08,false,false,near_mint,en,EUR,2026-05-08T10:13:36.489Z
Self-Reflection,FDN,Foundations,163,normal,uncommon,2,101247,e1e6abc9-25b2-4d51-b519-2525079eab51,0.06,false,false,near_mint,en,EUR,2025-04-20T23:27:12.695Z
Selfcraft Mechan,EOE,Edge of Eternities,74,normal,common,1,107724,5b2de056-5c27-44d6-871d-909411bd52dd,0.08,false,false,near_mint,en,EUR,2025-08-01T19:16:32.510Z
Selfless Police Captain,SPM,Marvel's Spider-Man,12,normal,common,1,107685,fb0fd7bd-10d0-4d29-af88-387d1e07f3b7,0.05,false,false,near_mint,en,EUR,2025-09-30T23:51:40.191Z
Selfless Spirit,BLC,Bloomburrow Commander,153,normal,rare,1,96390,975a2d50-4230-4f13-b54e-5e0d27c7261a,1.0,false,false,near_mint,en,EUR,2025-11-06T20:40:57.429Z
Send in the Pest,SOS,Secrets of Strixhaven,100,normal,common,2,112576,283b508b-89f0-4c23-9686-b049e402b73c,0.1,false,false,near_mint,en,EUR,2026-05-08T10:13:36.476Z
Sephiroth's Intervention,FIN,Final Fantasy,116,normal,common,1,106297,cf7df82f-937a-443f-813f-2bcc6944c5c0,0.1,false,false,near_mint,en,EUR,2025-06-18T14:09:45.764Z
Seraph of Dawn,AVR,Avacyn Restored,35,normal,common,1,18243,5da345bd-8f2b-4966-97f5-c0e4c6cfe3b7,0.12,false,false,near_mint,en,EUR,2025-04-20T23:27:12.695Z
Seraphic Steed,OTJ,Outlaws of Thunder Junction,232,normal,rare,1,93230,7ada7ab4-0dee-4ff3-9817-1e61ca3f2ccf,0.18,false,false,near_mint,en,EUR,2025-10-27T10:57:33.331Z
Sewer-veillance Cam,TMT,Teenage Mutant Ninja Turtles,53,normal,common,1,111505,ab47a37b-b66d-4f70-9bf0-4d5ed6b518f3,0.17,false,false,near_mint,en,EUR,2026-03-06T23:49:55.842Z
Shadow Urchin,ECL,Lorwyn Eclipsed,242,normal,rare,1,110745,4e54c39b-6149-467b-a9a8-7ad09ca0cbd4,0.02,false,false,near_mint,en,EUR,2026-01-25T20:47:46.777Z
Shady Informant,MKM,Murders at Karlov Manor,231,normal,common,2,90659,0de36e63-8190-415f-b65b-bae1e595845d,0.03,false,false,near_mint,en,EUR,2025-04-20T23:27:12.695Z
Shapeshifter,TECL,Lorwyn Eclipsed Tokens,1,normal,common,1,110407,c2963ce1-f9d8-437a-9489-e0913a8b8d26,,false,false,near_mint,en,EUR,2026-07-20T10:08:18.051Z
Shared Roots,SOA,Secrets of Strixhaven Mystical Archive,58,normal,uncommon,1,112432,3aeb1fe1-3ff3-466c-9eda-b8747702734c,0.02,false,false,near_mint,en,EUR,2026-05-08T10:13:36.467Z
Shared Roots,TLA,Avatar: The Last Airbender,196,normal,uncommon,1,109570,e7847ba5-e85e-417f-96c0-aef2e6f83994,0.76,false,false,near_mint,en,EUR,2025-11-26T15:34:18.488Z
"Shark Shredder, Killer Clone",TMT,Teenage Mutant Ninja Turtles,320,foil,rare,1,111392,f2bc8cc8-715b-42a3-83fe-25972b5cbfe1,,false,false,near_mint,en,EUR,2026-03-06T23:49:55.727Z
"Shark Shredder, Killer Clone",TMT,Teenage Mutant Ninja Turtles,73,normal,rare,1,110932,8f946b3d-7d2a-4210-a909-d16078757e3b,0.45,false,false,near_mint,en,EUR,2026-03-06T23:49:55.767Z
"Sharlayan, Nation of Scholars",FIN,Final Fantasy,288,normal,common,1,106579,7a745b5e-cdb8-4d05-ac5c-87be69536da6,0.1,false,false,near_mint,en,EUR,2025-06-18T14:09:45.764Z
Shattered Wings,EOE,Edge of Eternities,206,normal,common,2,107142,bbece737-bd4f-4dc8-bf5c-f77930246ab1,0.18,false,false,near_mint,en,EUR,2025-08-01T19:16:32.510Z
Shefet Archfiend,DFT,Aetherdrift,104,normal,uncommon,1,103422,079dc8d2-0de3-415e-8af8-b8dec669368a,0.2,false,false,near_mint,en,EUR,2025-04-20T23:27:12.695Z
Sheltered Thicket,EOC,Edge of Eternities Commander,178,normal,rare,1,107127,af373c1c-aeb8-48d9-9cea-dfd6d6c2ee87,0.15,false,false,near_mint,en,EUR,2025-08-06T14:50:32.528Z
Shepherd of the Clouds,OTJ,Outlaws of Thunder Junction,28,normal,uncommon,1,93334,c2245f36-2138-4f01-9b70-151137a5ac59,0.08,false,false,near_mint,en,EUR,2025-10-27T10:57:33.331Z
Shield Broker,BLC,Bloomburrow Commander,174,normal,rare,1,96185,173e4f62-96b0-4ee8-a809-045a29aabae0,0.16,false,false,near_mint,en,EUR,2025-11-06T20:40:57.429Z
"Shiko, Paragon of the Way",TDM,Tarkir: Dragonstorm,223,normal,mythic,1,103996,8138cf10-1e3e-483f-86ad-cc399192657d,1.37,false,false,near_mint,en,EUR,2025-04-20T23:27:12.695Z
Shinra Reinforcements,FIN,Final Fantasy,118,normal,common,1,106282,7367b257-1a8c-4593-a307-7116e36e0342,0.07,false,false,near_mint,en,EUR,2025-06-18T14:09:45.764Z
Shivan Dragon,FDN,Foundations,206,foil,uncommon,1,100236,1fcff1e0-2745-448d-a27b-e31719e222e9,0.06,false,false,near_mint,en,EUR,2025-04-20T23:27:12.695Z
Shivan Dragon,FDN,Foundations,206,normal,uncommon,2,100236,1fcff1e0-2745-448d-a27b-e31719e222e9,0.07,false,false,near_mint,en,EUR,2025-04-20T23:27:12.695Z
Shivan Reef,BLC,Bloomburrow Commander,331,normal,rare,1,96297,59d5e76c-4961-4dbf-be38-a18a2c16d33f,0.52,false,false,near_mint,en,EUR,2025-11-06T20:40:57.429Z
Shock,SPM,Marvel's Spider-Man,88,normal,common,1,107645,760b41a1-c087-4b11-b8a0-fb01d8a4c0c6,0.05,false,false,near_mint,en,EUR,2025-09-30T23:51:40.191Z
Shock Brigade,TDM,Tarkir: Dragonstorm,120,normal,common,1,104700,66940466-8e9d-4a85-bfb0-e92189b7a121,0.06,false,false,near_mint,en,EUR,2025-04-20T23:27:12.695Z
"Shocker, Unshakable",SPM,Marvel's Spider-Man,89,normal,uncommon,1,107652,8b2c0d9a-364a-4823-aa4c-fe473d4463f0,0.08,false,false,near_mint,en,EUR,2025-09-30T23:51:40.191Z
Shopkeeper's Bane,SOS,Secrets of Strixhaven,159,normal,common,1,112651,97f7fbb9-228c-4a74-975b-38d3b6cecb32,0.08,false,false,near_mint,en,EUR,2026-05-08T10:13:36.507Z
Shredder's Revenge,TMT,Teenage Mutant Ninja Turtles,76,normal,common,2,111272,72fadf47-2e0b-4b24-b1bc-7c86780716b6,0.1,false,false,near_mint,en,EUR,2026-03-06T23:49:55.751Z
Shredder's Technique,TMT,Teenage Mutant Ninja Turtles,77,normal,uncommon,1,111312,99a24349-7d11-421b-a161-c1edbb8f53b1,0.22,false,false,near_mint,en,EUR,2026-03-06T23:49:55.745Z
"Shredder, Unrelenting",TMT,Teenage Mutant Ninja Turtles,74,normal,uncommon,1,111488,88a48867-5c65-483c-92b0-f70c53ea2a9e,0.08,false,false,near_mint,en,EUR,2026-03-06T23:49:55.837Z
Shriek Raptor,NPH,New Phyrexia,24,normal,common,1,19861,73071a3b-9329-418e-9285-fa4765463d1f,0.12,false,false,near_mint,en,EUR,2025-04-20T23:27:12.695Z
"Shriek, Treblemaker",SPM,Marvel's Spider-Man,144,normal,uncommon,1,108615,01f1900e-b10f-47dd-8b3d-6913fa661186,0.1,false,false,near_mint,en,EUR,2025-09-30T23:51:40.191Z
Sibsig Appraiser,TDM,Tarkir: Dragonstorm,56,foil,common,1,105135,670c5b96-bac6-449b-a2bd-cb43750d3911,0.08,false,false,near_mint,en,EUR,2025-04-20T23:27:12.695Z
Sidequest: Raise a Chocobo // Black Chocobo,FIN,Final Fantasy,201,normal,uncommon,1,106508,0cbf911c-a721-4b84-8645-d83a0966be18,0.13,false,false,near_mint,en,EUR,2025-06-18T14:09:45.764Z
Siege-Gang Commander,BLC,Bloomburrow Commander,202,normal,rare,1,96157,0befe0f5-ff7c-441a-9bb2-cbe919be10ad,0.27,false,false,near_mint,en,EUR,2025-11-06T20:40:57.429Z
Silken Strength,DFT,Aetherdrift,180,normal,common,2,103634,ce0e1ded-9b00-4d7b-884c-70a429783b1f,0.04,false,false,near_mint,en,EUR,2025-04-20T23:27:12.695Z
Silver Deputy,OTJ,Outlaws of Thunder Junction,248,normal,common,1,93124,39d2c11d-1eb8-4768-bc61-fa8f20a69462,0.04,false,false,near_mint,en,EUR,2025-10-27T10:57:33.331Z
Silvergill Peddler,ECL,Lorwyn Eclipsed,70,normal,common,1,110669,feba2bb6-6005-4ade-a4c5-97bbd54b43a3,0.12,false,false,near_mint,en,EUR,2026-01-25T20:47:46.784Z
Silverquill Charm,SOS,Secrets of Strixhaven,225,normal,uncommon,1,111655,3eb73579-f1c6-4762-81d2-9568ab501fac,0.19,false,false,near_mint,en,EUR,2026-04-19T19:45:43.826Z
Sinister Cryologist,EOE,Edge of Eternities,75,normal,common,2,107783,e8fbe740-05ec-4ced-bb9d-3084c8c2b631,0.04,false,false,near_mint,en,EUR,2025-08-01T19:16:32.510Z
Sizzling Changeling,ECL,Lorwyn Eclipsed,155,normal,uncommon,1,110420,e58f0722-9ad1-4952-9aee-ea8137c58911,0.12,false,false,near_mint,en,EUR,2026-01-25T20:47:46.705Z
Skateboard,TMT,Teenage Mutant Ninja Turtles,178,normal,uncommon,1,111527,deadb6d8-3eea-4261-a07c-8536df89e85c,0.61,false,false,near_mint,en,EUR,2026-03-06T23:49:55.790Z
Skulduggery,OTJ,Outlaws of Thunder Junction,107,normal,common,1,93030,03709166-164a-4075-ad0d-ea3b516ab771,0.02,false,false,near_mint,en,EUR,2025-10-27T10:57:33.331Z
Skybox Ferry,DFT,Aetherdrift,243,normal,common,1,103542,75d9ef34-ae95-4465-a30c-372e231bd733,0.02,false,false,near_mint,en,EUR,2025-04-20T23:27:12.695Z
Skyclave Apparition,BLC,Bloomburrow Commander,154,normal,rare,1,96415,a76c56a3-db5c-4884-8c6a-bf8105b62421,0.44,false,false,near_mint,en,EUR,2025-11-06T20:40:57.429Z
Skycloud Expanse,BLC,Bloomburrow Commander,332,normal,rare,1,96428,b0a66448-7da0-409b-ae94-746e022b92cf,0.15,false,false,near_mint,en,EUR,2025-11-06T20:40:57.429Z
Skyship Buccaneer,FDN,Foundations,50,normal,uncommon,1,100587,62958fc3-55dc-4b97-a070-490d6ed27820,0.06,false,false,near_mint,en,EUR,2025-04-20T23:27:12.695Z
Skyshroud Claim,EOC,Edge of Eternities Commander,107,normal,common,1,107082,860c0808-3ec1-4182-bf83-783720a02780,1.09,false,false,near_mint,en,EUR,2025-08-06T14:50:32.528Z
Skystinger,EOE,Edge of Eternities,207,normal,common,2,107777,dfea9941-3675-4c0f-bc4d-981c28deed36,0.15,false,false,near_mint,en,EUR,2025-08-01T19:16:32.510Z
Skyward Spider,SPM,Marvel's Spider-Man,146,normal,common,1,108599,f5cbb580-cd02-4c60-acb7-b7ed1f1fce59,0.02,false,false,near_mint,en,EUR,2025-09-30T23:51:40.191Z
Slagdrill Scrapper,EOE,Edge of Eternities,160,normal,common,2,107694,155dcf54-8fdb-4715-97dc-4eb5d3d80d78,0.15,false,false,near_mint,en,EUR,2025-08-01T19:16:32.510Z
Slagstorm,FDN,Foundations,207,normal,rare,1,100896,9db2e3a9-b90d-44cd-a2bd-eeb7dbe255b0,0.2,false,false,near_mint,en,EUR,2025-04-20T23:27:12.695Z
Slash of Light,FIN,Final Fantasy,32,normal,common,1,106662,da6d9529-3cb0-4adc-8209-b9b02db3bf54,0.05,false,false,near_mint,en,EUR,2025-06-18T14:09:45.764Z
Sledge-Class Seedship,EOE,Edge of Eternities,208,normal,rare,1,107562,dc0cb4b6-cc20-49ea-84b2-2f3af3b0a19e,0.02,false,false,near_mint,en,EUR,2025-08-01T19:16:32.510Z
Sleep,M11,Magic 2011,73,normal,uncommon,1,21316,93ba1c16-eeb2-405d-9f66-6de2f4354224,0.12,false,false,near_mint,en,EUR,2025-04-20T23:27:12.695Z
Sleep Magic,FIN,Final Fantasy,74,normal,uncommon,1,106650,c96cae63-7625-48e3-aaba-5b1632a8642d,0.02,false,false,near_mint,en,EUR,2025-06-18T14:09:45.764Z
Sleight of Hand,SOA,Secrets of Strixhaven Mystical Archive,22,normal,uncommon,1,112686,c837c418-2fe9-4ce8-b76d-c37241579a93,0.15,false,false,near_mint,en,EUR,2026-05-08T10:13:36.512Z
Slice from the Shadows,MKM,Murders at Karlov Manor,103,normal,common,1,90770,317800b3-6b2d-4de6-8e44-7e54dd623055,0.12,false,false,near_mint,en,EUR,2025-04-20T23:27:12.695Z
Slick Imitator,DFT,Aetherdrift,62,normal,uncommon,2,103481,3e86ef50-4939-4e7c-853d-438f0f3e0411,0.08,false,false,near_mint,en,EUR,2025-04-20T23:27:12.695Z
Slick Sequence,OTJ,Outlaws of Thunder Junction,233,normal,uncommon,1,93329,beb1c974-0d35-4e9f-a310-44eb2af64494,0.13,false,false,near_mint,en,EUR,2025-10-27T10:57:33.331Z
Slickshot Lockpicker,OTJ,Outlaws of Thunder Junction,67,normal,uncommon,1,93048,109a9464-ce30-4747-874e-3bbf75913081,0.1,false,false,near_mint,en,EUR,2025-10-27T10:57:33.331Z
Slime Against Humanity,MKM,Murders at Karlov Manor,177,normal,common,1,90698,1eb21318-d32e-4724-8908-c0d7613de2f4,0.84,false,false,near_mint,en,EUR,2025-04-20T23:27:12.695Z
Slumbering Cerberus,FDN,Foundations,94,normal,uncommon,2,100892,9d06faa8-201d-45db-b398-ad56f7b01848,0.21,false,false,near_mint,en,EUR,2025-04-20T23:27:12.695Z
Slumbering Trudge,SOS,Secrets of Strixhaven,160,normal,rare,1,112335,3a925370-58ac-4181-9acc-db7b0e0abf17,0.02,false,false,near_mint,en,EUR,2026-05-08T10:13:36.455Z
Smallpox,SOA,Secrets of Strixhaven Mystical Archive,33,normal,rare,1,111782,0f6f64b9-145c-4ed2-b90c-cbcf021b353d,0.84,false,false,near_mint,en,EUR,2026-05-08T10:13:36.424Z
Smoldering Marsh,EOC,Edge of Eternities Commander,182,normal,rare,1,107196,ea5c3d9e-13e7-492d-80b8-d6dd42895f33,0.18,false,false,near_mint,en,EUR,2025-08-06T14:50:32.528Z
Snakeskin Veil,FDN,Foundations,233,normal,uncommon,1,100645,6cc4c21d-9bdc-4490-9203-17f51db0ddd1,0.1,false,false,near_mint,en,EUR,2025-04-20T23:27:12.695Z
Snakeskin Veil,OTJ,Outlaws of Thunder Junction,181,normal,common,1,93052,133fbdec-0d00-433f-9015-5eb091126e3a,0.08,false,false,near_mint,en,EUR,2025-10-27T10:57:33.331Z
Snakeskin Veil,TDM,Tarkir: Dragonstorm,159,normal,common,1,104856,a3d2c692-7566-468e-9c86-47a9f768fde2,0.04,false,false,near_mint,en,EUR,2025-04-20T23:27:12.695Z
Snarl Song,SOS,Secrets of Strixhaven,161,normal,uncommon,1,112723,fc4c7fa2-aebb-4636-9afd-f1010c923316,0.07,false,false,near_mint,en,EUR,2026-07-20T10:08:18.029Z
Snarling Gorehound,MKM,Murders at Karlov Manor,105,normal,common,2,91055,93ab3e11-8584-406f-b9ae-9e1df4396cbc,0.15,false,false,near_mint,en,EUR,2025-04-20T23:27:12.695Z
Sol Ring,BLC,Bloomburrow Commander,129,normal,uncommon,1,96542,fff440c0-7e6a-46c2-9989-f1b5af20fd44,1.02,false,false,near_mint,en,EUR,2025-11-06T20:40:57.429Z
Sol Ring,EOC,Edge of Eternities Commander,57,normal,uncommon,1,107201,ee6e5a35-fe21-4dee-b0ef-a8f2841511ad,0.89,false,false,near_mint,en,EUR,2025-08-06T14:50:32.528Z
Sol Ring,FDC,Foundations Commander,2,foil,uncommon,1,100250,219210d3-263c-41c4-9211-0e59b2d4ccf3,2.44,false,false,near_mint,en,EUR,2025-04-20T23:27:12.695Z
Sold Out,TLA,Avatar: The Last Airbender,119,normal,common,1,109389,1affba6d-2cca-4cdf-8690-1e23ffbe8462,0.08,false,false,near_mint,en,EUR,2025-11-26T15:34:18.488Z
Solemn Simulacrum,BLC,Bloomburrow Commander,284,normal,rare,1,96405,a0629730-66d4-49bd-af16-25bb949b33fc,0.24,false,false,near_mint,en,EUR,2025-11-06T20:40:57.429Z
Solemn Simulacrum,FDN,Foundations,257,normal,rare,1,100514,5383f45e-3da2-40fb-beee-801448bbb60f,0.3,false,false,near_mint,en,EUR,2025-04-20T23:27:12.695Z
Solstice Revelations,TLA,Avatar: The Last Airbender,153,normal,uncommon,1,109580,f22ac19f-66fb-4d54-9f09-495a20a29577,0.02,false,false,near_mint,en,EUR,2025-11-26T15:34:18.488Z
"Sothera, the Supervoid",EOE,Edge of Eternities,115,normal,mythic,1,106772,e99d6fc0-dcf2-4b25-81c2-02c230a36246,3.95,false,false,near_mint,en,EUR,2025-08-01T19:16:32.510Z
Soul Enervation,MKM,Murders at Karlov Manor,302,normal,uncommon,1,91003,7ef61777-be03-40c5-be9c-d573cf025813,0.21,false,false,near_mint,en,EUR,2025-04-20T23:27:12.695Z
Soul of Migration,MH2,Modern Horizons 2,33,normal,common,1,59524,4541217f-5e86-491b-918b-ed7a2eb3e4eb,0.02,false,false,near_mint,en,EUR,2025-06-16T17:24:56.249Z
Soul of Windgrace,EOC,Edge of Eternities Commander,126,normal,mythic,1,107026,5a80f7e1-1d79-4302-a603-73eb060b97a6,0.27,false,false,near_mint,en,EUR,2025-08-06T14:50:32.528Z
Soul Search,MKM,Murders at Karlov Manor,232,normal,uncommon,1,90665,0f852937-381d-4445-99d3-2ecb8af6bb6a,0.15,false,false,near_mint,en,EUR,2025-04-20T23:27:12.695Z
Soul-Shackled Zombie,FDN,Foundations,70,normal,common,1,101609,deea5690-6eb2-4353-b917-cbbf840e4e71,0.1,false,false,near_mint,en,EUR,2025-04-20T23:27:12.695Z
Soulbright Seeker,ECL,Lorwyn Eclipsed,157,normal,uncommon,1,110783,895ac890-608a-47de-8bc8-9337fd2064e8,0.07,false,false,near_mint,en,EUR,2026-01-25T20:47:46.764Z
Sower of Chaos,FDN,Foundations,95,normal,common,1,101556,7ff50606-491c-4946-8d03-719b01cfad77,0.06,false,false,near_mint,en,EUR,2025-04-20T23:27:12.695Z
"SP//dr, Piloted by Peni",SPM,Marvel's Spider-Man,147,normal,uncommon,1,107670,c47c1d83-e76d-4939-9ed6-05a9e709dea1,0.02,false,false,near_mint,en,EUR,2025-09-30T23:51:40.191Z
Specimen Freighter,EOE,Edge of Eternities,76,normal,uncommon,2,107526,b862a9f8-2361-4220-99bd-ae2530905195,0.15,false,false,near_mint,en,EUR,2025-08-01T19:16:32.510Z
Spectacle Summit,SOS,Secrets of Strixhaven,262,normal,common,1,112055,a0a66f7b-eab4-45da-8895-c2c2c7eb05f8,0.06,false,false,near_mint,en,EUR,2026-05-08T10:13:36.510Z
Spectacular Pileup,DFT,Aetherdrift,29,normal,rare,1,103591,a24a6309-0e69-45f0-a9ff-44d4997e7e4d,0.32,false,false,near_mint,en,EUR,2025-04-20T23:27:12.695Z
Spectacular Tactics,SPM,Marvel's Spider-Man,15,normal,common,2,107648,836b4246-f1f2-4495-8664-650dda70ed4f,0.09,false,false,near_mint,en,EUR,2025-09-30T23:51:40.191Z
Spectral Denial,TDM,Tarkir: Dragonstorm,58,normal,uncommon,1,105037,ee4e732a-1ffd-463d-92c2-26187659cfc3,0.12,false,false,near_mint,en,EUR,2025-04-20T23:27:12.695Z
Spectral Interference,DFT,Aetherdrift,63,normal,common,1,103556,860cb8af-a5f6-47e7-a34b-7b9f11ddc8c6,0.06,false,false,near_mint,en,EUR,2025-04-20T23:27:12.695Z
Spell Pierce,DFT,Aetherdrift,64,normal,uncommon,1,103568,8dd4374f-0301-4b2e-bc99-2cd19568cb3b,0.16,false,false,near_mint,en,EUR,2025-04-20T23:27:12.695Z
Sphinx's Tutelage,SPG,Special Guests,75,normal,mythic,1,100844,94a3673b-6003-4612-a8f6-02829aa9de7d,2.84,false,false,near_mint,en,EUR,2025-04-20T23:27:12.695Z
Spider,TSPM,Marvel's Spider-Man Tokens,3,normal,common,1,108635,4a40f6e1-3545-4503-af3e-f0acfb735e3a,,false,false,near_mint,en,EUR,2025-09-30T23:51:40.191Z
Spider-Bot,SPM,Marvel's Spider-Man,173,normal,common,1,107619,24df824a-c1d6-4f09-b866-313b31fec5fb,0.08,false,false,near_mint,en,EUR,2025-09-30T23:51:40.191Z
"Spider-Byte, Web Warden",SPM,Marvel's Spider-Man,44,normal,uncommon,1,107618,210ae606-12a4-453b-bfb4-73ca9c22b8b5,0.08,false,false,near_mint,en,EUR,2025-09-30T23:51:40.191Z
"Spider-Gwen, Free Spirit",SPM,Marvel's Spider-Man,90,normal,common,1,107626,3bc04fa7-6265-4549-91f6-eebdcd67398a,0.09,false,false,near_mint,en,EUR,2025-09-30T23:51:40.191Z
Spider-Islanders,SPM,Marvel's Spider-Man,91,normal,common,1,107672,c9132e45-4ddb-4565-ac45-86f1ecc6230d,0.04,false,false,near_mint,en,EUR,2025-09-30T23:51:40.191Z
Spider-Man India,SPM,Marvel's Spider-Man,151,normal,uncommon,1,108448,65b8af30-559b-43a9-8526-62c28c378339,0.14,false,false,near_mint,en,EUR,2025-09-30T23:51:40.191Z
Spider-Man No More,SPM,Marvel's Spider-Man,45,normal,common,1,108642,72dbab11-96ed-43db-8b59-ceca47c8cd22,0.04,false,false,near_mint,en,EUR,2025-09-30T23:51:40.191Z
Spider-Man Noir,SPM,Marvel's Spider-Man,204,normal,uncommon,1,107886,d9a8b9a4-c9d9-4e9f-80b0-23de71a7423b,0.02,false,false,near_mint,en,EUR,2025-09-30T23:51:40.191Z
"Spider-Man, Brooklyn Visionary",SPM,Marvel's Spider-Man,115,normal,common,1,107679,e19929bc-cbe1-4970-952d-8e9d0193ddce,0.08,false,false,near_mint,en,EUR,2025-09-30T23:51:40.191Z
"Spider-Man, Web-Slinger",SPM,Marvel's Spider-Man,16,normal,common,2,107651,897418bc-df8c-4c97-b6bf-7c9133a8a577,0.11,false,false,near_mint,en,EUR,2025-09-30T23:51:40.191Z
Spider-Mobile,SPM,Marvel's Spider-Man,174,normal,uncommon,1,108595,f12664c0-d7cd-4acb-87db-cfa3c85f32a9,0.08,false,false,near_mint,en,EUR,2025-09-30T23:51:40.191Z
"Spider-Rex, Daring Dino",SPM,Marvel's Spider-Man,116,normal,common,2,107636,5b6e0bea-f126-4adb-8808-901950a77c7b,0.09,false,false,near_mint,en,EUR,2025-09-30T23:51:40.191Z
"Spider-Slayer, Hatred Honed",SPM,Marvel's Spider-Man,175,normal,uncommon,1,108655,ac37ca6f-a6ee-4dfb-949f-2562f98d09d0,0.07,false,false,near_mint,en,EUR,2025-09-30T23:51:40.191Z
Spider-UK,SPM,Marvel's Spider-Man,17,normal,uncommon,1,108531,6beb4548-1fab-4b9e-bf24-f7b9aadecc87,0.08,false,false,near_mint,en,EUR,2025-09-30T23:51:40.191Z
Spider-Verse,SPM,Marvel's Spider-Man,93,normal,mythic,1,108603,f8779eb2-1210-430d-8d42-3077053441ee,0.47,false,false,near_mint,en,EUR,2025-09-30T23:51:40.191Z
Spin Out,DFT,Aetherdrift,106,normal,common,1,103617,be722ac5-e8c4-4180-aed0-7c28895afc0d,0.04,false,false,near_mint,en,EUR,2025-04-20T23:27:12.695Z
Spinewoods Armadillo,OTJ,Outlaws of Thunder Junction,182,normal,uncommon,1,93429,f79d63e7-a8c6-4750-91c9-c575a4d0561b,0.11,false,false,near_mint,en,EUR,2025-10-27T10:57:33.331Z
Spinewoods Paladin,OTJ,Outlaws of Thunder Junction,183,normal,common,1,93075,1b2b432d-9e73-4ab2-a098-546d406df6c0,0.1,false,false,near_mint,en,EUR,2025-10-27T10:57:33.331Z
Spirit,TOTJ,Outlaws of Thunder Junction Tokens,5,normal,common,1,93735,8c15b18b-1ab1-44e9-b96f-c36d52f11ea0,0.14,false,false,near_mint,en,EUR,2025-10-27T10:57:33.331Z
Spirit Mascot,SOS,Secrets of Strixhaven,230,normal,common,1,111682,123f1fde-d8de-4640-baa1-bb3781713168,0.1,false,false,near_mint,en,EUR,2026-05-08T10:13:36.460Z
Spirited Companion,BLC,Bloomburrow Commander,155,normal,common,1,96423,ada3dc9c-2f83-4f52-8776-ef23d45cc4eb,0.19,false,false,near_mint,en,EUR,2025-11-06T20:40:57.429Z
Spitfire Lagac,FDN,Foundations,208,normal,common,1,101496,30f600cd-b696-4f49-9cbc-5a33aa43d04c,0.07,false,false,near_mint,en,EUR,2025-04-20T23:27:12.695Z
Splatter Technique,SOS,Secrets of Strixhaven,231,normal,rare,1,112253,969b6657-c3b9-47e1-a42e-95bbcccf452d,0.02,false,false,near_mint,en,EUR,2026-05-08T10:13:36.527Z
Splendid Reclamation,EOC,Edge of Eternities Commander,108,normal,rare,1,107040,63c7f172-0aec-4629-967c-37253aed0f0d,1.4,false,false,near_mint,en,EUR,2025-08-06T14:50:32.528Z
"Splinter, Hamato Yoshi",TMT,Teenage Mutant Ninja Turtles,79,normal,uncommon,1,111591,9ea9d072-aa98-405e-a475-26f93cc37e53,0.15,false,false,near_mint,en,EUR,2026-03-06T23:49:55.765Z
Split Up,DSK,Duskmourn: House of Horror,32,foil,rare,1,98611,1bb9a5b1-48d2-453e-8991-c788bc63e482,2.55,false,false,near_mint,en,EUR,2026-04-19T19:45:43.822Z
Spotcycle Scouter,DFT,Aetherdrift,297,normal,common,1,103250,c0303505-d6f1-4626-a932-0e577d9572fe,0.11,false,false,near_mint,en,EUR,2025-04-20T23:27:12.695Z
Spotcycle Scouter,DFT,Aetherdrift,30,normal,common,2,103346,f0489108-75b7-441c-888d-12987c0c1080,0.05,false,false,near_mint,en,EUR,2025-04-20T23:27:12.695Z
Spring Splasher,OTJ,Outlaws of Thunder Junction,69,normal,common,2,93315,b6822d12-1a25-42e7-94cc-71bd29daed93,0.02,false,false,near_mint,en,EUR,2025-10-27T10:57:33.331Z
Springbloom Druid,EOC,Edge of Eternities Commander,51,normal,common,1,107042,6520f5dc-ead8-40c5-af1c-411fea2ba268,0.2,false,false,near_mint,en,EUR,2025-08-06T14:50:32.528Z
Sprouting Goblin,EOC,Edge of Eternities Commander,90,normal,uncommon,1,107208,f5555845-0424-4cb6-b373-57a722444a4a,0.13,false,false,near_mint,en,EUR,2025-08-06T14:50:32.528Z
Squad Rallier,FDN,Foundations,24,normal,common,2,101534,65e1ee86-6f08-4aa0-bf63-ae12028ef080,0.03,false,false,near_mint,en,EUR,2025-04-20T23:27:12.695Z
Squire's Lightblade,EOE,Edge of Eternities,36,normal,common,2,107699,2a0accba-85d4-4aa4-a70c-80fcce48c261,0.1,false,false,near_mint,en,EUR,2025-08-01T19:16:32.510Z
Squirrelanoids,TMT,Teenage Mutant Ninja Turtles,81,normal,common,1,111597,be08d2b0-375b-434f-9e6d-060809e0ed34,0.03,false,false,near_mint,en,EUR,2026-03-06T23:49:55.828Z
Stab,FDN,Foundations,71,foil,common,1,101538,6859a5ba-1c1c-4631-bba8-f9900b827178,0.07,false,false,near_mint,en,EUR,2025-04-20T23:27:12.695Z
Stab,FDN,Foundations,71,normal,common,2,101538,6859a5ba-1c1c-4631-bba8-f9900b827178,0.08,false,false,near_mint,en,EUR,2025-04-20T23:27:12.695Z
Stagecoach Security,OTJ,Outlaws of Thunder Junction,30,normal,common,1,93086,21301998-b3e6-4f3d-89f4-5e17aeb79a1e,0.05,false,false,near_mint,en,EUR,2025-10-27T10:57:33.331Z
Stall Out,DFT,Aetherdrift,66,normal,common,1,103500,4ea0e0d3-833f-4353-b648-57b0b657cc1c,0.04,false,false,near_mint,en,EUR,2025-04-20T23:27:12.695Z
Stalwart Successor,TDM,Tarkir: Dragonstorm,227,normal,uncommon,1,104288,4a7b206f-8190-46e6-bb9e-44763d3eb4ac,0.02,false,false,near_mint,en,EUR,2025-04-20T23:27:12.695Z
Stampeding Scurryfoot,DFT,Aetherdrift,181,normal,common,2,103551,7fc713d7-4a7e-4f1f-b461-e89bb1457d7d,0.05,false,false,near_mint,en,EUR,2025-04-20T23:27:12.695Z
Starbreach Whale,EOE,Edge of Eternities,77,normal,common,2,107085,8a1a0476-7145-4493-97e5-4fc05c85e476,0.18,false,false,near_mint,en,EUR,2025-08-01T19:16:32.510Z
Starfield Shepherd,EOE,Edge of Eternities,37,normal,uncommon,1,106954,1226e575-aa78-4c68-be1d-6e5c2dc6315b,0.28,false,false,near_mint,en,EUR,2025-08-02T12:05:52.876Z
Starfield Vocalist,EOE,Edge of Eternities,78,normal,rare,2,107187,deca0b2a-e7f3-444a-883d-7c41dd62c9cc,0.43,false,false,near_mint,en,EUR,2025-08-02T12:05:52.876Z
Starfighter Pilot,EOE,Edge of Eternities,38,normal,common,2,106970,1e571246-aadc-4d1f-a284-9a529e150fe0,0.17,false,false,near_mint,en,EUR,2025-08-01T19:16:32.510Z
"Starling, Aerial Ally",SPM,Marvel's Spider-Man,18,normal,common,1,107667,babbf53d-3e10-4110-8725-91f766c8cdad,0.04,false,false,near_mint,en,EUR,2025-09-30T23:51:40.191Z
Starport Security,EOE,Edge of Eternities,39,normal,common,1,107244,238cb1db-6c41-4fe1-bc34-340048dfde18,0.13,false,false,near_mint,en,EUR,2025-08-01T19:16:32.510Z
Start Your Engines! // Max Speed,TDFT,Aetherdrift Tokens,14,normal,common,1,103135,82613de6-ed37-48c1-8d2f-d91a3f496794,0.09,false,false,near_mint,en,EUR,2025-04-20T23:27:12.695Z
Starwinder,EOE,Edge of Eternities,79,normal,rare,1,107391,27d1a010-5790-4b35-9fdc-0e366eed021d,0.02,false,false,near_mint,en,EUR,2025-08-01T19:16:32.510Z
Station Monitor,EOE,Edge of Eternities,230,normal,uncommon,1,107529,ba9f6d16-ee3e-4fbb-b78a-6292188eb61f,0.15,false,false,near_mint,en,EUR,2025-08-02T12:05:52.876Z
Steel Wrecking Ball,SPM,Marvel's Spider-Man,177,normal,common,1,108453,7f2c74f5-1cfe-4918-a86b-0d58ac8b7469,0.06,false,false,near_mint,en,EUR,2025-09-30T23:51:40.191Z
Steelswarm Operator,EOE,Edge of Eternities,80,normal,uncommon,1,107544,ca468b86-f31a-4cd7-a574-eb984bc4bc3e,0.12,false,false,near_mint,en,EUR,2025-08-02T12:05:52.876Z
Steer Clear,OTJ,Outlaws of Thunder Junction,31,normal,common,1,93160,523a4d6e-122b-49b4-bf3d-17d29c0007fb,0.04,false,false,near_mint,en,EUR,2025-10-27T10:57:33.331Z
Stegron the Dinosaur Man,SPM,Marvel's Spider-Man,95,normal,common,1,107631,485ceacb-fa76-4517-8466-c3c6bf6bcd6e,0.05,false,false,near_mint,en,EUR,2025-09-30T23:51:40.191Z
Sterling Hound,OTJ,Outlaws of Thunder Junction,249,normal,common,1,93284,9e5bfcf5-6e5c-47fe-af6c-6b18938261c6,0.03,false,false,near_mint,en,EUR,2025-10-27T10:57:33.331Z
"Stiltzkin, Moogle Merchant",FIN,Final Fantasy,34,normal,rare,1,103775,06a972a4-0c1b-4f12-a5a5-fdea47c4cd35,0.02,false,false,near_mint,en,EUR,2025-06-18T14:09:45.764Z
Sting-Slinger,ECL,Lorwyn Eclipsed,161,normal,uncommon,1,110722,386c5f73-fb8f-46c8-ad45-56e2c19b7d1f,0.02,false,false,near_mint,en,EUR,2026-01-25T20:47:46.677Z
Stirring Honormancer,SOS,Secrets of Strixhaven,234,normal,uncommon,1,112709,ee84b04d-78fc-416f-9166-72e5417c3e17,0.08,false,false,near_mint,en,EUR,2026-05-08T10:13:36.502Z
Stock Up,SOA,Secrets of Strixhaven Mystical Archive,24,normal,uncommon,1,110977,ad048b7c-588f-4c34-906f-4224f1aaaeb6,0.02,false,false,near_mint,en,EUR,2026-05-08T10:13:36.482Z
Stoic Grove-Guide,ECL,Lorwyn Eclipsed,243,normal,common,1,110730,3d5a3e25-c17a-47b1-a36d-d24d50e5bab3,0.05,false,false,near_mint,en,EUR,2026-01-25T20:47:46.707Z
Stolen by the Fae,BLC,Bloomburrow Commander,176,normal,rare,1,96264,40e3c160-3dff-4bf4-9be2-c2446f20a305,0.2,false,false,near_mint,en,EUR,2025-11-06T20:40:57.429Z
Stomped by the Foot,TMT,Teenage Mutant Ninja Turtles,82,normal,common,1,111566,3fdec16f-77f5-4792-9698-b9099a204028,0.15,false,false,near_mint,en,EUR,2026-03-06T23:49:55.811Z
Stomping Ground,EOE,Edge of Eternities,258,foil,rare,1,106763,69be21b4-c613-47c6-ba57-f4785861af3e,7.26,false,false,near_mint,en,EUR,2025-08-02T12:05:52.876Z
Stone of Erech,LTR,The Lord of the Rings: Tales of Middle-earth,251,normal,uncommon,1,83452,bc02e193-df33-4eb1-adc1-b51ee931218a,0.18,false,false,near_mint,en,EUR,2026-04-19T14:28:02.870Z
Stop Cold,OTJ,Outlaws of Thunder Junction,72,normal,common,1,93288,9ff9c158-0080-427c-8cf9-0289011ea63e,0.02,false,false,near_mint,en,EUR,2025-10-27T10:57:33.331Z
Storm of Souls,BLC,Bloomburrow Commander,156,normal,rare,1,96322,675b26d6-8cfc-4c46-b396-7af8978f8caa,0.24,false,false,near_mint,en,EUR,2025-11-06T20:40:57.429Z
Stormcarved Coast,SOS,Secrets of Strixhaven,263,normal,rare,1,111738,bd3ae4fa-4c97-410a-8c0a-bd203342595d,1.09,false,false,near_mint,en,EUR,2026-05-08T10:13:36.440Z
Stormshriek Feral // Flush Out,TDM,Tarkir: Dragonstorm,124,normal,common,1,104447,0ec92c44-7cf0-48a5-a3ca-bc633496d887,0.06,false,false,near_mint,en,EUR,2025-04-20T23:27:12.695Z
Stratosoarer,ECL,Lorwyn Eclipsed,72,normal,common,2,110746,4f607889-6f3f-4511-8920-88a39f3b28ca,0.03,false,false,near_mint,en,EUR,2026-01-25T20:47:46.693Z
Streaking Oilgorger,DFT,Aetherdrift,107,normal,common,2,103097,6ff120a2-e2bb-42a2-bcb7-a48eb7a6d9b2,0.1,false,false,near_mint,en,EUR,2025-04-20T23:27:12.695Z
Strength of Will,SPM,Marvel's Spider-Man,118,normal,rare,1,108529,68f985c7-7765-46c3-ad31-edae3abb9fbf,0.3,false,false,near_mint,en,EUR,2025-09-30T23:51:40.191Z
Strife Scholar // Awaken the Ages,SOS,Secrets of Strixhaven,131,normal,common,3,112644,8de79312-2046-425e-9919-49afe19be81b,0.04,false,false,near_mint,en,EUR,2026-05-08T10:13:36.466Z
Strix Lookout,FDN,Foundations,52,normal,common,2,101627,fbd2422e-8e84-4c39-af29-3b4d38baee63,0.07,false,false,near_mint,en,EUR,2025-04-20T23:27:12.695Z
Strixhaven Skycoach,SOS,Secrets of Strixhaven,252,normal,uncommon,1,112469,87741fbb-b426-4f83-a358-587b0907f081,0.07,false,false,near_mint,en,EUR,2026-05-08T10:13:36.501Z
Stromkirk Bloodthief,FDN,Foundations,185,normal,uncommon,1,97176,485d6a5a-2054-47d5-91b8-71ce308ed4dc,0.05,false,false,near_mint,en,EUR,2025-04-20T23:27:12.695Z
Strongbox Raider,FDN,Foundations,96,normal,uncommon,1,101006,b2223eb8-59f9-489b-a3f3-b6496218cb79,0.05,false,false,near_mint,en,EUR,2025-04-20T23:27:12.695Z
Stubborn Burrowfiend,OTJ,Outlaws of Thunder Junction,184,normal,uncommon,1,93206,6d963eb4-d20b-4d3f-bf5d-c75f7bcb9670,0.13,false,false,near_mint,en,EUR,2025-10-27T10:57:33.331Z
Subway Train,SPM,Marvel's Spider-Man,178,normal,common,2,108552,96f869f7-db88-4580-82b7-8749a55e525c,0.02,false,false,near_mint,en,EUR,2025-09-30T23:51:40.191Z
Sulfur Falls,BLC,Bloomburrow Commander,333,normal,rare,1,96192,1db63651-5241-4eee-982e-5fa19db87179,0.44,false,false,near_mint,en,EUR,2025-11-06T20:40:57.429Z
Sulfurous Springs,EOC,Edge of Eternities Commander,185,normal,rare,1,107202,eedb9df2-20d3-4cfd-8aed-336edc37d5a9,1.53,false,false,near_mint,en,EUR,2025-08-06T14:50:32.528Z
Sultai Devotee,TDM,Tarkir: Dragonstorm,160,normal,common,1,104358,c32487e9-f3ac-472e-b6ea-81bd9254770c,0.05,false,false,near_mint,en,EUR,2025-04-20T23:27:12.695Z
Sultai Monument,TDM,Tarkir: Dragonstorm,247,normal,uncommon,1,104279,45308e0e-b515-49ac-9960-a24e898dd321,0.08,false,false,near_mint,en,EUR,2025-04-20T23:27:12.695Z
Summit Intimidator,TDM,Tarkir: Dragonstorm,125,normal,common,1,104373,e3cba0b1-7c22-4e51-b9cf-5bf01e67a222,0.02,false,false,near_mint,en,EUR,2025-04-20T23:27:12.695Z
Summit Sentinel,ECL,Lorwyn Eclipsed,73,normal,common,1,110776,81251057-f270-4f05-9dc5-205c70e1f295,0.03,false,false,near_mint,en,EUR,2026-01-25T20:47:46.681Z
Summon: Anima,FIN,Final Fantasy,120,normal,uncommon,1,106356,aa4f6703-21f8-4c29-ad5a-5afb54188ade,0.02,false,false,near_mint,en,EUR,2025-06-18T14:09:45.764Z
Summon: Bahamut,FIN,Final Fantasy,1,normal,mythic,2,105670,95318d85-4a08-47ac-a43d-ea83c0bea81c,18.39,false,false,near_mint,en,EUR,2025-06-18T14:09:45.764Z
Summon: Fat Chocobo,FIN,Final Fantasy,202,normal,common,1,106533,32eb192b-de6b-4814-8077-628d343d014e,0.09,false,false,near_mint,en,EUR,2025-06-18T14:09:45.764Z
Summon: Fenrir,FIN,Final Fantasy,372,normal,uncommon,1,105600,412093fb-15c1-4b36-aa53-9484f955ee2c,0.36,false,false,near_mint,en,EUR,2025-06-18T14:09:45.764Z
Summon: G.F. Ifrit,FIN,Final Fantasy,163,normal,common,1,106648,c6c73092-5195-4bdc-b039-a699f6e297b2,0.09,false,false,near_mint,en,EUR,2025-06-18T14:09:45.764Z
Summon: Shiva,FIN,Final Fantasy,78,normal,uncommon,2,103800,a80511f8-7cb1-4974-afde-8a5cebe13ad7,0.12,false,false,near_mint,en,EUR,2025-06-18T14:09:45.764Z
Sun Titan,BLC,Bloomburrow Commander,157,normal,mythic,1,96217,28d5eee5-bab8-4a26-83cd-16a3c07fb7b6,0.35,false,false,near_mint,en,EUR,2025-11-06T20:40:57.429Z
Sun-Blessed Peak,TLA,Avatar: The Last Airbender,280,normal,common,1,109515,ae04c862-095f-41d2-8aef-21036d5a0cdc,0.07,false,false,near_mint,en,EUR,2025-11-26T15:34:18.488Z
Sun-Dappled Celebrant,ECL,Lorwyn Eclipsed,37,normal,common,1,110376,91c715a5-6643-4064-a8a8-3e05dce15979,0.06,false,false,near_mint,en,EUR,2026-01-25T20:47:46.697Z
"Sun-Spider, Nimble Webber",SPM,Marvel's Spider-Man,154,normal,uncommon,1,108626,2b54d4a5-634f-4ae3-b592-0dc527f60d56,0.06,false,false,near_mint,en,EUR,2025-09-30T23:51:40.191Z
Sunbillow Verge,DFT,Aetherdrift,264,normal,rare,1,103182,94ed132f-b818-4dbf-9b4a-e5acb067e0a4,5.83,false,false,near_mint,en,EUR,2025-04-20T23:27:12.695Z
Sundering Archaic,SOS,Secrets of Strixhaven,3,normal,uncommon,1,112389,c35b57e4-2358-46c0-8f09-cd27c10eaf2d,0.02,false,false,near_mint,en,EUR,2026-05-08T10:13:36.457Z
Sundown Pass,SOS,Secrets of Strixhaven,264,normal,rare,1,111735,b34000e9-ff20-4fb4-9d0b-03a172a92457,0.89,false,false,near_mint,en,EUR,2026-05-08T10:13:36.426Z
Sunpearl Kirin,TDM,Tarkir: Dragonstorm,29,normal,uncommon,1,104470,18292b9c-0f42-4ce2-8b85-35d06cf45a63,0.39,false,false,near_mint,en,EUR,2025-04-20T23:27:12.695Z
Sunscorched Divide,BLC,Bloomburrow Commander,336,normal,rare,1,96224,2bc3a2d6-986e-4b66-a68c-847174657f36,0.25,false,false,near_mint,en,EUR,2025-11-06T20:40:57.429Z
Sunset Saboteur,EOE,Edge of Eternities,116,normal,rare,1,106998,396bca07-82ba-49b7-b79e-7784b3a06d48,0.43,false,false,near_mint,en,EUR,2025-08-02T12:05:52.876Z
Sunstar Expansionist,EOE,Edge of Eternities,41,normal,uncommon,1,107300,93b0e6e5-9fb6-4342-9322-1a4cc09a7a76,0.14,false,false,near_mint,en,EUR,2025-08-02T12:05:52.876Z
Superior Foes of Spider-Man,SPM,Marvel's Spider-Man,96,normal,uncommon,1,108625,28e7bf86-5791-4412-8184-fa63fb292be4,0.08,false,false,near_mint,en,EUR,2025-09-30T23:51:40.191Z
Suplex,FIN,Final Fantasy,164,normal,common,2,106376,f61693a2-7042-44e0-85ba-9bf12ab94e7e,0.03,false,false,near_mint,en,EUR,2025-06-18T14:09:45.764Z
Sure Strike,FDN,Foundations,209,normal,common,2,101525,5de6a1e4-5c66-43e6-9f2a-2635bdab03f6,0.03,false,false,near_mint,en,EUR,2025-04-20T23:27:12.695Z
Surly Farrier,ECL,Lorwyn Eclipsed,196,normal,common,1,110431,056f7f51-18a9-4d80-8928-decaf4d12c0d,0.02,false,false,near_mint,en,EUR,2026-01-25T20:47:46.783Z
"Surrak, Elusive Hunter",TDM,Tarkir: Dragonstorm,161,normal,rare,1,105015,e4775a26-0b66-40e9-8f64-41d9308ca032,0.02,false,false,near_mint,en,EUR,2025-04-20T23:27:12.695Z
Survey Mechan,EOE,Edge of Eternities,245,normal,uncommon,1,107499,9b4278ea-6cd8-45ad-b024-daf3dedd29e0,0.09,false,false,near_mint,en,EUR,2025-08-01T19:16:32.510Z
Susurian Voidborn,EOE,Edge of Eternities,118,normal,uncommon,1,107765,beb97e7b-0ae7-4b08-9ceb-6a7f825bcd49,0.21,false,false,near_mint,en,EUR,2025-08-01T19:16:32.510Z
Swamp,ECL,Lorwyn Eclipsed,271,normal,common,1,110305,1dd4d605-02a2-4183-b191-0bca8dfbf962,0.1,false,false,near_mint,en,EUR,2026-01-25T20:47:46.731Z
Swamp,EOE,Edge of Eternities,272,normal,common,6,106944,07ab266b-ad6a-422e-9277-27d9f48d2c29,0.1,false,false,near_mint,en,EUR,2025-08-01T19:16:32.510Z
Swamp,EOE,Edge of Eternities,264,normal,common,1,106778,3e724e54-a622-4c77-8183-5a397a7c14a9,0.33,false,false,near_mint,en,EUR,2025-08-01T19:16:32.510Z
Swamp,EOE,Edge of Eternities,271,normal,common,2,107024,58496a56-437f-4204-9691-f63795e5cdab,0.16,false,false,near_mint,en,EUR,2025-08-02T12:05:52.876Z
Swamp,FIN,Final Fantasy,301,normal,common,2,105684,a7f56d20-16dc-4b7f-98bf-124817a83bae,0.11,false,false,near_mint,en,EUR,2025-06-18T14:09:45.764Z
Swamp,FIN,Final Fantasy,300,normal,common,2,105758,f66094ef-059b-4511-aa6e-835906736de4,0.16,false,false,near_mint,en,EUR,2025-06-18T14:09:45.764Z
Swamp,FIN,Final Fantasy,302,normal,common,2,105546,08ec1e4f-e284-4216-a022-bd94c4dae02b,0.1,false,false,near_mint,en,EUR,2025-06-18T14:09:45.764Z
Swamp,MKM,Murders at Karlov Manor,282,normal,common,7,91136,b1cbccfc-3585-4895-94d1-c3a67205e5fe,0.15,false,false,near_mint,en,EUR,2025-04-20T23:27:12.695Z
Swamp,OTJ,Outlaws of Thunder Junction,274,normal,common,3,91801,3b383b16-8128-4d9e-a0d0-9b8ccc9ad6df,0.32,false,false,near_mint,en,EUR,2025-10-27T10:57:33.331Z
Swamp,OTJ,Outlaws of Thunder Junction,281,normal,common,2,93917,eb7dc259-9949-4673-a8f1-874396948392,0.12,false,false,near_mint,en,EUR,2025-10-27T10:57:33.331Z
Swamp,OTJ,Outlaws of Thunder Junction,282,normal,common,2,93653,5c2c9dc0-7f3a-4f3a-ba08-5c2f87e252bc,0.12,false,false,near_mint,en,EUR,2025-10-27T10:57:33.331Z
Swamp,SOS,Secrets of Strixhaven,269,normal,common,1,111786,1797d5c7-d3fa-4184-85ae-46db14ddf523,0.43,false,false,near_mint,en,EUR,2026-05-08T10:13:36.452Z
Swamp,SOS,Secrets of Strixhaven,276,normal,common,2,111936,51fe930f-2b5a-4b1e-9007-6ee74fb44715,0.07,false,false,near_mint,en,EUR,2026-05-08T10:13:36.539Z
Swamp,SPM,Marvel's Spider-Man,191,normal,common,1,107864,5cb03b18-d74c-4c89-9539-3549d2e8ff5f,0.16,false,false,near_mint,en,EUR,2025-09-30T23:51:40.191Z
Swamp,SPM,Marvel's Spider-Man,196,normal,common,2,107661,a7150a6e-240f-4628-acdc-153d404370ff,0.14,false,false,near_mint,en,EUR,2025-09-30T23:51:40.191Z
Swamp,TLA,Avatar: The Last Airbender,284,normal,common,2,108302,f0b234d8-d6bb-48ec-8a4d-d8a570a69c62,0.09,false,false,near_mint,en,EUR,2025-11-26T15:34:18.488Z
Swampsnare Trap,TLA,Avatar: The Last Airbender,120,normal,common,2,109709,6348b6bf-08a7-45f0-8b2d-2827ab89f21c,0.05,false,false,near_mint,en,EUR,2025-11-26T15:34:18.488Z
Swarm Culler,EOE,Edge of Eternities,119,normal,common,3,107700,2a8f583c-88b6-4797-b93e-3086845fc326,0.07,false,false,near_mint,en,EUR,2025-08-01T19:16:32.510Z
"Swarm, Being of Bees",SPM,Marvel's Spider-Man,69,normal,common,1,108576,cb83d54e-6641-4929-99ad-c0ba5b610902,0.02,false,false,near_mint,en,EUR,2025-09-30T23:51:40.191Z
Swiftfoot Boots,FDN,Foundations,355,normal,uncommon,1,100403,3e9b53da-4744-429d-97c6-f7ee4d568731,2.6,false,false,near_mint,en,EUR,2025-04-20T23:28:25.061Z
Swiftwater Cliffs,DFT,Aetherdrift,265,normal,common,1,103181,949bf6bb-1e97-48a3-8547-0a780664c275,0.02,false,false,near_mint,en,EUR,2025-04-20T23:27:12.695Z
Swiftwater Cliffs,FDN,Foundations,268,normal,common,1,101389,fb88667d-7088-4889-960f-317486ebe856,0.06,false,false,near_mint,en,EUR,2025-04-20T23:27:12.695Z
Sylvan Scavenging,FDN,Foundations,113,normal,rare,1,101100,c35b683c-d3b2-46a1-876a-81b34e8ba2fc,0.28,false,false,near_mint,en,EUR,2025-06-16T17:08:25.900Z
Symbiote Spider-Man,SPM,Marvel's Spider-Man,156,normal,rare,1,107866,6a21c0ff-b51a-4946-9737-7872a7eef97b,0.32,false,false,near_mint,en,EUR,2025-09-30T23:51:40.191Z
Syphon Fuel,DFT,Aetherdrift,108,normal,common,1,103493,4af17ae0-1035-4cb2-8974-98b377bfaa48,0.02,false,false,near_mint,en,EUR,2025-04-20T23:27:12.695Z
"Syr Konrad, the Grim",FCA,Final Fantasy: Through the Ages,10,normal,uncommon,1,105946,5b40815d-0104-461e-b193-fcf5e1f35299,0.02,false,false,near_mint,en,EUR,2025-06-18T14:09:45.764Z
"Syr Vondam, the Lucent",EOE,Edge of Eternities,232,normal,uncommon,1,107198,ea954205-5ff5-493b-bf30-6212042c2bc9,0.14,false,false,near_mint,en,EUR,2025-08-01T19:16:32.510Z
"Szarel, Genesis Shepherd",EOC,Edge of Eternities Commander,4,normal,mythic,1,106766,89b61123-b10f-4bcf-b5f9-1f302f9b22d1,0.17,false,false,near_mint,en,EUR,2025-08-06T14:50:32.528Z
Tablet of Discovery,SOS,Secrets of Strixhaven,132,normal,uncommon,1,112565,13059664-a940-4a66-8100-0c90b884bab4,0.23,false,false,near_mint,en,EUR,2026-05-08T10:13:36.470Z
Tackle Artist,SOS,Secrets of Strixhaven,133,normal,common,1,112672,b87e2474-98c1-4c1a-91ed-340b72d31653,0.05,false,false,near_mint,en,EUR,2026-05-08T10:13:36.533Z
Take for a Ride,OTJ,Outlaws of Thunder Junction,148,normal,uncommon,1,93343,c8e2ff9c-0e98-46f9-a33c-739388c5f3d0,0.07,false,false,near_mint,en,EUR,2025-10-27T10:57:33.331Z
Take the Fall,OTJ,Outlaws of Thunder Junction,73,normal,common,1,93287,9fea80c4-923c-40a1-9363-bfa4c267a024,0.04,false,false,near_mint,en,EUR,2025-10-27T10:57:33.331Z
Take Up the Shield,OTJ,Outlaws of Thunder Junction,34,normal,common,1,93224,76a31968-ba6d-4c01-838f-4cb8c64e73fb,0.05,false,false,near_mint,en,EUR,2025-10-27T10:57:33.331Z
Tapestry Warden,EOE,Edge of Eternities,209,normal,uncommon,1,107068,7cbbab6c-43ae-4e50-97ce-532a3316591a,0.19,false,false,near_mint,en,EUR,2025-08-02T12:05:52.876Z
Taxi Driver,SPM,Marvel's Spider-Man,97,normal,common,2,107663,a80d3ed9-5e81-41b7-bb74-ab86cba841c8,0.04,false,false,near_mint,en,EUR,2025-09-30T23:51:40.191Z
TCRI Building,TMT,Teenage Mutant Ninja Turtles,189,normal,common,2,111586,8817a1d6-ef39-4e7c-8277-74aea012803b,0.06,false,false,near_mint,en,EUR,2026-03-06T23:49:55.729Z
Teacher's Pest,SOS,Secrets of Strixhaven,238,normal,uncommon,1,112171,eaa358ac-761d-4507-aa15-3d4684027207,0.06,false,false,near_mint,en,EUR,2026-05-08T10:13:36.517Z
Team Avatar,TLA,Avatar: The Last Airbender,38,normal,uncommon,1,109768,a9a5f6f7-f04d-477f-b67f-fd01a5dcc0f5,0.13,false,false,near_mint,en,EUR,2025-11-26T15:34:18.488Z
Tear Asunder,EOC,Edge of Eternities Commander,109,normal,uncommon,1,107189,e408c673-4a1f-45db-827a-75c501e1b3d6,0.31,false,false,near_mint,en,EUR,2025-08-06T14:50:32.528Z
Tempest Hawk,TDM,Tarkir: Dragonstorm,31,normal,common,2,104587,422f9453-ab12-4e3c-8c51-be87391395a1,0.02,false,false,near_mint,en,EUR,2025-04-20T23:27:12.695Z
Temple of Enlightenment,BLC,Bloomburrow Commander,339,normal,rare,1,96348,7a77ecc1-76e1-414f-a472-937eb9b734cc,0.12,false,false,near_mint,en,EUR,2025-11-06T20:40:57.429Z
Temple of Epiphany,BLC,Bloomburrow Commander,340,normal,rare,1,96303,5baa269f-dbd1-4920-a53d-d29f6b214d1e,0.16,false,false,near_mint,en,EUR,2025-11-06T20:40:57.429Z
Temple of Triumph,BLC,Bloomburrow Commander,344,normal,rare,1,96274,4a1bfd38-b640-4fa5-a738-3b9aee1d8932,0.12,false,false,near_mint,en,EUR,2025-11-06T20:40:57.429Z
Temporal Cleansing,ECL,Lorwyn Eclipsed,78,normal,common,1,110498,50ee7315-ec53-43d2-841e-8ec192b850f1,0.03,false,false,near_mint,en,EUR,2026-01-25T20:47:46.713Z
Temporal Intervention,EOE,Edge of Eternities,120,normal,common,2,107064,79f9525a-4cb7-411e-b7b5-2113e93bcbc3,0.22,false,false,near_mint,en,EUR,2025-08-01T19:16:32.510Z
Temur Battlecrier,TDM,Tarkir: Dragonstorm,425,foil,rare,1,104380,ee706aa4-3188-47ee-b164-35287b26e677,0.39,false,false,near_mint,en,EUR,2025-04-20T23:27:12.695Z
Temur Devotee,TDM,Tarkir: Dragonstorm,61,normal,common,2,104333,a2ef698e-5466-43bd-985d-020f2e5d8205,0.04,false,false,near_mint,en,EUR,2025-04-20T23:27:12.695Z
Temur Monument,TDM,Tarkir: Dragonstorm,248,normal,uncommon,1,104295,55e97b40-d898-4da5-8159-cca48eb298eb,0.08,false,false,near_mint,en,EUR,2025-04-20T23:27:12.695Z
Temur Tawnyback,TDM,Tarkir: Dragonstorm,229,normal,common,1,104566,3cdb383f-bc04-46d1-aa3a-7459d57f1fec,0.04,false,false,near_mint,en,EUR,2025-04-20T23:27:12.695Z
Tend the Sprigs,ECL,Lorwyn Eclipsed,197,normal,common,2,110324,388f6d9d-bb9a-4a3d-93c5-701db194863c,0.05,false,false,near_mint,en,EUR,2026-01-25T20:47:46.770Z
Tenderize,TMT,Teenage Mutant Ninja Turtles,133,normal,common,3,111511,bc19807b-09e8-4923-abc3-d4bbe8cde5fc,0.08,false,false,near_mint,en,EUR,2026-03-06T23:49:55.740Z
"Teo, Spirited Glider",TLA,Avatar: The Last Airbender,74,normal,uncommon,1,109450,66906ed4-baac-4be0-9359-34f453d1a04a,0.06,false,false,near_mint,en,EUR,2025-11-26T15:34:18.488Z
Terminal Agony,OTP,Breaking News,55,normal,uncommon,1,93409,ebccedbd-558c-419d-a18f-8751afd937b2,0.08,false,false,near_mint,en,EUR,2025-10-27T10:57:33.331Z
Terminal Velocity,EOE,Edge of Eternities,163,normal,rare,1,107696,1d18dc06-16f0-4a3b-8d52-dbf4aa2c393d,0.02,false,false,near_mint,en,EUR,2025-08-01T19:16:32.510Z
Terramorphic Expanse,BLC,Bloomburrow Commander,345,normal,common,1,96204,21bb96d8-483c-4fde-97ea-08be9570c289,0.12,false,false,near_mint,en,EUR,2025-11-06T20:40:57.429Z
Terramorphic Expanse,EOC,Edge of Eternities Commander,62,normal,common,1,107056,7102269a-e0d1-42a0-aa9d-fdd53b5aaebe,0.19,false,false,near_mint,en,EUR,2025-08-06T14:50:32.528Z
Terramorphic Expanse,SOS,Secrets of Strixhaven,265,normal,common,1,112047,9a4c5629-fadd-42b9-850f-9f8586a2ca50,0.05,false,false,near_mint,en,EUR,2026-05-08T10:13:36.503Z
Terrapact Intimidator,EOE,Edge of Eternities,164,normal,uncommon,2,106957,13fe3358-fd68-4245-a2ad-aa9200cf4655,0.11,false,false,near_mint,en,EUR,2025-08-01T19:16:32.510Z
Terrific Team-Up,SPM,Marvel's Spider-Man,120,normal,uncommon,1,108597,f3c587b0-66b9-46bf-90ee-a6163c006c9e,0.11,false,false,near_mint,en,EUR,2025-09-30T23:51:40.191Z
Territorial Bruntar,EOE,Edge of Eternities,165,normal,uncommon,1,107776,dbb25585-6048-4a85-828e-675bf0da6508,0.1,false,false,near_mint,en,EUR,2025-08-01T19:16:32.510Z
Tester of the Tangential,SOS,Secrets of Strixhaven,69,normal,uncommon,1,112386,bbd708ec-eef4-4f45-99dd-60e1cec4b991,0.05,false,false,near_mint,en,EUR,2026-05-08T10:13:36.484Z
"Tetsuko Umezawa, Fugitive",BLC,Bloomburrow Commander,177,normal,uncommon,1,96203,21625c5c-7a9c-498d-afb6-ea57dea33fc6,0.17,false,false,near_mint,en,EUR,2025-11-06T20:40:57.429Z
Thaumaton Torpedo,EOE,Edge of Eternities,246,normal,common,3,107695,1817f1b5-960a-435c-bdec-8cc8cbcb3358,0.11,false,false,near_mint,en,EUR,2025-08-01T19:16:32.510Z
Thawbringer,EOE,Edge of Eternities,211,normal,common,1,107691,0b7f934f-8eb4-408b-a55f-245ec5cc4a8a,0.11,false,false,near_mint,en,EUR,2025-08-01T19:16:32.510Z
The Bath Song,LTR,The Lord of the Rings: Tales of Middle-earth,40,normal,uncommon,1,83671,fb11c04f-6f17-4da4-bbf6-0bd09de6e544,0.08,false,false,near_mint,en,EUR,2026-04-19T14:28:02.869Z
The Black Breath,LTR,The Lord of the Rings: Tales of Middle-earth,78,normal,common,1,82916,1e63983d-c36b-4440-b9e1-baaa6c7c0ba9,0.03,false,false,near_mint,en,EUR,2026-04-19T14:28:02.873Z
The Cave of Two Lovers,TLA,Avatar: The Last Airbender,126,normal,uncommon,1,109432,50bf5c8b-f218-46b7-843c-8d8083f02fd2,0.12,false,false,near_mint,en,EUR,2025-11-26T15:34:18.488Z
The Chase Is On,MKM,Murders at Karlov Manor,304,normal,common,1,91027,87d5d312-8664-4690-9823-8be4d1c06cd0,0.05,false,false,near_mint,en,EUR,2025-04-20T23:27:12.695Z
The Dominion Bracelet,EOE,Edge of Eternities,239,normal,mythic,1,107354,f5360880-2849-45d6-b1aa-08c7e01083af,3.43,false,false,near_mint,en,EUR,2025-08-01T19:16:32.510Z
The Eternity Elevator,EOE,Edge of Eternities,241,normal,rare,1,106967,1bb90ab9-43b9-4991-806a-0afc4d8caf5f,0.25,false,false,near_mint,en,EUR,2025-08-02T12:05:52.876Z
The Gitrog Monster,EOC,Edge of Eternities Commander,117,normal,mythic,1,107007,40489e28-878d-44a2-847f-07beef1aa0f8,2.27,false,false,near_mint,en,EUR,2025-08-06T14:50:32.528Z
The Gold Saucer,FIN,Final Fantasy,279,normal,uncommon,1,106551,5363c881-443d-43df-afd8-f81e1a1741a2,0.02,false,false,near_mint,en,EUR,2025-06-18T14:09:45.764Z
The Grey Havens,LTR,The Lord of the Rings: Tales of Middle-earth,255,normal,uncommon,1,83571,dd698f10-b0fc-42fc-84ec-f5a0d96bfa1d,0.1,false,false,near_mint,en,EUR,2026-04-19T14:28:02.868Z
The Key to the Vault,OTJ,Outlaws of Thunder Junction,373,foil,rare,1,93395,e695db51-f9d5-4eef-84d9-62f7602792b4,0.27,false,false,near_mint,en,EUR,2025-10-27T10:57:33.331Z
The Lunar Whale,FIN,Final Fantasy,60,normal,rare,1,106630,ae875471-346c-4a76-b26f-b7205dad5b80,0.17,false,false,near_mint,en,EUR,2025-06-18T14:09:45.764Z
"The Mechanist, Aerial Artisan",TLA,Avatar: The Last Airbender,64,normal,rare,1,109524,b910851e-9332-4c83-a790-d379667cabfc,0.02,false,false,near_mint,en,EUR,2025-11-26T15:34:18.488Z
The Neutrinos,TMT,Teenage Mutant Ninja Turtles,160,normal,uncommon,1,111556,1308dadc-08a9-40bd-98a4-fb66d792e27d,0.11,false,false,near_mint,en,EUR,2026-03-06T23:49:55.778Z
The Odd Acorn Gang,BLC,Bloomburrow Commander,7,foil,mythic,2,96345,791d9ea0-c70a-47a6-b8a3-0f5d36a5c44d,0.86,false,false,near_mint,en,EUR,2025-11-06T20:40:57.429Z
The Regalia,FIN,Final Fantasy,267,normal,rare,2,106665,dc420e79-c483-474f-97cd-e9c6a636c306,0.14,false,false,near_mint,en,EUR,2025-06-18T14:09:45.764Z
The Rise of Sozin // Fire Lord Sozin,TLA,Avatar: The Last Airbender,117,normal,mythic,1,108108,14eadf46-90c2-4376-8183-6a922a60174d,0.02,false,false,near_mint,en,EUR,2025-11-26T15:34:18.488Z
They Went This Way,MKM,Murders at Karlov Manor,178,normal,common,1,91307,f4a31d4a-34bc-46b4-b20f-a5460191b35d,0.04,false,false,near_mint,en,EUR,2025-04-20T23:27:12.695Z
Thief's Knife,FIN,Final Fantasy,81,normal,uncommon,1,106645,c2dcfd0a-3f52-4616-a09a-fd2db8b6b93e,0.11,false,false,near_mint,en,EUR,2025-06-18T14:09:45.764Z
Think Twice,FDN,Foundations,165,foil,common,1,101202,d88faaa1-eb41-40f7-991c-5c06e1138f3d,0.08,false,false,near_mint,en,EUR,2025-04-20T23:27:12.695Z
Think Twice,FDN,Foundations,165,normal,common,2,101202,d88faaa1-eb41-40f7-991c-5c06e1138f3d,0.05,false,false,near_mint,en,EUR,2025-04-20T23:27:12.695Z
Thirst for Identity,ECL,Lorwyn Eclipsed,79,normal,uncommon,1,110834,c3949f8c-d1c5-45c2-80ed-a57f4f9af86e,0.16,false,false,near_mint,en,EUR,2026-01-25T20:47:46.722Z
This Town Ain't Big Enough,OTJ,Outlaws of Thunder Junction,74,normal,uncommon,1,93322,bb206e27-da4d-4abe-9d8c-6d18c5f2f52a,0.46,false,false,near_mint,en,EUR,2025-10-27T10:57:33.331Z
Thopter Engineer,BLC,Bloomburrow Commander,204,normal,uncommon,1,96219,2933e3df-0cba-4e4b-87f9-70e56093da91,0.11,false,false,near_mint,en,EUR,2025-11-06T20:40:57.429Z
Thopter Fabricator,DFT,Aetherdrift,68,normal,rare,1,103152,8924b785-b140-4212-a1eb-a10340e09fea,0.27,false,false,near_mint,en,EUR,2025-04-20T23:27:12.695Z
Thornwood Falls,DFT,Aetherdrift,266,normal,common,1,103015,4723a303-7f20-4399-8bc6-6a27a61a3532,0.03,false,false,near_mint,en,EUR,2025-04-20T23:27:12.695Z
Thornwood Falls,FDN,Foundations,269,foil,common,1,100424,42799f51-0f8c-444b-974e-dae281a5c697,0.12,false,false,near_mint,en,EUR,2025-04-20T23:27:12.695Z
Thornwood Falls,FDN,Foundations,269,normal,common,1,100424,42799f51-0f8c-444b-974e-dae281a5c697,0.09,false,false,near_mint,en,EUR,2025-04-20T23:27:12.695Z
Thornwood Falls,TDM,Tarkir: Dragonstorm,269,normal,common,1,104376,ebb502c2-5fd0-46a9-b77d-010f4a942056,0.02,false,false,near_mint,en,EUR,2025-04-20T23:27:12.695Z
Thoughtweft Imbuer,ECL,Lorwyn Eclipsed,38,normal,uncommon,1,110773,7e585a6c-2d95-450e-98cb-8794d7d8ecca,0.04,false,false,near_mint,en,EUR,2026-01-25T20:47:46.748Z
Thoughtweft Lieutenant,ECL,Lorwyn Eclipsed,343,normal,uncommon,1,110428,fea71783-1ac5-483b-8a91-1ba45af4ea3c,0.11,false,false,near_mint,en,EUR,2026-01-25T20:47:46.789Z
Thrashing Frontliner,MOM,March of the Machine,167,normal,common,1,81388,77fd9ccb-2cb0-4fe1-9eb0-ba929bb527be,0.03,false,false,near_mint,en,EUR,2025-06-16T17:24:56.249Z
Thrill of Possibility,FDN,Foundations,210,normal,common,2,101561,882b348c-076b-41d8-b505-063480636669,0.06,false,false,near_mint,en,EUR,2025-04-20T23:27:12.695Z
Thriving Bluff,BLC,Bloomburrow Commander,346,normal,common,1,96539,fe1789e8-fc45-45f5-8d98-1efce606efc4,0.11,false,false,near_mint,en,EUR,2025-11-06T20:40:57.429Z
Thriving Heath,BLC,Bloomburrow Commander,348,normal,common,1,96365,84edcf5a-9622-4c9d-885a-f2403b436069,0.11,false,false,near_mint,en,EUR,2025-11-06T20:40:57.429Z
Thriving Isle,BLC,Bloomburrow Commander,349,normal,common,1,96425,af188959-16f3-4482-a110-c22d0863f6c7,0.08,false,false,near_mint,en,EUR,2025-11-06T20:40:57.429Z
Throw from the Saddle,OTJ,Outlaws of Thunder Junction,185,normal,common,1,93225,775874cc-4b78-4904-9c97-431c2e400c64,0.04,false,false,near_mint,en,EUR,2025-10-27T10:57:33.331Z
Thrumming Hivepool,EOE,Edge of Eternities,247,normal,rare,1,107079,85caf659-7b43-462e-a342-34703d46eb57,1.45,false,false,near_mint,en,EUR,2025-08-06T14:50:32.528Z
Thunder Magic,FIN,Final Fantasy,165,normal,common,1,106610,9f2b202c-91da-40ec-8324-6b6be7cb3bc8,0.09,false,false,near_mint,en,EUR,2025-06-18T14:09:45.764Z
Thunder Salvo,OTJ,Outlaws of Thunder Junction,150,normal,common,1,93289,a0bf0ea9-0929-4d33-815a-6df29c399e7e,0.03,false,false,near_mint,en,EUR,2025-10-27T10:57:33.331Z
Thunderdrum Soloist,SOS,Secrets of Strixhaven,134,normal,uncommon,3,112234,590d1d95-ed13-4121-899f-f5a2d8a6617a,0.1,false,false,near_mint,en,EUR,2026-05-08T10:13:36.423Z
Thunderhead Gunner,DFT,Aetherdrift,148,normal,common,1,103669,ef537868-b2cb-4bbd-a935-b7f73f19bd06,0.04,false,false,near_mint,en,EUR,2025-04-20T23:27:12.695Z
Thundering Broodwagon,DFT,Aetherdrift,225,normal,uncommon,1,103457,2d1576d4-15a3-4e91-84ef-e71e258185e7,0.1,false,false,near_mint,en,EUR,2025-04-20T23:27:12.695Z
Thwip!,SPM,Marvel's Spider-Man,20,normal,common,2,107666,b2dac88e-1204-4640-94ce-e1aff434ea06,0.06,false,false,near_mint,en,EUR,2025-09-30T23:51:40.191Z
Ticket Tortoise,DFT,Aetherdrift,245,normal,common,2,103674,fa178ed7-8f3a-45f0-817d-5fbc7993b04a,0.07,false,false,near_mint,en,EUR,2025-04-20T23:27:12.695Z
"Tidus, Blitzball Star",FIN,Final Fantasy,246,normal,uncommon,1,106447,aa851d68-a7a4-48c0-9cd7-d3d2e079f3a1,0.1,false,false,near_mint,en,EUR,2025-06-18T14:09:45.764Z
Tiger-Dillo,TLA,Avatar: The Last Airbender,155,normal,uncommon,1,109369,067bd117-04e6-410e-89c4-6d431d627751,0.08,false,false,near_mint,en,EUR,2025-11-26T15:34:18.488Z
Timberland Guide,AVR,Avacyn Restored,197,normal,common,1,18081,ae80fefb-af78-4f98-8058-71b61e91842f,0.04,false,false,near_mint,en,EUR,2025-04-20T23:27:12.695Z
Time Wipe,BLC,Bloomburrow Commander,262,normal,rare,1,96214,27e36ac4-797e-4873-a8ff-7f256b744680,0.18,false,false,near_mint,en,EUR,2025-11-06T20:40:57.429Z
Timeline Culler,EOE,Edge of Eternities,121,normal,uncommon,2,106991,33410410-72f2-49c4-9e63-a72202cd075a,0.35,false,false,near_mint,en,EUR,2025-08-01T19:16:32.510Z
Timid Shieldbearer,ECL,Lorwyn Eclipsed,39,normal,common,1,110699,1c672d38-a1a6-4912-a9a6-b11e7bf0cc67,0.04,false,false,near_mint,en,EUR,2026-01-25T20:47:46.758Z
Tireless Tracker,EOC,Edge of Eternities Commander,110,normal,rare,1,107045,66444549-ad9b-49c6-a7c6-34e977c1085d,0.23,false,false,near_mint,en,EUR,2025-08-06T14:50:32.528Z
Titan's Grave,SOS,Secrets of Strixhaven,266,normal,common,1,112068,a9ab41c8-3ee2-4676-9b8b-20c34d9f5f21,0.06,false,false,near_mint,en,EUR,2026-05-08T10:13:36.422Z
"Titania, Protector of Argoth",EOC,Edge of Eternities Commander,111,normal,mythic,1,107058,732c208b-cd9e-48a9-9b9d-aba63066ba53,0.52,false,false,near_mint,en,EUR,2025-08-06T14:50:32.528Z
"Tokka & Rahzar, Terrible Twos",TMT,Teenage Mutant Ninja Turtles,171,normal,rare,1,110908,284f9012-a58d-41da-be7c-962dca052711,0.02,false,false,near_mint,en,EUR,2026-03-06T23:49:55.818Z
Tomb Trawler,OTJ,Outlaws of Thunder Junction,250,normal,uncommon,1,93120,36e61cb8-219a-4fe6-a2e6-307665ffa38f,0.19,false,false,near_mint,en,EUR,2025-10-27T10:57:33.331Z
"Tombstone, Career Criminal",SPM,Marvel's Spider-Man,70,normal,uncommon,1,107623,313189ef-fe6e-4511-9386-920a88a49a88,0.08,false,false,near_mint,en,EUR,2025-09-30T23:51:40.191Z
Tome Blast,SOS,Secrets of Strixhaven,135,normal,common,1,112630,72a3b17d-1e00-48e9-8402-c81bacd595a7,0.06,false,false,near_mint,en,EUR,2026-05-08T10:13:36.519Z
Tonberry,FIN,Final Fantasy,122,normal,uncommon,1,103781,1a9b8723-4383-4c14-b24d-52863af8703d,0.14,false,false,near_mint,en,EUR,2025-06-18T14:09:45.764Z
"Toph, the First Metalbender",TLA,Avatar: The Last Airbender,247,normal,rare,1,108122,70b6670f-a9fa-4d75-b0a7-c01b5071a514,0.87,false,false,near_mint,en,EUR,2025-11-26T15:34:18.488Z
Topiary Panther,MKM,Murders at Karlov Manor,179,normal,common,1,90623,03d0365e-6dee-4236-a997-6761e3cde90d,0.06,false,false,near_mint,en,EUR,2025-04-20T23:27:12.695Z
Torch the Witness,MKM,Murders at Karlov Manor,146,foil,uncommon,1,90718,22bbf709-d8e9-4e3b-8ec8-206f1b2162b3,0.13,false,false,near_mint,en,EUR,2025-04-20T23:27:12.695Z
Tormentor's Trident,AVR,Avacyn Restored,222,normal,uncommon,1,18056,9543d454-27d6-42ba-aad8-54811d180cfb,0.08,false,false,near_mint,en,EUR,2025-04-20T23:27:12.695Z
Town Greeter,FIN,Final Fantasy,209,normal,common,1,105610,49cd4efa-4df4-4257-9a42-60330f7781e2,0.02,false,false,near_mint,en,EUR,2025-06-18T14:09:45.764Z
Toxin Analysis,MKM,Murders at Karlov Manor,107,normal,common,5,90660,0eda1aff-c1f4-4171-a800-605396cc8168,0.23,false,false,near_mint,en,EUR,2025-04-20T23:27:12.695Z
Tractor Beam,EOE,Edge of Eternities,82,normal,uncommon,1,107579,efc96d54-d6e1-49b6-b4c2-70b997776548,0.09,false,false,near_mint,en,EUR,2025-08-01T19:16:32.510Z
Trade Route Envoy,TDM,Tarkir: Dragonstorm,163,normal,common,2,105174,f0c89d95-d697-4cfa-9dfa-52d7adb96176,0.04,false,false,near_mint,en,EUR,2025-04-20T23:27:12.695Z
Tragedy Feaster,SOS,Secrets of Strixhaven,293,normal,rare,1,112494,ae9009fa-4b52-422d-8ff3-f699089249d8,0.68,false,false,near_mint,en,EUR,2026-05-08T10:13:36.513Z
Tragic Banshee,FDN,Foundations,73,normal,uncommon,3,100324,30df3e33-2f17-4067-99f1-5db6b0f41fd4,0.33,false,false,near_mint,en,EUR,2025-04-20T23:27:12.695Z
Tragic Trajectory,EOE,Edge of Eternities,122,normal,uncommon,1,107063,78c8bc60-1378-4028-8ab1-3286e459bffb,0.19,false,false,near_mint,en,EUR,2025-08-02T12:05:52.876Z
Trained Arynx,OTJ,Outlaws of Thunder Junction,36,normal,common,1,93415,ef32a5f8-f69d-47dc-a800-4f0ddf4eada5,0.05,false,false,near_mint,en,EUR,2025-10-27T10:57:33.331Z
Tranquil Cove,FDN,Foundations,270,normal,common,1,100719,7c9cabca-5bcc-4b97-b2ac-a345ad3ee43c,0.11,false,false,near_mint,en,EUR,2025-04-20T23:27:12.695Z
Transdimensional Bovine,TMT,Teenage Mutant Ninja Turtles,134,normal,rare,1,110955,de124563-205c-4f40-8c13-4ae203599912,0.02,false,false,near_mint,en,EUR,2026-03-06T23:49:55.788Z
Transit Mage,DFT,Aetherdrift,70,normal,uncommon,1,103521,6727169f-c33a-4ca5-889d-a63bcfc5a3f0,0.2,false,false,near_mint,en,EUR,2025-04-20T23:27:12.695Z
Treasure,TOTJ,Outlaws of Thunder Junction Tokens,18,normal,common,1,93713,7ec6f053-96f7-4e57-b2eb-4e7699a40a4f,0.07,false,false,near_mint,en,EUR,2025-10-27T10:57:33.331Z
Treasure,TSPM,Marvel's Spider-Man Tokens,7,normal,common,1,108663,d52efeb3-661d-45e9-97c3-af167f889684,,false,false,near_mint,en,EUR,2025-09-30T23:51:40.191Z
Treasure Dredger,OTJ,Outlaws of Thunder Junction,110,normal,uncommon,1,93342,c88df498-147c-4609-8a94-d8d10a87e37c,0.15,false,false,near_mint,en,EUR,2025-10-27T10:57:33.331Z
Treetop Snarespinner,FDN,Foundations,114,normal,common,1,101562,88e68fa3-159d-49a6-8ac6-afc9bd6f1718,0.11,false,false,near_mint,en,EUR,2025-04-20T23:27:12.695Z
Tributary Vaulter,ECL,Lorwyn Eclipsed,40,normal,common,2,110802,a1db2c83-41d1-4cc6-b9a3-fed504b01127,0.04,false,false,near_mint,en,EUR,2026-01-25T20:47:46.773Z
Trick Shot,OTJ,Outlaws of Thunder Junction,151,normal,common,1,93351,cd3c2d02-67ca-4858-9b7a-3cfe8a08356c,0.03,false,false,near_mint,en,EUR,2025-10-27T10:57:33.331Z
Trip Up,DFT,Aetherdrift,71,normal,common,2,103451,273061f3-7aa7-4cb0-afd6-616252b88948,0.03,false,false,near_mint,en,EUR,2025-04-20T23:27:12.695Z
Trusted Forcemage,AVR,Avacyn Restored,199,normal,common,1,18079,3ee66ef9-10a7-4aab-88f7-84956811cc6c,0.02,false,false,near_mint,en,EUR,2025-04-20T23:27:12.695Z
Trusty Boomerang,TLA,Avatar: The Last Airbender,260,normal,uncommon,1,109564,df99a166-6d58-4d92-9037-2fdfbaf65629,0.11,false,false,near_mint,en,EUR,2025-11-26T15:34:18.488Z
Tundra Tank,TLA,Avatar: The Last Airbender,121,normal,uncommon,1,109384,13c66fce-8f8e-4a98-8413-9f05aebf6e13,0.08,false,false,near_mint,en,EUR,2025-11-26T15:34:18.488Z
Tunnel Rats,TMT,Teenage Mutant Ninja Turtles,84,normal,common,1,111582,70faf7d8-008a-454a-a21b-702aa661b8f9,0.06,false,false,near_mint,en,EUR,2026-03-06T23:49:55.758Z
Tunnel Tipster,MKM,Murders at Karlov Manor,180,normal,common,2,90811,3e29b890-35b9-4e2a-9b4c-9417ca7db31d,0.1,false,false,near_mint,en,EUR,2025-04-20T23:27:12.695Z
Turncoat Kunoichi,TMT,Teenage Mutant Ninja Turtles,26,normal,rare,1,110913,3ae61336-a4ee-40cd-9a18-392d96b873a4,0.09,false,false,near_mint,en,EUR,2026-03-06T23:49:55.768Z
Tweeze,ECL,Lorwyn Eclipsed,162,normal,common,1,110483,3ceab0e6-1bb8-487d-ab4b-2da8457b970a,0.06,false,false,near_mint,en,EUR,2026-01-25T20:47:46.786Z
Twilight Mire,EOC,Edge of Eternities Commander,189,normal,rare,1,107133,b38ba12b-63ab-46ac-8fde-d1c9307c85e2,0.85,false,false,near_mint,en,EUR,2025-08-06T14:50:32.528Z
Twin Blades,TLA,Avatar: The Last Airbender,157,normal,uncommon,1,109560,dc399ae0-36b5-4c92-9fe2-138caf8d7a86,0.07,false,false,near_mint,en,EUR,2025-11-26T15:34:18.488Z
Twin Bolt,TDM,Tarkir: Dragonstorm,128,normal,common,1,105137,688d8e93-d071-4089-9ef9-565ac4ae9ae0,0.05,false,false,near_mint,en,EUR,2025-04-20T23:27:12.695Z
Twinblade Blessing,FDN,Foundations,26,normal,uncommon,1,101310,ecf01cbe-9fcb-4f35-bc6b-2280620b06ff,0.29,false,false,near_mint,en,EUR,2025-04-20T23:27:12.695Z
Twinmaw Stormbrood // Charring Bite,TDM,Tarkir: Dragonstorm,320,normal,uncommon,1,105038,ef466256-7d9c-46d0-a860-a0db6930db61,0.19,false,false,near_mint,en,EUR,2025-04-20T23:27:12.695Z
"Tyrox, Saurid Tyrant",DFT,Aetherdrift,149,normal,uncommon,1,103439,159dc5a8-5cba-4c20-8c07-28a3d86c8411,0.17,false,false,near_mint,en,EUR,2025-04-20T23:27:12.695Z
Ulna Alley Shopkeep,SOS,Secrets of Strixhaven,103,normal,common,1,112681,c25e1ae5-f17c-4eee-98f1-5681981af31c,0.04,false,false,near_mint,en,EUR,2026-05-08T10:13:36.535Z
"Ultimecia, Time Sorceress // Ultimecia, Omnipotent",FIN,Final Fantasy,247,normal,uncommon,1,105581,2d6a2b68-5407-464e-a335-7866fd969c30,0.02,false,false,near_mint,en,EUR,2025-06-18T14:09:45.764Z
Umbral Collar Zealot,EOE,Edge of Eternities,123,normal,uncommon,1,107321,bbcc1d84-9772-475d-924a-75bb54c9bc20,1.93,false,false,near_mint,en,EUR,2025-08-02T12:05:52.876Z
Unauthorized Exit,MKM,Murders at Karlov Manor,74,normal,common,1,91033,8a458474-d721-46d7-b487-6a47dc063cfd,0.1,false,false,near_mint,en,EUR,2025-04-20T23:27:12.695Z
Unburied Earthcarver,TDM,Tarkir: Dragonstorm,95,normal,common,1,105126,3ab5e71e-dc8d-4ed8-bcef-6497177c4a9d,0.02,false,false,near_mint,en,EUR,2025-04-20T23:27:12.695Z
Uncharted Voyage,FDN,Foundations,53,normal,common,3,101611,e0846820-e595-4743-8a28-29c57d728677,0.06,false,false,near_mint,en,EUR,2025-04-20T23:27:12.695Z
Uncle Iroh,TLA,Avatar: The Last Airbender,248,normal,uncommon,1,109443,5c88672c-0eba-4e93-a0ec-30bbb1bb7661,0.12,false,false,near_mint,en,EUR,2025-11-26T15:34:18.488Z
Undercity Dire Rat,FIN,Final Fantasy,123,normal,common,2,106270,274788f4-fbf3-4a15-bdc0-f513a2fde30d,0.05,false,false,near_mint,en,EUR,2025-06-18T14:09:45.764Z
Undercity Eliminator,MKM,Murders at Karlov Manor,108,normal,uncommon,1,91100,a67a4c5e-215b-4f03-87f7-c1af4f9f0a63,0.15,false,false,near_mint,en,EUR,2025-04-20T23:27:12.695Z
Undercity Sewers,MKM,Murders at Karlov Manor,270,normal,rare,1,90747,2b5801fb-2026-4f25-98bc-ebb2f99684b9,25.71,false,false,near_mint,en,EUR,2025-04-20T23:27:12.695Z
Undercover Crocodelf,MKM,Murders at Karlov Manor,239,foil,common,1,90902,5bc669c8-6f39-4d52-82d3-a4005d41c8a5,0.05,false,false,near_mint,en,EUR,2025-04-20T23:27:12.695Z
Undercover Crocodelf,MKM,Murders at Karlov Manor,239,normal,common,1,90902,5bc669c8-6f39-4d52-82d3-a4005d41c8a5,0.06,false,false,near_mint,en,EUR,2025-04-20T23:27:12.695Z
Underfoot Underdogs,TDM,Tarkir: Dragonstorm,129,normal,common,1,104431,049acc79-1d68-410f-a081-88a7d40e823a,0.03,false,false,near_mint,en,EUR,2025-04-20T23:27:12.695Z
Underground Mortuary,MKM,Murders at Karlov Manor,333,normal,rare,1,90657,0d8938e4-bfa5-47e1-8c71-9c6583346300,18.67,false,false,near_mint,en,EUR,2025-04-20T23:27:12.695Z
Undergrowth Leopard,TDM,Tarkir: Dragonstorm,165,foil,common,1,104307,67ab8f9a-b17c-452f-b4ef-a3f91909e3de,0.11,false,false,near_mint,en,EUR,2025-04-20T23:27:12.695Z
Undergrowth Leopard,TDM,Tarkir: Dragonstorm,165,normal,common,1,104307,67ab8f9a-b17c-452f-b4ef-a3f91909e3de,0.07,false,false,near_mint,en,EUR,2025-04-20T23:27:12.695Z
Uneasy Alliance,TMT,Teenage Mutant Ninja Turtles,28,normal,common,1,111575,5d9a4f9a-1e3a-4de8-a7c0-7158c6703b4e,0.07,false,false,near_mint,en,EUR,2026-03-06T23:49:55.859Z
Unending Whisper,TDM,Tarkir: Dragonstorm,62,foil,common,1,105070,fc48180a-ccac-469f-938d-c050821d0160,0.03,false,false,near_mint,en,EUR,2025-04-20T23:27:12.695Z
Unending Whisper,TDM,Tarkir: Dragonstorm,62,normal,common,1,105070,fc48180a-ccac-469f-938d-c050821d0160,0.02,false,false,near_mint,en,EUR,2025-04-20T23:27:12.695Z
Unexpected Assistance,ECL,Lorwyn Eclipsed,80,normal,common,1,110077,7b540a5f-7f1b-421a-864f-5af469556fc6,0.11,false,false,near_mint,en,EUR,2026-01-25T20:47:46.729Z
Unforgiving Aim,ECL,Lorwyn Eclipsed,200,normal,common,1,110680,0bef3905-24f8-419b-aeca-396adfc6d0dc,0.04,false,false,near_mint,en,EUR,2026-01-25T20:47:46.740Z
University Campus,SPM,Marvel's Spider-Man,186,normal,common,1,108624,2752f21c-f535-4772-a8b3-e97e1339e9c9,0.05,false,false,near_mint,en,EUR,2025-09-30T23:51:40.191Z
Unlucky Cabbage Merchant,TLA,Avatar: The Last Airbender,201,normal,uncommon,1,109374,0a838009-b115-4497-b35d-682e41ead7db,0.08,false,false,near_mint,en,EUR,2025-11-26T15:34:18.488Z
Unlucky Drop,LCI,The Lost Caverns of Ixalan,82,normal,common,1,88607,76ebb2df-8891-434e-9cd0-f25b848cb754,0.02,false,false,near_mint,en,EUR,2025-06-16T17:24:56.249Z
Unrooted Ancestor,TDM,Tarkir: Dragonstorm,96,normal,uncommon,1,104689,6394b125-21a8-4439-9958-94b76684138e,0.11,false,false,near_mint,en,EUR,2025-04-20T23:27:12.695Z
Unstable Experiment,SPM,Marvel's Spider-Man,47,normal,common,1,107669,be9d5985-0a39-4ee3-80de-30d17d08f404,0.07,false,false,near_mint,en,EUR,2025-09-30T23:51:40.191Z
Unsubtle Mockery,SOS,Secrets of Strixhaven,136,normal,common,1,112580,2b7cb1a3-761e-470e-a164-6e29dd9448cd,0.05,false,false,near_mint,en,EUR,2026-05-08T10:13:36.461Z
Unswerving Sloth,DFT,Aetherdrift,34,foil,uncommon,1,102917,12296a74-5d60-4ee3-aa53-2289f84da776,0.12,false,false,near_mint,en,EUR,2025-04-20T23:27:12.695Z
Unwelcome Sprite,ECL,Lorwyn Eclipsed,81,normal,uncommon,1,110566,902f8d86-fde2-4cdf-88f0-bf63d616f3af,0.13,false,false,near_mint,en,EUR,2026-01-25T20:47:46.706Z
Urban Retreat,SPM,Marvel's Spider-Man,187,normal,rare,1,108623,2581f320-8238-413d-ab04-d5535da55630,0.34,false,false,near_mint,en,EUR,2025-09-30T23:51:40.191Z
Uruk-hai Berserker,LTR,The Lord of the Rings: Tales of Middle-earth,112,normal,common,1,83302,936421a0-2c2a-4410-941d-4e6b88166bd1,0.06,false,false,near_mint,en,EUR,2026-04-19T14:28:02.872Z
Uthros Scanship,EOE,Edge of Eternities,85,normal,uncommon,1,107384,1f93887f-35c5-472f-83d0-54227b3bd1d2,0.16,false,false,near_mint,en,EUR,2025-08-01T19:16:32.510Z
Utrom Scientists,TMT,Teenage Mutant Ninja Turtles,56,normal,common,1,111478,6da89625-5278-49d4-813b-a1a631f114f5,0.02,false,false,near_mint,en,EUR,2026-03-06T23:49:55.827Z
"Uurg, Spawn of Turg",EOC,Edge of Eternities Commander,127,normal,uncommon,1,107170,d1974536-9e4f-4808-9e49-a036ec7bf65c,0.1,false,false,near_mint,en,EUR,2025-08-06T14:50:32.528Z
Vampire Gourmand,FDN,Foundations,74,foil,uncommon,1,100827,917514c0-9cd5-4b97-85b9-c4f753560ad4,0.36,false,false,near_mint,en,EUR,2025-04-20T23:27:12.695Z
Vampire Gourmand,FDN,Foundations,74,normal,uncommon,1,100827,917514c0-9cd5-4b97-85b9-c4f753560ad4,0.19,false,false,near_mint,en,EUR,2025-04-20T23:27:12.695Z
Vampire Nighthawk,FDN,Foundations,186,foil,uncommon,1,101474,0a1934ab-3171-4fc6-8033-ad998899ba73,0.17,false,false,near_mint,en,EUR,2025-04-20T23:27:12.695Z
Vampire Soulcaller,FDN,Foundations,75,foil,common,2,101495,2d076293-3b45-4878-8f67-978927cc1f68,0.05,false,false,near_mint,en,EUR,2025-04-20T23:27:12.695Z
Vampire Soulcaller,FDN,Foundations,75,normal,common,1,101495,2d076293-3b45-4878-8f67-978927cc1f68,0.05,false,false,near_mint,en,EUR,2025-04-20T23:27:12.695Z
Vanguard Seraph,FDN,Foundations,28,normal,common,2,101503,4329c861-fc16-4a96-9c03-25af6ac2adc8,0.04,false,false,near_mint,en,EUR,2025-04-20T23:27:12.695Z
"Vanille, Cheerful l'Cie",FIN,Final Fantasy,211,normal,uncommon,1,105667,91226c1a-63a0-494e-bcf0-77c2d6f49213,0.02,false,false,near_mint,en,EUR,2025-06-18T14:09:45.764Z
Vaultguard Trooper,EOE,Edge of Eternities,166,normal,uncommon,1,107709,36afe3b1-43a2-47b4-bc0a-24efb1e2e5a0,0.13,false,false,near_mint,en,EUR,2025-08-02T12:05:52.876Z
Vayne's Treachery,FIN,Final Fantasy,124,normal,common,1,106569,6de6d23b-7d42-41c1-be1c-010fe43ee586,0.07,false,false,near_mint,en,EUR,2025-06-18T14:09:45.764Z
"Vector, Imperial Capital",FIN,Final Fantasy,291,normal,common,1,106512,10e5648e-4884-41e3-95f8-c76f6bca01e2,0.09,false,false,near_mint,en,EUR,2025-06-18T14:09:45.764Z
Veloheart Bike,DFT,Aetherdrift,184,normal,common,1,103144,85edde1a-f05c-4ce8-bedd-88359647aa0d,0.04,false,false,near_mint,en,EUR,2025-04-20T23:27:12.695Z
Venerated Stormsinger,TDM,Tarkir: Dragonstorm,97,normal,uncommon,1,104858,a4a4e985-facd-47e6-b680-3023c82c2957,0.14,false,false,near_mint,en,EUR,2025-04-20T23:27:12.695Z
Vengeful Bloodwitch,FDN,Foundations,76,normal,uncommon,2,97189,bd0c12dd-f138-45c0-9614-d83a1d8e8399,0.32,false,false,near_mint,en,EUR,2025-04-20T23:27:12.695Z
Vengeful Creeper,MKM,Murders at Karlov Manor,182,normal,common,1,90987,7a914416-effd-4eda-b609-2773c53a08ec,0.13,false,false,near_mint,en,EUR,2025-04-20T23:27:12.695Z
Vengeful Townsfolk,OTJ,Outlaws of Thunder Junction,37,normal,common,2,93102,2df404af-571a-4867-83f5-bb4163b433ff,0.04,false,false,near_mint,en,EUR,2025-10-27T10:57:33.331Z
Vengeful Tracker,MKM,Murders at Karlov Manor,147,normal,uncommon,1,91086,a247c9a0-0c65-47bc-92fd-bebe95cd35a3,0.04,false,false,near_mint,en,EUR,2025-04-20T23:27:12.695Z
Venom's Hunger,SPM,Marvel's Spider-Man,73,normal,common,1,107611,01d276cd-e4ad-488f-8447-004aefad1ebb,0.07,false,false,near_mint,en,EUR,2025-09-30T23:51:40.191Z
"Venom, Evil Unleashed",SPM,Marvel's Spider-Man,71,normal,common,1,107664,ab3d51a4-40f0-4606-b5f9-2686c12fd54b,0.08,false,false,near_mint,en,EUR,2025-09-30T23:51:40.191Z
Venomized Cat,SPM,Marvel's Spider-Man,72,normal,common,2,108527,6330f3e9-e031-4d55-b5d8-536c16bba063,0.03,false,false,near_mint,en,EUR,2025-09-30T23:51:40.191Z
Venomsac Lagac,DFT,Aetherdrift,185,normal,common,3,103171,9142b1c9-09d7-42e4-8138-6c15d31f2470,0.08,false,false,near_mint,en,EUR,2025-04-20T23:27:12.695Z
Vernal Fen,EOC,Edge of Eternities Commander,24,normal,rare,1,107140,bac98f27-ef3e-45e0-87cb-0fb4325ae734,3.24,false,false,near_mint,en,EUR,2025-08-06T14:50:32.528Z
Veteran Beastrider,DFT,Aetherdrift,226,normal,uncommon,2,103629,cab38f35-b60c-464c-a0b5-9d5f2dc6de7f,0.11,false,false,near_mint,en,EUR,2025-04-20T23:27:12.695Z
Villainous Wrath,SPM,Marvel's Spider-Man,74,normal,rare,1,108664,d78e36fd-5817-4c4a-8880-dabe6dd4ba81,0.02,false,false,near_mint,en,EUR,2025-09-30T23:51:40.191Z
Vincent's Limit Break,FIN,Final Fantasy,126,normal,common,1,106499,0502c426-5271-4989-8598-5bc159afe79c,0.09,false,false,near_mint,en,EUR,2025-06-18T14:09:45.764Z
Vinebred Brawler,ECL,Lorwyn Eclipsed,201,normal,uncommon,1,110353,63c573fe-e74c-48ca-ad05-92f37dc466f1,0.11,false,false,near_mint,en,EUR,2026-01-25T20:47:46.749Z
Vinereap Mentor,BLB,Bloomburrow,238,normal,uncommon,1,95902,29b615ba-45c4-42a1-8525-1535f0b55300,0.23,false,false,near_mint,en,EUR,2025-09-30T23:51:40.191Z
Viridescent Bog,EOC,Edge of Eternities Commander,190,normal,rare,1,107099,96fccdf1-9c68-46cd-ba90-668f677bbc44,0.16,false,false,near_mint,en,EUR,2025-08-06T14:50:32.528Z
Virulent Emissary,ECL,Lorwyn Eclipsed,202,normal,uncommon,1,110291,0702efed-915e-466a-96bb-ac09af06b21e,0.63,false,false,near_mint,en,EUR,2026-01-25T20:47:46.676Z
Virulent Silencer,EOE,Edge of Eternities,248,normal,uncommon,1,107009,4120fcfc-3547-4774-a15d-b9cccac04e76,0.15,false,false,near_mint,en,EUR,2025-08-02T12:05:52.876Z
Virus Beetle,EOE,Edge of Eternities,124,normal,common,3,107570,e96c986c-684c-4546-a9c9-b6b903bda101,0.12,false,false,near_mint,en,EUR,2025-08-01T19:16:32.510Z
Visage Bandit,OTJ,Outlaws of Thunder Junction,76,normal,uncommon,1,93196,685ec4c6-3332-498f-8b56-d7ad8fc5230c,0.15,false,false,near_mint,en,EUR,2025-10-27T10:57:33.331Z
Vitu-Ghazi Inspector,MKM,Murders at Karlov Manor,183,normal,common,1,90927,664d15d7-2724-4a9b-b5a7-8042d4b7da7b,0.05,false,false,near_mint,en,EUR,2025-04-20T23:27:12.695Z
Vivien Reid,FDN,Foundations,234,normal,mythic,1,100058,38769247-42a1-4571-9071-6d59fe28650a,0.41,false,false,near_mint,en,EUR,2025-04-20T23:27:12.695Z
Voracious Varmint,OTJ,Outlaws of Thunder Junction,188,normal,common,1,93279,99b74fa3-c1d7-4780-977d-f2d6663a529a,0.11,false,false,near_mint,en,EUR,2025-10-27T10:57:33.331Z
Vote Out,EOE,Edge of Eternities,126,normal,uncommon,1,107717,4f50bb47-cc4d-4b81-b5f1-817ca8744d12,0.13,false,false,near_mint,en,EUR,2025-08-01T19:16:32.510Z
Vraska Joins Up,OTJ,Outlaws of Thunder Junction,236,normal,rare,1,93034,06e546c2-737e-4b17-bf60-3069b1ccdf31,0.69,false,false,near_mint,en,EUR,2025-10-27T10:57:33.331Z
"Vulture, Scheming Scavenger",SPM,Marvel's Spider-Man,158,normal,uncommon,1,108471,e29281be-e722-4149-93a0-6dd3f0f64253,0.09,false,false,near_mint,en,EUR,2025-09-30T23:51:40.191Z
Walking Sarcophagus,DFT,Aetherdrift,246,normal,common,1,103562,89ccbd73-9414-48a3-bdcf-e838fcffc08f,0.07,false,false,near_mint,en,EUR,2025-04-20T23:27:12.695Z
Wall of Omens,FCA,Final Fantasy: Through the Ages,27,normal,uncommon,1,105693,ae94ab2a-5a6b-4358-ad7f-bdc9a98a9ac0,0.02,false,false,near_mint,en,EUR,2025-06-18T14:09:45.764Z
Wander Off,SOS,Secrets of Strixhaven,104,normal,common,2,112597,3d409512-50b9-4a38-91b0-19ba25227992,0.05,false,false,near_mint,en,EUR,2026-05-08T10:13:36.550Z
Wandermare,ELD,Throne of Eldraine,204,normal,uncommon,1,46134,9a72fb5b-5c55-4ce9-b9d0-98f924d6f338,0.13,false,false,near_mint,en,EUR,2025-06-16T17:24:56.249Z
Wanderwine Distracter,ECL,Lorwyn Eclipsed,82,normal,common,1,110624,cbf593a7-d4ae-4771-926a-3c1b2c8c901a,0.13,false,false,near_mint,en,EUR,2026-01-25T20:47:46.698Z
Wanted Griffin,OTJ,Outlaws of Thunder Junction,38,normal,common,1,93187,624a176b-fe24-4441-8877-464cf172ccff,0.02,false,false,near_mint,en,EUR,2025-10-27T10:57:33.331Z
Wanted Scoundrels,XLN,Ixalan,131,normal,uncommon,1,3881,6704e4c9-3b5e-4ba5-a5bc-6d684e2983e9,0.13,false,false,near_mint,en,EUR,2025-09-30T23:51:40.191Z
Wary Thespian,FDN,Foundations,235,normal,common,3,101574,a3d62d04-0974-4cb5-9a35-5e996c6456e2,0.02,false,false,near_mint,en,EUR,2025-04-20T23:27:12.695Z
Wastes,EOC,Edge of Eternities Commander,191,normal,common,1,107141,baf8f4f2-9f25-4cd2-8d78-1041e134aeac,0.23,false,false,near_mint,en,EUR,2025-08-06T14:50:32.528Z
Wastes,FIN,Final Fantasy,309,normal,common,1,105711,c61feafd-ef09-437c-a12c-fd7d6cb8c15a,0.08,false,false,near_mint,en,EUR,2025-06-18T14:09:45.764Z
Watcher of the Wayside,TDM,Tarkir: Dragonstorm,249,foil,common,1,104262,2dcafdac-a293-4adc-a540-3b3f469cf6f3,0.05,false,false,near_mint,en,EUR,2025-04-20T23:27:12.695Z
Watcher of the Wayside,TDM,Tarkir: Dragonstorm,249,normal,common,1,104262,2dcafdac-a293-4adc-a540-3b3f469cf6f3,0.03,false,false,near_mint,en,EUR,2025-04-20T23:27:12.695Z
Water Tribe Rallier,TLA,Avatar: The Last Airbender,42,normal,uncommon,1,109430,4e744b6c-1c2f-451a-818a-5ee7785b5213,0.1,false,false,near_mint,en,EUR,2025-11-26T15:34:18.488Z
Waterbending Lesson,TLA,Avatar: The Last Airbender,80,normal,common,1,108207,4f81e3b5-a0a9-4764-8c2d-b499ce1740b4,0.09,false,false,near_mint,en,EUR,2025-11-26T15:34:18.488Z
Weapons Vendor,FIN,Final Fantasy,40,normal,common,1,106651,c9e6b374-3e44-4df7-b0a3-4ef98dc08267,0.07,false,false,near_mint,en,EUR,2025-06-18T14:09:45.764Z
Web Up,SPM,Marvel's Spider-Man,21,normal,common,1,107616,1ab7c1e6-54af-4002-8a81-23a1ccafa3ff,0.08,false,false,near_mint,en,EUR,2025-09-30T23:51:40.191Z
Weftblade Enhancer,EOE,Edge of Eternities,44,normal,common,2,107745,8d72b00c-5043-4630-949a-fc17eeb962bc,0.04,false,false,near_mint,en,EUR,2025-08-01T19:16:32.510Z
Weftstalker Ardent,EOE,Edge of Eternities,169,normal,uncommon,1,107165,cddb48cc-8eb1-47ce-90f0-7aad1e93e2c4,0.31,false,false,near_mint,en,EUR,2025-08-02T12:05:52.876Z
West Wind Avatar,TMT,Teenage Mutant Ninja Turtles,137,normal,uncommon,1,111610,f4b8f7e6-9bff-430b-b2f5-4308d57d1194,0.11,false,false,near_mint,en,EUR,2026-03-06T23:49:55.803Z
Whirlwing Stormbrood // Dynamic Soar,TDM,Tarkir: Dragonstorm,234,normal,uncommon,1,104656,56a25eb1-bdb8-4f86-8d9a-3055ad1b2a13,0.1,false,false,near_mint,en,EUR,2025-04-20T23:27:12.695Z
White Auracite,FIN,Final Fantasy,41,normal,common,1,105873,2df6f515-9d21-4769-b1c4-c219611bccbb,0.03,false,false,near_mint,en,EUR,2025-06-18T14:09:45.764Z
White Lotus Reinforcements,TLA,Avatar: The Last Airbender,251,normal,uncommon,1,109428,4c7e3e2f-d7ac-4d40-ab84-cb7efe06a316,0.14,false,false,near_mint,en,EUR,2025-11-26T15:34:18.488Z
White Mage's Staff,FIN,Final Fantasy,42,normal,common,1,105584,30db372e-0b4c-4e16-9667-bf3fda666f72,0.03,false,false,near_mint,en,EUR,2025-06-18T14:09:45.764Z
Whoosh!,SPM,Marvel's Spider-Man,48,normal,common,1,107673,ccc05deb-ad8d-4fae-a7a4-2b2a118fc696,0.05,false,false,near_mint,en,EUR,2025-09-30T23:51:40.191Z
Wickerfolk Indomitable,DFT,Aetherdrift,109,normal,uncommon,1,103245,ba78e076-8962-4b3f-b86f-04400b062951,0.04,false,false,near_mint,en,EUR,2025-04-20T23:27:12.695Z
Wild Hypothesis,SOS,Secrets of Strixhaven,167,normal,common,1,112559,04fdfabc-c247-4384-a5bb-f49035f8aae0,0.04,false,false,near_mint,en,EUR,2026-05-08T10:13:36.449Z
Wild Pack Squad,SPM,Marvel's Spider-Man,23,normal,common,2,107647,7b0eda7c-e44d-4d9b-9042-4a1eb8c4ed4a,0.04,false,false,near_mint,en,EUR,2025-09-30T23:51:40.191Z
Wild Ride,TDM,Tarkir: Dragonstorm,132,normal,common,1,105154,abc8c6f5-6135-428e-8476-1751f82623f9,0.09,false,false,near_mint,en,EUR,2025-04-20T23:27:12.695Z
Wildvine Pummeler,ECL,Lorwyn Eclipsed,203,normal,common,1,110689,11bad5c7-fe9a-4d89-a531-8d4f03d5a0e4,0.03,false,false,near_mint,en,EUR,2026-01-25T20:47:46.801Z
Willowrush Verge,DFT,Aetherdrift,270,normal,rare,1,103109,758d93d5-3f66-4395-a928-000485396c87,4.7,false,false,near_mint,en,EUR,2025-04-20T23:27:12.695Z
Wilt in the Heat,SOS,Secrets of Strixhaven,243,normal,common,1,112715,f63f7209-fc0f-400c-8076-125f3131cb32,0.05,false,false,near_mint,en,EUR,2026-07-20T10:08:18.028Z
Wind-Scarred Crag,TDM,Tarkir: Dragonstorm,271,normal,common,1,104286,4912e4d0-b16a-4aa6-a583-3430d26bd591,0.02,false,false,near_mint,en,EUR,2025-04-20T23:27:12.695Z
Windcrag Siege,TDM,Tarkir: Dragonstorm,235,normal,rare,1,104534,31a8329b-23a1-4c49-a579-a5da8d01435a,0.36,false,false,near_mint,en,EUR,2025-04-20T23:27:12.695Z
Windgrace's Judgment,EOC,Edge of Eternities Commander,129,normal,rare,1,107205,f1f6efcf-6ac3-4bf9-9bd2-d5c78a5defb3,0.18,false,false,near_mint,en,EUR,2025-08-06T14:50:32.528Z
"Windurst, Federation Center",FIN,Final Fantasy,292,normal,common,1,106649,c74024bd-b383-468d-9cf5-d112a29f6457,0.09,false,false,near_mint,en,EUR,2025-06-18T14:09:45.764Z
"Wingnut, Bat on the Belfry",TMT,Teenage Mutant Ninja Turtles,110,normal,uncommon,1,111457,40b9b1d0-b7d1-473e-b6a9-a29d527c2f35,0.11,false,false,near_mint,en,EUR,2026-03-06T23:49:55.805Z
Wingspan Stride,TDM,Tarkir: Dragonstorm,66,normal,common,1,104541,339a0e24-c332-4558-bb60-f5504ddde88c,0.02,false,false,near_mint,en,EUR,2025-04-20T23:27:12.695Z
Wisdom of Ages,SOS,Secrets of Strixhaven,368,foil,rare,1,111766,f064a5ff-7139-45e3-9012-cf666e4984c4,0.1,false,false,near_mint,en,EUR,2026-05-08T10:13:36.553Z
Wispdrinker Vampire,MKM,Murders at Karlov Manor,243,normal,uncommon,1,91091,a3490c05-d12c-4483-acbc-1b4ae68877f0,0.13,false,false,near_mint,en,EUR,2025-04-20T23:27:12.695Z
Witness Protection,FDN,Foundations,168,normal,common,2,101621,f231e981-0069-43ce-ac1c-c85ced613e93,0.12,false,false,near_mint,en,EUR,2025-04-20T23:27:12.695Z
Wizard,TFIN,Final Fantasy Tokens,14,normal,common,1,105559,187fe54c-7d0c-4225-9d46-3affbead897d,0.43,false,false,near_mint,en,EUR,2025-06-18T14:09:45.764Z
Wojek Investigator,MKM,Murders at Karlov Manor,340,normal,rare,1,90838,481b5d9a-872d-4a2f-a52a-d4a746ee04ab,0.33,false,false,near_mint,en,EUR,2025-04-20T23:27:12.695Z
World Breaker,EOC,Edge of Eternities Commander,112,normal,mythic,1,107171,d25856c9-cb3d-44d9-905e-007f1af65c06,0.72,false,false,near_mint,en,EUR,2025-08-06T14:50:32.528Z
World Map,FIN,Final Fantasy,270,normal,common,1,106572,70d9ab99-ec8a-402e-ba1d-ffa6c4c84a3f,0.07,false,false,near_mint,en,EUR,2025-06-18T14:09:45.764Z
Worldsoul's Rage,EOC,Edge of Eternities Commander,130,normal,rare,1,106965,1a54246e-1e22-4660-b2c8-fdfa2110b4fe,0.26,false,false,near_mint,en,EUR,2025-08-06T14:50:32.528Z
Worthy Cost,TDM,Tarkir: Dragonstorm,99,normal,common,1,104883,adc18edc-01d8-4a7e-a87b-a854e50aa75e,0.07,false,false,near_mint,en,EUR,2025-04-20T23:27:12.695Z
"Wraith, Vicious Vigilante",SPM,Marvel's Spider-Man,160,normal,uncommon,1,108523,5f46ed93-de6d-4180-9018-26ee07f75464,0.06,false,false,near_mint,en,EUR,2025-09-30T23:51:40.191Z
Wrangler of the Damned,OTJ,Outlaws of Thunder Junction,238,normal,uncommon,1,93311,b4d163dd-67dc-4aab-afb9-d043352d109c,0.04,false,false,near_mint,en,EUR,2025-10-27T10:57:33.331Z
Wreck Remover,DFT,Aetherdrift,247,normal,common,1,103318,e3151960-cc0c-47b5-b476-295d7a17ae14,0.03,false,false,near_mint,en,EUR,2025-04-20T23:27:12.695Z
Wreckage Wickerfolk,DFT,Aetherdrift,110,normal,common,2,103602,aeff3db7-81ac-4c51-9954-bc1dbcb8c4e3,0.09,false,false,near_mint,en,EUR,2025-04-20T23:27:12.695Z
Wurmwall Sweeper,EOE,Edge of Eternities,249,normal,common,2,107105,9ace282a-5901-4d36-ad21-17eb88bc5138,0.08,false,false,near_mint,en,EUR,2025-08-01T19:16:32.510Z
"Xu-Ifit, Osteoharmonist",EOE,Edge of Eternities,127,normal,rare,1,107534,c0838f25-2193-4305-b73a-bf0c0bb4981a,0.03,false,false,near_mint,en,EUR,2025-08-02T12:05:52.876Z
Yavimaya Wurm,M11,Magic 2011,200,normal,common,1,21189,4516b135-3691-4be5-ab73-91fbdc6b24b6,0.03,false,false,near_mint,en,EUR,2025-04-20T23:27:12.695Z
You're Not Alone,FIN,Final Fantasy,44,normal,common,1,106327,1867b5cb-2bb0-4f49-b302-036fdffa2344,0.04,false,false,near_mint,en,EUR,2025-06-18T14:09:45.764Z
Yuyan Archers,TLA,Avatar: The Last Airbender,161,normal,common,1,108250,99244462-a996-4a5b-91fb-947045647d6d,0.06,false,false,near_mint,en,EUR,2025-11-26T15:34:18.488Z
Zack Fair,FIN,Final Fantasy,45,normal,uncommon,1,106237,f21f9161-5945-40da-8da0-446f6a4a1c23,0.08,false,false,near_mint,en,EUR,2025-06-18T14:09:45.764Z
"Zahur, Glory's Past",DFT,Aetherdrift,229,normal,rare,1,102968,31944ea5-045d-481d-9aff-3c7ed663813a,0.3,false,false,near_mint,en,EUR,2025-04-20T23:27:12.695Z
"Zanarkand, Ancient Metropolis // Lasting Fayth",FIN,Final Fantasy,293,normal,rare,1,105656,881e4c00-3b9a-47a1-bf66-1badda994c88,0.02,false,false,near_mint,en,EUR,2025-06-18T14:09:45.764Z
Zealous Display,EOE,Edge of Eternities,45,normal,common,2,107787,f5973fd3-d6bc-48f1-8a44-57d2a6dda228,0.09,false,false,near_mint,en,EUR,2025-08-01T19:16:32.510Z
Zealous Lorecaster,SOS,Secrets of Strixhaven,137,normal,common,1,112590,36ab2130-9f21-4d30-873a-aa72d3d15fa8,0.02,false,false,near_mint,en,EUR,2026-05-08T10:13:36.548Z
Zell Dincht,FIN,Final Fantasy,170,normal,rare,1,104234,135d6b27-9168-4513-9d7d-56edae048857,0.33,false,false,near_mint,en,EUR,2025-06-18T14:09:45.764Z
Zero Point Ballad,EOE,Edge of Eternities,128,normal,rare,1,107722,59cf9f4d-54cd-4cda-9726-65e16100ab46,0.02,false,false,near_mint,en,EUR,2025-08-01T19:16:32.510Z
"Zhao, Ruthless Admiral",TLA,Avatar: The Last Airbender,252,normal,uncommon,1,109417,3fd48a57-b0bb-4177-a0f3-bd317a179cbe,0.11,false,false,near_mint,en,EUR,2025-11-26T15:34:18.488Z
Zimone's Experiment,SOS,Secrets of Strixhaven,169,normal,uncommon,1,112376,a6597852-4267-4ea6-a391-f927e4833be2,0.03,false,false,near_mint,en,EUR,2026-05-08T10:13:36.441Z
"Zinnia, Valley's Voice",BLC,Bloomburrow Commander,4,normal,mythic,1,95843,dfe36901-5841-4942-8b61-c273111f715e,0.49,false,false,near_mint,en,EUR,2025-11-06T20:40:57.429Z
"Zog, Triceraton Castaway",TMT,Teenage Mutant Ninja Turtles,111,normal,common,1,111502,a83a70ba-448e-45f3-b23b-6f38af54811f,0.08,false,false,near_mint,en,EUR,2026-03-06T23:49:55.856Z
Zoo Escapees,TMT,Teenage Mutant Ninja Turtles,138,normal,common,1,111542,f57ba8ff-2f8c-4ca1-9b13-42a7cc213e99,0.05,false,false,near_mint,en,EUR,2026-03-06T23:49:55.840Z
Zookeeper Mechan,EOE,Edge of Eternities,170,normal,common,2,107744,8d5cd0be-4337-4aba-a4f6-5adab7735a73,0.09,false,false,near_mint,en,EUR,2025-08-01T19:16:32.510Z
Zuko's Conviction,TLA,Avatar: The Last Airbender,123,normal,uncommon,1,109923,ad8933d6-cdc7-4d60-a78e-b43ffecfb136,0.09,false,false,near_mint,en,EUR,2025-11-26T15:34:18.488Z
Zuko's Exile,TLA,Avatar: The Last Airbender,3,normal,common,1,109489,9090b055-3406-4fed-a8c6-3f6353a9600e,0.08,false,false,near_mint,en,EUR,2025-11-26T15:34:18.488Z
"Zurgo, Thunder's Decree",TDM,Tarkir: Dragonstorm,237,normal,rare,1,104921,bd93fb95-4268-45dc-8f0d-590c481a526d,0.02,false,false,near_mint,en,EUR,2025-04-20T23:27:12.695Z
