Name,Set code,Set name,Collector number,Foil,Rarity,Quantity,ManaBox ID,Scryfall ID,Purchase price,Misprint,Altered,Condition,Language,Purchase price currency,Added
Abandon Attachments,TLA,Avatar: The Last Airbender,205,normal,common,2,108228,74ca45a4-97ab-4255-9129-884e8b42b984,0.07,false,false,near_mint,en,EUR,2025-11-26T15:34:18.488Z
Abraded Bluffs,OTJ,Outlaws of Thunder Junction,251,normal,common,1,93074,19e96521-b4ce-4a36-a887-200e05ccc804,0.19,false,false,near_mint,en,EUR,2025-10-27T10:57:33.331Z
Abundant Growth,AVR,Avacyn Restored,167,normal,common,1,18111,afbc8fd0-dc15-4ac9-b97b-173f7fb66ed7,0.45,false,false,near_mint,en,EUR,2025-04-20T23:27:12.695Z
Abzan Devotee,TDM,Tarkir: Dragonstorm,68,normal,common,1,104305,66555946-e747-46fa-b1ac-b103a8edcd93,0.04,false,false,near_mint,en,EUR,2025-04-20T23:27:12.695Z
Action News Crew,TMT,Teenage Mutant Ninja Turtles,1,normal,common,1,111347,bc0f5ca8-47bd-4451-8fd1-a312ff7d31ec,0.03,false,false,near_mint,en,EUR,2026-03-06T23:49:55.844Z
Adventurer's Airship,FIN,Final Fantasy,252,normal,common,1,106504,0a1d6dcd-bd41-4f57-a35b-6613811fe4d4,0.05,false,false,near_mint,en,EUR,2025-06-18T14:09:45.764Z
Adventurer's Inn,FIN,Final Fantasy,271,normal,common,1,105754,f0da2ee1-986e-4cbf-92eb-d96fdb572ca5,0.02,false,false,near_mint,en,EUR,2025-06-18T14:09:45.764Z
Adventurous Eater // Have a Bite,SOS,Secrets of Strixhaven,72,normal,common,1,112694,d40cc7da-c731-418e-8547-7033d1939450,0.02,false,false,near_mint,en,EUR,2026-05-08T10:13:36.491Z
Aegis Turtle,FDN,Foundations,150,foil,common,1,101590,c7f2014a-fbc9-447c-a440-e06d01066bb9,0.13,false,false,near_mint,en,EUR,2025-04-20T23:27:12.695Z
Aegis Turtle,FDN,Foundations,150,normal,common,2,101590,c7f2014a-fbc9-447c-a440-e06d01066bb9,0.04,false,false,near_mint,en,EUR,2025-04-20T23:27:12.695Z
Aetherjacket,DFT,Aetherdrift,230,normal,common,2,103424,0a29c8a5-fd98-422c-9518-2db0993495e5,0.04,false,false,near_mint,en,EUR,2025-04-20T23:27:12.695Z
Agency Coroner,MKM,Murders at Karlov Manor,75,normal,common,1,91223,d63f2c23-e877-42e3-9362-5d003a173c6d,0.04,false,false,near_mint,en,EUR,2025-04-20T23:27:12.695Z
Agent of Kotis,TDM,Tarkir: Dragonstorm,36,normal,common,1,104318,812d0462-0158-467f-951d-a7a121188a10,0.02,false,false,near_mint,en,EUR,2025-04-20T23:27:12.695Z
Ahriman,FIN,Final Fantasy,87,normal,common,1,106517,162a415c-5465-497e-8f4e-c6f09681641d,0.05,false,false,near_mint,en,EUR,2025-06-18T14:09:45.764Z
Airbending Lesson,TLA,Avatar: The Last Airbender,8,normal,common,2,108292,e2bcd0a6-e94d-4a21-a334-a57459c1b8cc,0.07,false,false,near_mint,en,EUR,2025-11-26T15:34:18.488Z
Airship Crash,FIN,Final Fantasy,171,normal,common,1,106680,ec91c4e4-711f-464d-bc83-e6813f4fdcdb,0.05,false,false,near_mint,en,EUR,2025-06-18T14:09:45.764Z
Airship Engine Room,TLA,Avatar: The Last Airbender,265,normal,common,1,109375,0b98ba34-f251-4bd0-9d75-1d4445be5cfd,0.11,false,false,near_mint,en,EUR,2025-11-26T15:34:18.488Z
Airtight Alibi,MKM,Murders at Karlov Manor,149,normal,common,2,91173,bffbbe21-0a1d-48b9-903e-81c109aa11de,0.08,false,false,near_mint,en,EUR,2025-04-20T23:27:12.695Z
Ajani's Response,SOS,Secrets of Strixhaven,6,normal,common,2,112654,9cd1417a-badc-4abd-a8ca-5b31f85c1072,0.09,false,false,near_mint,es,EUR,2026-04-19T19:45:43.727Z
Ajani's Response,SOS,Secrets of Strixhaven,6,normal,common,1,112654,9cd1417a-badc-4abd-a8ca-5b31f85c1072,0.03,false,false,near_mint,en,EUR,2026-05-08T10:13:36.508Z
Alacrian Jaguar,DFT,Aetherdrift,152,normal,common,1,103456,2bd40bca-aa54-4e52-8d48-b3709a11e633,0.05,false,false,near_mint,en,EUR,2025-04-20T23:27:12.695Z
Alania's Pathmaker,BLB,Bloomburrow,123,normal,common,3,96123,d3871fe6-e26e-4ab4-bd81-7e3c7b8135c1,0.04,false,false,near_mint,es,EUR,2025-04-20T23:27:12.695Z
Alchemist's Apprentice,AVR,Avacyn Restored,42,normal,common,3,18236,31abba67-1241-4fb3-88b5-4c4668ec5f25,0.07,false,false,near_mint,es,EUR,2025-04-20T23:27:12.695Z
Alesha's Legacy,TDM,Tarkir: Dragonstorm,72,normal,common,1,104875,a9262bf6-df6a-446c-ba70-18270a09842d,0.06,false,false,near_mint,en,EUR,2025-04-20T23:27:12.695Z
Alley Assailant,MKM,Murders at Karlov Manor,76,normal,common,2,91293,edf238c9-61de-4f3a-b82f-05af46e5e81b,0.04,false,false,near_mint,en,EUR,2025-04-20T23:27:12.695Z
Ally,TTLA,Avatar: The Last Airbender Tokens,5,normal,common,1,109982,cae9c13e-fda2-4591-bd52-888d12194e4d,,false,false,near_mint,en,EUR,2025-11-26T15:34:18.488Z
Ally,TTLA,Avatar: The Last Airbender Tokens,4,normal,common,2,109995,f842c52a-04b6-4625-ba58-45b043ada340,,false,false,near_mint,en,EUR,2025-11-26T15:34:18.488Z
Amass the Components,AVR,Avacyn Restored,43,normal,common,1,18235,f5b48d60-fc99-4d21-9293-4f7ce1c02928,0.15,false,false,near_mint,en,EUR,2025-04-20T23:27:12.695Z
Amazing Acrobatics,SPM,Marvel's Spider-Man,25,normal,common,1,108554,9a2f6d84-3d83-4f48-9906-11f681171930,0.05,false,false,near_mint,en,EUR,2025-09-30T23:51:40.191Z
Ambush Gigapede,OTJ,Outlaws of Thunder Junction,77,normal,common,1,93268,93b17d09-974a-4e33-b14d-5fe4230ab241,0.04,false,false,near_mint,en,EUR,2025-10-27T10:57:33.331Z
Ambush Wolf,FDN,Foundations,98,foil,common,1,101492,2903832c-318e-42ab-bf58-c682ec2f7afd,0.04,false,false,near_mint,en,EUR,2025-04-20T23:27:12.695Z
Ambush Wolf,FDN,Foundations,98,normal,common,2,101492,2903832c-318e-42ab-bf58-c682ec2f7afd,0.03,false,false,near_mint,en,EUR,2025-04-20T23:27:12.695Z
Ancestral Anger,SOS,Secrets of Strixhaven,106,normal,common,1,112627,6c5a93d6-d4ab-4062-bb3c-1b5330bf15ad,0.19,false,false,near_mint,es,EUR,2026-04-19T19:45:43.786Z
Anchovy & Banana Pizza,TMT,Teenage Mutant Ninja Turtles,57,normal,common,2,111568,44443ad2-ef8c-4106-ba1b-ee3fb6fd8b17,0.07,false,false,near_mint,en,EUR,2026-03-06T23:49:55.738Z
Angelic Wall,AVR,Avacyn Restored,4,normal,common,2,18274,d7b2450d-87a7-46dc-b43a-2db2abeca44f,0.1,false,false,near_mint,en,EUR,2025-04-20T23:27:12.695Z
Ankle Biter,OTJ,Outlaws of Thunder Junction,153,normal,common,1,93136,424972d6-3b2c-449b-b786-749a77020fa1,0.07,false,false,near_mint,en,EUR,2025-10-27T10:57:33.331Z
Apostle's Blessing,MM2,Modern Masters 2015,8,normal,common,1,11209,fdfbc07e-d726-4d42-9394-6aa0f5fc3a3a,0.44,false,false,near_mint,es,EUR,2025-04-20T23:27:12.695Z
Apothecary Stomper,FDN,Foundations,99,normal,common,2,101537,680b7b0c-0e1b-46ce-9917-9fc6e05aa148,0.13,false,false,near_mint,en,EUR,2025-04-20T23:27:12.695Z
Appeal to Eirdu,ECL,Lorwyn Eclipsed,5,normal,common,1,110356,68ce9752-21f9-48e9-bf48-7f76f1cecbc5,0.02,false,false,near_mint,en,EUR,2026-01-25T20:47:46.804Z
Aquitect's Defenses,ECL,Lorwyn Eclipsed,44,normal,common,1,110799,9af9a907-fd2e-4ae0-ac7b-529074b79a14,0.05,false,false,near_mint,en,EUR,2026-01-25T20:47:46.739Z
Arashin Sunshield,TDM,Tarkir: Dragonstorm,3,normal,common,1,105168,dd7102d8-90b3-45a1-b66d-dcca469b1fb6,0.04,false,false,near_mint,en,EUR,2025-04-20T23:27:12.695Z
Arcane Signet,BLC,Bloomburrow Commander,127,normal,common,1,96215,28180667-cc1e-4f64-9a69-00425ef85ba0,0.38,false,false,near_mint,en,EUR,2025-11-06T20:40:57.429Z
Arcane Signet,ELD,Throne of Eldraine,331,normal,common,1,46040,84128e98-87d6-4c2f-909b-9435a7833e63,0.72,false,false,near_mint,es,EUR,2025-04-20T23:27:12.695Z
Arcane Signet,EOC,Edge of Eternities Commander,53,normal,common,1,107001,3d994115-378d-4685-a5dc-e448831da434,0.51,false,false,near_mint,en,EUR,2025-08-06T14:50:32.528Z
Armasaur Guide,FDN,Foundations,3,normal,common,2,101591,c80fc380-0499-4499-8a60-c43844c02c9b,0.04,false,false,near_mint,en,EUR,2025-04-20T23:27:12.695Z
Armored Armadillo,OTJ,Outlaws of Thunder Junction,3,normal,common,1,93094,263232df-69b8-4205-93ad-c724fe57ec11,0.14,false,false,near_mint,en,EUR,2025-10-27T10:57:33.331Z
Armored Kincaller,LCI,The Lost Caverns of Ixalan,174,normal,common,1,88834,b76a46a1-a63e-460a-98c5-699dd1c827aa,0.03,false,false,near_mint,en,EUR,2025-06-16T17:24:56.249Z
Ascendant Dustspeaker,SOS,Secrets of Strixhaven,8,normal,common,1,112702,de3de40b-a7ac-455e-add2-4e451b602d17,0.15,false,false,near_mint,es,EUR,2026-04-19T19:45:43.766Z
Asgardian Citadel,MSH,Marvel Super Heroes,258,normal,common,1,114013,d5f88c3d-b17b-46aa-a573-449350f95d46,0.14,false,false,near_mint,es,EUR,2026-06-20T00:03:25.265Z
Augury Owl,M11,Magic 2011,45,normal,common,1,21344,42b8b752-086c-4d7c-a0a2-e359819c550e,0.11,false,false,near_mint,en,EUR,2025-04-20T23:27:12.695Z
Auntie's Sentence,ECL,Lorwyn Eclipsed,85,normal,common,1,110856,e64bfe16-7362-4982-9136-1f4e0d335441,0.05,false,false,near_mint,en,EUR,2026-01-25T20:47:46.787Z
Auspicious Arrival,MKM,Murders at Karlov Manor,288,normal,common,1,90842,49598c0a-3b3c-42a2-9358-ff072de9d9f2,0.15,false,false,near_mint,en,EUR,2025-04-20T23:27:12.695Z
Auxiliary Boosters,EOE,Edge of Eternities,5,normal,common,2,107714,43706295-afd6-442c-8828-8cf978152701,0.13,false,false,near_mint,en,EUR,2025-08-02T12:05:52.876Z
Avatar Enthusiasts,TLA,Avatar: The Last Airbender,11,normal,common,1,108124,7292e5f2-d5a1-4e39-8f75-eba471819f04,0.08,false,false,near_mint,en,EUR,2025-11-26T15:34:18.488Z
Avishkar Raceway,DFT,Aetherdrift,249,normal,common,2,102894,08a6b378-c7fa-4226-a310-4ee7e550b4d6,0.12,false,false,near_mint,en,EUR,2025-04-20T23:27:12.695Z
Axgard Cavalry,FDN,Foundations,189,normal,common,2,101631,fe3cc41a-adae-4c9b-b4d3-03f3ca862fed,0.02,false,false,near_mint,en,EUR,2025-04-20T23:27:12.695Z
Axgard Cavalry,KHM,Kaldheim,121,normal,common,4,56789,2411c341-a470-4484-9248-7c1d3ca12978,0.07,false,false,near_mint,es,EUR,2025-04-20T23:27:12.695Z
Azorius Guildgate,C13,Commander 2013,275,normal,common,1,15111,093bdc0f-bf04-48d3-91d1-28bc8a0f25be,0.08,false,false,near_mint,es,EUR,2025-04-20T23:27:12.695Z
Azula Always Lies,TLA,Avatar: The Last Airbender,84,normal,common,1,108194,416b9207-a2af-44d1-9b87-4943f6e46d42,0.09,false,false,near_mint,en,EUR,2025-11-26T15:34:18.488Z
Azure Drake,M11,Magic 2011,46,normal,common,1,21343,6653bce7-b0fc-49e3-8f45-f0bfcade8870,0.08,false,false,near_mint,en,EUR,2025-04-20T23:27:12.695Z
Backup Agent,SNC,Streets of New Capenna,2,normal,common,3,67662,2a46af75-3880-4141-b26e-19834d67e7a8,0.06,false,false,near_mint,es,EUR,2025-04-20T23:27:12.695Z
Badgermole,TLA,Avatar: The Last Airbender,166,normal,common,1,108260,aabbd420-b7fc-496f-9168-bad823d51d9e,0.13,false,false,near_mint,en,EUR,2025-11-26T15:34:18.488Z
Bag End Porter,LTR,The Lord of the Rings: Tales of Middle-earth,153,normal,common,2,83427,b7557170-39a2-49df-823e-958c3eb34801,0.02,false,false,near_mint,es,EUR,2025-04-20T23:27:12.695Z
Bagel and Schmear,SPM,Marvel's Spider-Man,161,normal,common,1,108544,7f927f72-fc9b-444f-9e0e-78a5e8e7bcaa,0.02,false,false,near_mint,en,EUR,2025-09-30T23:51:40.191Z
Bake into a Pie,FDN,Foundations,169,normal,common,2,101494,2ab0e660-86a3-4b92-82fa-77dcb5db947d,0.08,false,false,near_mint,en,EUR,2025-04-20T23:27:12.695Z
Balamb T-Rexaur,FIN,Final Fantasy,173,normal,common,1,106456,e5857b1b-73bc-458e-b26b-7ed8bef785f3,0.08,false,false,near_mint,en,EUR,2025-06-18T14:09:45.764Z
Ballyrush Banneret,FDN,Foundations,567,normal,common,1,101003,b18a7daa-a112-4728-9123-594366694915,0.31,false,false,near_mint,es,EUR,2025-04-20T23:27:12.695Z
Banishing Betrayal,SOS,Secrets of Strixhaven,38,normal,common,2,111688,1ae9d2f3-7a9f-433a-aa1f-14337ae6f9d4,0.04,false,false,near_mint,en,EUR,2026-05-08T10:13:36.462Z
Banishing Light,EOE,Edge of Eternities,6,normal,common,1,107153,c45f11cd-a0aa-4d14-aa21-57f0969f3e2b,0.11,false,false,near_mint,en,EUR,2025-08-02T12:05:52.876Z
Banishing Light,FDN,Foundations,138,foil,common,1,101613,e38dc3b3-1629-491b-8afd-0e7a9a857713,0.13,false,false,near_mint,en,EUR,2025-04-20T23:27:12.695Z
Banishing Light,FDN,Foundations,138,normal,common,1,101613,e38dc3b3-1629-491b-8afd-0e7a9a857713,0.03,false,false,near_mint,en,EUR,2025-04-20T23:27:12.695Z
Barbed Bloodletter,ECL,Lorwyn Eclipsed,86,normal,common,1,110790,8ff1a13c-e338-42e9-8eb3-b303fabd67de,0.05,false,false,near_mint,en,EUR,2026-01-25T20:47:46.696Z
Bard's Bow,FIN,Final Fantasy,174,normal,common,1,106530,2ac03e90-1e16-453f-88e4-a0448db73403,0.05,false,false,near_mint,en,EUR,2025-06-18T14:09:45.764Z
Barrels of Blasting Jelly,TLA,Avatar: The Last Airbender,254,normal,common,1,108208,4fd83083-3779-41f0-90a0-a00e3270e4e6,0.08,false,false,near_mint,en,EUR,2025-11-26T15:34:18.488Z
Basilica Stalker,MKM,Murders at Karlov Manor,78,normal,common,3,91336,fdafea8f-283d-4f19-a74a-669bfbdfed98,0.02,false,false,near_mint,en,EUR,2025-04-20T23:27:12.695Z
Battle Hymn,AVR,Avacyn Restored,128,normal,common,1,18150,43b5d46e-7054-44f8-9a14-b412f2f0ab86,1.92,false,false,near_mint,en,EUR,2025-04-20T23:27:12.695Z
Beamsaw Prospector,EOE,Edge of Eternities,89,normal,common,2,107734,6f717a3f-c6db-4e8d-8b62-6361ab33d000,0.15,false,false,near_mint,en,EUR,2025-08-01T19:16:32.510Z
Bearer of Glory,TDM,Tarkir: Dragonstorm,4,normal,common,1,104365,d6d91e42-43db-428d-a4dd-ef9d40306314,0.04,false,false,near_mint,en,EUR,2025-04-20T23:27:12.695Z
Beast-Kin Ranger,FDN,Foundations,100,normal,common,1,100082,0102e0be-5783-4825-9489-713b1b1df0b2,0.04,false,false,near_mint,en,EUR,2025-04-20T23:27:12.695Z
Beau,TOTJ,Outlaws of Thunder Junction Tokens,6,normal,common,1,93926,f1751016-9461-4250-ac07-afe4f5b41095,1.07,false,false,near_mint,en,EUR,2025-10-27T10:57:33.331Z
"Beetle, Legacy Criminal",SPM,Marvel's Spider-Man,26,normal,common,1,107658,a194f930-c99f-4915-8a62-e20ab2b4ad1f,0.05,false,false,near_mint,en,EUR,2025-09-30T23:51:40.191Z
Bellowing Crier,BLB,Bloomburrow,42,normal,common,3,96119,ca2215dd-6300-49cf-b9b2-3a840b786c31,0.02,false,false,near_mint,es,EUR,2025-04-20T23:27:12.695Z
Benthic Criminologists,MKM,Murders at Karlov Manor,40,foil,common,1,90736,283b6b5a-acdf-4255-a294-0964d9c62686,0.05,false,false,near_mint,en,EUR,2025-04-20T23:27:12.695Z
Bestow Greatness,DFT,Aetherdrift,155,normal,common,1,103234,b6a5adee-3482-4c5b-9260-58efa8fec5ba,0.04,false,false,near_mint,en,EUR,2025-04-20T23:27:12.695Z
Bigfin Bouncer,FDN,Foundations,31,foil,common,1,100882,9b1d5b76-b07e-45c6-800d-4cfce085164f,0.09,false,false,near_mint,en,EUR,2025-04-20T23:27:12.695Z
Bigfin Bouncer,FDN,Foundations,31,normal,common,2,100882,9b1d5b76-b07e-45c6-800d-4cfce085164f,0.06,false,false,near_mint,en,EUR,2025-04-20T23:27:12.695Z
Biosynthic Burst,EOE,Edge of Eternities,173,normal,common,2,107732,6d73a4a8-5d52-4c12-a96a-45cd202bcc62,0.14,false,false,near_mint,en,EUR,2025-08-01T19:16:32.510Z
Bird,TFIN,Final Fantasy Tokens,16,normal,common,1,106716,1fbc471d-5948-47fc-b7cc-81cc13a4cd15,0.04,false,false,near_mint,en,EUR,2025-06-18T14:09:45.764Z
Birthday Escape,LTR,The Lord of the Rings: Tales of Middle-earth,43,normal,common,1,83034,42db2313-b13d-4292-bef2-bf86f989d32f,0.07,false,false,near_mint,en,EUR,2026-04-19T14:28:02.865Z
Bishop's Soldier,XLN,Ixalan,6,normal,common,1,4006,d954677c-2de6-440a-90d0-bab2e0c8b4af,0.08,false,false,near_mint,es,EUR,2025-04-20T23:27:12.695Z
Bite Down,DMU,Dominaria United,155,normal,common,1,71257,0eacd3de-b803-4322-8d88-d533761aa748,0.05,false,false,near_mint,es,EUR,2025-04-20T23:27:12.695Z
Bite Down,FDN,Foundations,212,foil,common,1,101625,f8d70b3b-f6f9-4b3c-ad70-0ce369e812b5,0.12,false,false,near_mint,en,EUR,2025-04-20T23:27:12.695Z
Bite Down,FDN,Foundations,212,normal,common,4,101625,f8d70b3b-f6f9-4b3c-ad70-0ce369e812b5,0.06,false,false,near_mint,en,EUR,2025-04-20T23:27:12.695Z
Bite Down on Crime,MKM,Murders at Karlov Manor,154,normal,common,2,90742,29bbfe93-8225-444c-835b-33ffa006ef66,0.07,false,false,near_mint,en,EUR,2025-04-20T23:27:12.695Z
Black Mage's Rod,FIN,Final Fantasy,90,normal,common,1,105591,35e8f140-055f-4fc7-a765-fb030d828214,0.28,false,false,near_mint,en,EUR,2025-06-18T14:09:45.764Z
Blacksnag Buzzard,OTJ,Outlaws of Thunder Junction,79,normal,common,1,93414,ef10b2ad-9b9b-4c5d-a2c7-3ce742224b50,0.02,false,false,near_mint,en,EUR,2025-10-27T10:57:33.331Z
Bladed Bracers,AVR,Avacyn Restored,213,normal,common,1,18065,897a5116-043c-46aa-880e-be8dcb1618bc,0.24,false,false,near_mint,en,EUR,2025-04-20T23:27:12.695Z
Blazing Bomb,FIN,Final Fantasy,130,normal,common,1,106573,70f47277-ca47-428a-808f-0fb32e820a71,0.04,false,false,near_mint,en,EUR,2025-06-18T14:09:45.764Z
Blight Keeper,XLN,Ixalan,92,normal,common,1,3920,3bcabe2d-82d2-4c1b-8f28-21dc29c9dbf2,0.08,false,false,near_mint,es,EUR,2025-04-20T23:27:12.695Z
Blight Rot,ECL,Lorwyn Eclipsed,89,normal,common,1,110748,5201bdeb-ba47-459b-ac0d-603367914578,0.09,false,false,near_mint,en,EUR,2026-01-25T20:47:46.803Z
Blighted Agent,NPH,New Phyrexia,29,normal,common,1,19856,cddaebde-a060-4510-8c97-68432d931987,1.29,false,false,near_mint,en,EUR,2025-04-20T23:27:12.695Z
Blighted Blackthorn,ECL,Lorwyn Eclipsed,90,normal,common,1,110719,3515531a-45d6-4fe0-96a3-7ca1ce545068,0.06,false,false,near_mint,en,EUR,2026-01-25T20:47:46.684Z
Blinding Souleater,PLST,The List,MM2-202,normal,common,2,47805,3e87c2cd-d849-4396-a8ba-0e914578ff30,0.1,false,false,near_mint,es,EUR,2025-04-20T23:27:12.695Z
Blitzball,FIN,Final Fantasy,254,normal,common,1,106723,92f4ad73-42bf-45c0-8bb6-0b44043c81ef,0.06,false,false,near_mint,en,EUR,2025-06-18T14:09:45.764Z
Blitzball Shot,FIN,Final Fantasy,176,normal,common,1,106417,ec8ab637-3d7d-4712-9f83-8920f808f715,0.06,false,false,near_mint,en,EUR,2025-06-18T14:09:45.764Z
Bloodfell Caves,DFT,Aetherdrift,251,normal,common,2,103022,49195d90-de0c-4290-aa1c-9f4d948b5521,0.04,false,false,near_mint,en,EUR,2025-04-20T23:27:12.695Z
Bloodfell Caves,FDN,Foundations,259,foil,common,1,100806,8b90dc92-cb66-41d9-89f9-2b6e3cfc8082,0.11,false,false,near_mint,en,EUR,2025-04-20T23:27:12.695Z
Bloodfell Caves,M21,Core Set 2021,243,normal,common,2,50827,5d89a0e2-1163-4a11-b0df-deef2e6c8108,0.04,false,false,near_mint,es,EUR,2025-04-20T23:27:12.695Z
Blooming Stinger,EOE,Edge of Eternities,174,normal,common,2,107705,2ee859bd-d99c-4b1d-9372-7ff4fc1e8c6a,0.1,false,false,near_mint,en,EUR,2025-08-01T19:16:32.510Z
Blossom Dryad,PLST,The List,XLN-178,normal,common,1,48210,31a892e5-ac50-40e7-ac30-3710ed0f8eee,0.08,false,false,near_mint,es,EUR,2025-04-20T23:27:12.695Z
Blossombind,ECL,Lorwyn Eclipsed,45,normal,common,1,110479,382b83c0-bbbc-4db8-bc04-cfea79aed1b3,0.07,false,false,near_mint,en,EUR,2026-01-25T20:47:46.761Z
Blossoming Sands,DFT,Aetherdrift,252,normal,common,1,103088,69949863-2510-4fe2-a815-0682beeb08a3,0.03,false,false,near_mint,en,EUR,2025-04-20T23:27:12.695Z
Blossoming Sands,FDN,Foundations,260,normal,common,1,100364,37676ed8-588c-4bca-8065-874b74d84807,0.08,false,false,near_mint,en,EUR,2025-04-20T23:27:12.695Z
Blossoming Sands,PLST,The List,C18-237,normal,common,10,47695,1e10cef4-355c-4c92-af8d-fcc9a1fa5065,0.07,false,false,near_mint,es,EUR,2025-04-20T23:27:12.695Z
Blossoming Sands,TDM,Tarkir: Dragonstorm,251,normal,common,1,104239,0a9df994-e0f4-4919-af99-4f643eb9199c,0.02,false,false,near_mint,en,EUR,2025-04-20T23:27:12.695Z
Bogslither's Embrace,ECL,Lorwyn Eclipsed,94,normal,common,1,110743,4beca2e7-9c6d-493b-b15f-69e483a8dfff,0.07,false,false,near_mint,en,EUR,2026-01-25T20:47:46.711Z
Bogwater Lumaret,SOS,Secrets of Strixhaven,177,normal,common,2,111650,7a42f51a-3377-47bb-b6fb-c0515bf1dcfb,0.12,false,false,near_mint,es,EUR,2026-04-19T19:45:43.734Z
Bojuka Bog,EOC,Edge of Eternities Commander,149,normal,common,1,107128,b0c6fb5e-07e2-4d22-be19-60592f00584a,0.95,false,false,near_mint,en,EUR,2025-08-06T14:50:32.528Z
Bombard,EOE,Edge of Eternities,129,normal,common,2,107698,29492df8-3077-4ded-a6e2-51d3bd4669b4,0.03,false,false,near_mint,en,EUR,2025-08-01T19:16:32.510Z
Boneyard Desecrator,OTJ,Outlaws of Thunder Junction,81,normal,common,1,93361,d43981b1-60c8-4896-8885-b07e73b99b30,0.04,false,false,near_mint,en,EUR,2025-10-27T10:57:33.331Z
Borderland Ranger,AVR,Avacyn Restored,169,normal,common,3,18109,8f067c26-c51d-44d0-a0af-106b5778f06a,0.03,false,false,near_mint,en,EUR,2025-04-20T23:27:12.695Z
Boros Guildgate,CM2,Commander Anthology Volume II,240,normal,common,1,1497,37b72bee-351a-4c06-9d42-cc2ae1241b45,0.08,false,false,near_mint,es,EUR,2025-04-20T23:27:12.695Z
Bot Bashing Time,TMT,Teenage Mutant Ninja Turtles,85,normal,common,1,111552,08b3af61-d516-45ca-aede-2f50ba23cb07,0.03,false,false,near_mint,en,EUR,2026-03-06T23:49:55.809Z
Bounce Off,DFT,Aetherdrift,39,normal,common,2,103545,7b3c8dda-2405-4879-8dd1-e790a833c42d,0.12,false,false,near_mint,en,EUR,2025-04-20T23:27:12.695Z
Brambleback Brute,ECL,Lorwyn Eclipsed,128,normal,common,1,110754,5ebb8365-c6e1-46e8-a242-6aa27b21e68a,0.06,false,false,near_mint,en,EUR,2026-01-25T20:47:46.752Z
Brave Brawler,MSH,Marvel Super Heroes,8,normal,common,1,113587,2242b5c3-42ef-4be0-a61f-65c93e56fcab,0.08,false,false,near_mint,es,EUR,2026-06-20T00:03:25.256Z
Bridled Bighorn,OTJ,Outlaws of Thunder Junction,7,normal,common,1,93438,fa7bf089-fa9b-4ffc-bf84-45cd51c76463,0.06,false,false,near_mint,en,EUR,2025-10-27T10:57:33.331Z
Brightfield Glider,DFT,Aetherdrift,4,foil,common,1,103128,7eb819eb-ba5c-4449-87b5-3894380558bc,0.04,false,false,near_mint,en,EUR,2025-04-20T23:27:12.695Z
Brightfield Glider,DFT,Aetherdrift,4,normal,common,1,103128,7eb819eb-ba5c-4449-87b5-3894380558bc,0.02,false,false,near_mint,en,EUR,2025-04-20T23:27:12.695Z
Brightfield Mustang,DFT,Aetherdrift,5,normal,common,3,103227,b2c7cacc-f15e-46c1-9c25-b567bb3e8680,0.03,false,false,near_mint,en,EUR,2025-04-20T23:27:12.695Z
Brightspear Zealot,EOE,Edge of Eternities,8,normal,common,1,107782,e7f7541a-5910-4f33-8c1d-3507ce3a426e,0.13,false,false,near_mint,en,EUR,2025-08-01T19:16:32.510Z
Bristlepack Sentry,OTJ,Outlaws of Thunder Junction,156,normal,common,1,93201,6aea6702-16a8-4073-9c83-fbea20a5fd32,0.12,false,false,near_mint,en,EUR,2025-10-27T10:57:33.331Z
Broadcast Rambler,DFT,Aetherdrift,6,normal,common,2,103563,89ce2385-e33d-47b3-96c8-5a4672d9df7c,0.02,false,false,near_mint,en,EUR,2025-04-20T23:27:12.695Z
Broken Wings,DFT,Aetherdrift,156,foil,common,1,103441,1d7d5b71-7c1b-4fc2-a5ec-7285e17ffe0f,0.06,false,false,near_mint,en,EUR,2025-04-20T23:27:12.695Z
Broken Wings,DFT,Aetherdrift,156,normal,common,2,103441,1d7d5b71-7c1b-4fc2-a5ec-7285e17ffe0f,0.03,false,false,near_mint,en,EUR,2025-04-20T23:27:12.695Z
Broken Wings,FDN,Foundations,214,normal,common,3,100584,61f9cbeb-cc9c-4562-be65-8a77053faefe,0.05,false,false,near_mint,en,EUR,2025-04-20T23:27:12.695Z
Broken Wings,ZNR,Zendikar Rising,181,normal,common,3,54736,c0fc2dfd-85b0-4add-be18-b39549235921,0.06,false,false,near_mint,es,EUR,2025-04-20T23:27:12.695Z
Brute Suit,NEO,Kamigawa: Neon Dynasty,241,normal,common,2,66866,363cb43a-e358-4380-a42f-9b095ca522c6,0.04,false,false,near_mint,es,EUR,2025-04-20T23:27:12.695Z
Bumi Bash,TLA,Avatar: The Last Airbender,125,normal,common,2,109571,e8895479-26cb-4ee8-98ca-6d46c43f0dbd,0.06,false,false,near_mint,en,EUR,2025-11-26T15:34:18.488Z
Burglar Rat,FDN,Foundations,170,normal,common,1,101608,de1c8758-ce3d-49cf-8173-c0eb46f5e7bc,0.07,false,false,near_mint,en,EUR,2025-04-20T23:27:12.695Z
Burn the Accursed,MID,Innistrad: Midnight Hunt,132,normal,common,2,63521,ff4d4e6b-564d-46da-8e32-09ed08c8ddc5,0.04,false,false,near_mint,es,EUR,2025-04-20T23:27:12.695Z
Burner Rocket,DFT,Aetherdrift,114,normal,common,2,103665,ecee6509-1103-4ae5-a2e7-0441f5d4a872,0.08,false,false,near_mint,en,EUR,2025-04-20T23:27:12.695Z
Burning Curiosity,ECL,Lorwyn Eclipsed,129,normal,common,2,110521,689ed288-6228-4d7e-b198-56a12b8be299,0.06,false,false,near_mint,en,EUR,2026-01-25T20:47:46.683Z
Burrog Barrage,SOS,Secrets of Strixhaven,141,normal,common,1,112647,95d5b0a8-2b66-418e-9e5e-ecf7b304c31e,0.13,false,false,near_mint,es,EUR,2026-04-19T19:45:43.748Z
Burrog Barrage,SOS,Secrets of Strixhaven,141,normal,common,2,112647,95d5b0a8-2b66-418e-9e5e-ecf7b304c31e,0.06,false,false,near_mint,en,EUR,2026-05-08T10:13:36.434Z
Burst Lightning,FDN,Foundations,192,normal,common,3,100994,aec5d380-d354-4750-931a-6c91853e2edc,0.15,false,false,near_mint,en,EUR,2025-04-20T23:27:12.695Z
Burst Lightning,MM2,Modern Masters 2015,109,normal,common,4,11108,f2e6428f-5c78-45f7-9bf9-eb4de63325d5,0.12,false,false,near_mint,es,EUR,2025-04-20T23:27:12.695Z
Bushwhack,FDN,Foundations,215,normal,common,3,101469,03ebdb36-55e0-49dd-a514-785fbeb4ae19,0.09,false,false,near_mint,en,EUR,2025-04-20T23:27:12.695Z
Buzz Bots,TMT,Teenage Mutant Ninja Turtles,32,normal,common,1,111484,7c375190-f81b-4ab1-a1b6-fe432796821f,0.05,false,false,near_mint,en,EUR,2026-03-06T23:49:55.857Z
Cabaretti Courtyard,EOC,Edge of Eternities Commander,151,normal,common,1,107154,c54ddd4e-f668-4ec8-b123-59afa977eba4,0.26,false,false,near_mint,en,EUR,2025-08-06T14:50:32.528Z
Cackling Prowler,FDN,Foundations,101,normal,common,1,101481,1bd8e971-c075-4203-8d83-c28f22d4f9b9,0.03,false,false,near_mint,en,EUR,2025-04-20T23:27:12.695Z
Call the Mountain Chocobo,FIN,Final Fantasy,131,normal,common,1,106633,b2e1986c-2852-4843-bdc4-eddb727ba3d4,0.05,false,false,near_mint,en,EUR,2025-06-18T14:09:45.764Z
Callous Inspector,TLA,Avatar: The Last Airbender,89,normal,common,2,109579,f22610e9-6b14-4914-bb67-bd6723bec9aa,0.08,false,false,near_mint,en,EUR,2025-11-26T15:34:18.488Z
Camera Launcher,DFT,Aetherdrift,232,normal,common,1,103580,968651db-92fb-46cd-acda-9e097668b7c9,0.03,false,false,near_mint,en,EUR,2025-04-20T23:27:12.695Z
Campus Guide,FDN,Foundations,251,normal,common,3,101504,43c59814-3167-4b05-bb85-6c736f3956a4,0.06,false,false,near_mint,en,EUR,2025-04-20T23:27:12.695Z
Cancel,M11,Magic 2011,48,normal,common,1,21341,6a6932af-c7e7-49e9-963e-97e680a53da5,0.11,false,false,near_mint,en,EUR,2025-04-20T23:27:12.695Z
Cancel,PLST,The List,KTK-33,normal,common,1,49047,c8153fad-8a06-46f3-8a5a-2d0d4841191a,0.12,false,false,near_mint,es,EUR,2025-04-20T23:27:12.695Z
Canyon Crawler,TLA,Avatar: The Last Airbender,90,normal,common,1,109668,30a30bfb-f0f3-425b-b37d-20079ee27046,0.08,false,false,near_mint,en,EUR,2025-11-26T15:34:18.488Z
Carrot Cake,BLB,Bloomburrow,7,normal,common,2,95636,eb03bb4f-8b4b-417e-bfc6-294cd2186b2e,0.11,false,false,near_mint,es,EUR,2025-04-20T23:27:12.695Z
Cast into the Fire,LTR,The Lord of the Rings: Tales of Middle-earth,118,normal,common,1,82962,2ef878cb-27b6-47d8-ad11-bd20529b0e7e,0.62,false,false,near_mint,es,EUR,2025-04-20T23:27:12.695Z
Cathar Commando,FDN,Foundations,139,normal,common,1,100204,19cf024d-edb6-4a79-8676-73f8db0cdf1f,0.08,false,false,near_mint,en,EUR,2025-04-20T23:27:12.695Z
Cathedral Sanctifier,AVR,Avacyn Restored,11,normal,common,2,18267,76cac47a-9e83-4039-8d80-fa9bdadb7527,0.14,false,false,near_mint,en,EUR,2025-04-20T23:27:12.695Z
Caustic Exhale,TDM,Tarkir: Dragonstorm,74,normal,common,1,104284,488152ce-2048-4ccb-b2d6-b9628958286f,0.1,false,false,near_mint,en,EUR,2025-04-20T23:27:12.695Z
Cavern Stomper,LCI,The Lost Caverns of Ixalan,177,normal,common,2,88957,decdfd6b-55ab-47fd-9f98-1845261f1caf,0.02,false,false,near_mint,en,EUR,2025-06-16T17:24:56.249Z
Cerebral Confiscation,MKM,Murders at Karlov Manor,81,normal,common,1,90804,3c3c3d15-b775-44a2-91ea-4abcc3cf2dba,0.1,false,false,near_mint,en,EUR,2025-06-16T17:24:56.249Z
Chained Throatseeker,NPH,New Phyrexia,30,normal,common,1,19855,3a7bb447-c2b0-429e-bf82-02d6a966fe73,0.14,false,false,near_mint,en,EUR,2025-04-20T23:27:12.695Z
Champion of Dusan,TDM,Tarkir: Dragonstorm,137,normal,common,1,105164,c51dcdab-38ee-4804-8859-09adc353c182,0.06,false,false,near_mint,en,EUR,2025-04-20T23:27:12.695Z
Changeling Wayfinder,ECL,Lorwyn Eclipsed,1,normal,common,1,110764,6c6061aa-a4da-4115-85b6-d0aa22f2386c,0.08,false,false,near_mint,en,EUR,2026-01-25T20:47:46.738Z
Chaos Spewer,ECL,Lorwyn Eclipsed,210,normal,common,1,110599,b5918fa5-1d13-447b-8838-633b6b61e791,0.08,false,false,near_mint,en,EUR,2026-01-25T20:47:46.678Z
Charmed Sleep,ELD,Throne of Eldraine,40,normal,common,2,46298,f1f97d9e-650b-4b69-8733-d80c8e0f723f,0.1,false,false,near_mint,es,EUR,2025-04-20T23:27:12.695Z
Chase Inspiration,SOS,Secrets of Strixhaven,41,normal,common,2,112562,06f9f257-c7ef-44b7-8b2b-f038fba900af,0.16,false,false,near_mint,es,EUR,2026-04-19T19:45:43.788Z
Chase Inspiration,SOS,Secrets of Strixhaven,41,normal,common,1,112562,06f9f257-c7ef-44b7-8b2b-f038fba900af,0.04,false,false,near_mint,en,EUR,2026-05-08T10:13:36.549Z
Cheerful Osteomancer // Raise Dead,SOS,Secrets of Strixhaven,76,normal,common,1,112596,3c34660c-25e3-4ff5-9b2b-5554ded2bcc3,0.1,false,false,near_mint,en,EUR,2026-05-08T10:13:36.506Z
Chitinous Graspling,ECL,Lorwyn Eclipsed,211,normal,common,1,110810,a9767360-d536-4902-9d2d-1f3474ce89d6,0.06,false,false,near_mint,en,EUR,2026-01-25T20:47:46.768Z
Chocobo Kick,FIN,Final Fantasy,178,normal,common,1,106698,ff8c8be0-8223-499c-8704-cb68e0a42ce2,0.09,false,false,near_mint,en,EUR,2025-06-18T14:09:45.764Z
Chomping Kavu,MOM,March of the Machine,179,normal,common,2,81325,31c249d9-37c0-451d-866b-e834c4c57214,0.15,false,false,near_mint,es,EUR,2025-04-20T23:27:12.695Z
Chrome Companion,EOE,Edge of Eternities,236,normal,common,2,107088,8ef269a0-1cb9-4901-81e6-43db3ae3756c,0.13,false,false,near_mint,en,EUR,2025-08-01T19:16:32.510Z
Cinder Strike,ECL,Lorwyn Eclipsed,131,normal,common,2,110767,6fb6faa4-236c-4cae-9140-0981c44d2392,0.07,false,false,near_mint,en,EUR,2026-01-25T20:47:46.695Z
City Pigeon,SPM,Marvel's Spider-Man,4,normal,common,1,108442,56d67fb4-5b23-432c-9ffb-39545035c117,0.07,false,false,near_mint,en,EUR,2025-09-30T23:51:40.191Z
Claim the Precious,LTR,The Lord of the Rings: Tales of Middle-earth,81,normal,common,1,82862,121c12c4-83ea-463e-8fdf-30718968a2bd,0.1,false,false,near_mint,en,EUR,2026-04-19T14:28:02.874Z
Clamorous Ironclad,DFT,Aetherdrift,117,normal,common,2,103013,4701da52-b9c8-4ce9-9d57-53e10899f19d,0.07,false,false,near_mint,en,EUR,2025-04-20T23:27:12.695Z
Cloudbound Moogle,FIN,Final Fantasy,11,normal,common,1,106283,7387bca7-f496-45da-a0ac-6be049303a8f,0.08,false,false,near_mint,en,EUR,2025-06-18T14:09:45.764Z
Cloudsculpt Technician,EOE,Edge of Eternities,49,normal,common,2,107718,51077a54-15cf-4088-8e84-088d72e8e861,0.11,false,false,near_mint,en,EUR,2025-08-01T19:16:32.510Z
Cold Case Cracker,MKM,Murders at Karlov Manor,46,normal,common,1,91300,f082111b-9b1c-4a25-8c5d-d6ef77533a9b,0.1,false,false,near_mint,en,EUR,2025-04-20T23:27:12.695Z
Collision Course,DFT,Aetherdrift,10,normal,common,1,103526,6b60da34-b622-42de-a249-79545bcbf30d,0.07,false,false,near_mint,en,EUR,2025-04-20T23:27:12.695Z
Combat Tutorial,FIN,Final Fantasy,48,normal,common,1,106679,ec195607-ac30-4931-acfd-f9d8ac8b047f,0.06,false,false,near_mint,en,EUR,2025-06-18T14:09:45.764Z
Comet Crawler,EOE,Edge of Eternities,92,normal,common,1,107766,becca990-ab2e-4aa4-be7d-293ec727cb08,0.14,false,false,near_mint,en,EUR,2025-08-02T12:05:52.876Z
Command Bridge,EOE,Edge of Eternities,252,normal,common,2,106926,247670d2-a7cd-4ed7-9c77-704c7962b815,0.13,false,false,near_mint,en,EUR,2025-08-01T19:16:32.510Z
Command Tower,BLC,Bloomburrow Commander,130,normal,common,1,96318,63a39996-48b7-42bb-9759-a42382ee0468,0.24,false,false,near_mint,en,EUR,2025-11-06T20:40:57.429Z
Command Tower,ELD,Throne of Eldraine,333,normal,common,1,46038,ec1f1041-f667-4b73-b1f2-e5bcae84095e,0.56,false,false,near_mint,es,EUR,2025-04-20T23:27:12.695Z
Command Tower,EOC,Edge of Eternities Commander,59,normal,common,1,107080,85eb4b03-305b-45a4-82e5-5fcd586cc744,0.2,false,false,near_mint,en,EUR,2025-08-06T14:50:32.528Z
Command Tower,FDC,Foundations Commander,3,foil,common,1,100615,667b6c3b-75cc-4adf-b205-80925ca76d2a,1.11,false,false,near_mint,en,EUR,2025-04-20T23:27:12.695Z
Common Crook,SPM,Marvel's Spider-Man,53,normal,common,1,108535,6f5872df-e692-44aa-b18d-22447f5f274c,0.06,false,false,near_mint,en,EUR,2025-09-30T23:51:40.191Z
Commune with Beavers,FIN,Final Fantasy,182,normal,common,1,105641,784287c2-43c5-4210-93ae-cdd33b9acb1b,0.1,false,false,near_mint,en,EUR,2025-06-18T14:09:45.764Z
Compassionate Healer,TLA,Avatar: The Last Airbender,13,normal,common,1,109483,88d5f8fd-d4de-4e64-9b74-e53719ffbcdc,0.07,false,false,near_mint,en,EUR,2025-11-26T15:34:18.488Z
Consuming Ashes,OTJ,Outlaws of Thunder Junction,83,normal,common,2,93165,54f96be9-60fc-4e2f-9172-4cc53c9a095a,0.03,false,false,near_mint,en,EUR,2025-10-27T10:57:33.331Z
Contract Killing,XLN,Ixalan,95,normal,common,1,3917,d1f20feb-b1ed-4d80-bef9-f3cc44ffb7b0,0.08,false,false,near_mint,es,EUR,2025-04-20T23:27:12.695Z
Cooped Up,WOE,Wilds of Eldraine,8,normal,common,3,85552,8acb8758-09c5-4e19-ada1-904e36ece1fc,0.1,false,false,near_mint,es,EUR,2025-04-20T23:27:12.695Z
Copper Carapace,MBS,Mirrodin Besieged,102,normal,common,1,20039,60ccb013-4641-400f-a035-86030ac55582,0.02,false,false,near_mint,en,EUR,2025-04-20T23:27:12.695Z
Copy,TSOS,Secrets of Strixhaven Tokens,1,normal,common,1,112610,4e119457-948d-4ef8-8c27-59fa675f766f,,false,false,near_mint,en,EUR,2026-07-20T10:08:18.036Z
Copy,TTLA,Avatar: The Last Airbender Tokens,1,normal,common,1,109938,2b3d7795-3fc3-4b78-bdf4-0a79981f1eee,,false,false,near_mint,en,EUR,2025-11-26T15:34:18.488Z
Corrupted Conviction,OTJ,Outlaws of Thunder Junction,84,normal,common,1,93235,8046f892-3317-4ef7-9cf7-97b9060540c8,0.25,false,false,near_mint,en,EUR,2025-10-27T10:57:33.331Z
Cost of Brilliance,SOS,Secrets of Strixhaven,77,normal,common,1,112594,3a46816b-9f75-4c72-9ec6-cded6a4a0d01,0.15,false,false,near_mint,es,EUR,2026-04-19T19:45:43.756Z
Cost of Brilliance,SOS,Secrets of Strixhaven,77,normal,common,1,112594,3a46816b-9f75-4c72-9ec6-cded6a4a0d01,0.02,false,false,near_mint,en,EUR,2026-05-08T10:13:36.463Z
Costly Plunder,PLST,The List,XLN-96,normal,common,1,48752,2ad01565-73f5-4687-8486-ea175526394b,0.22,false,false,near_mint,es,EUR,2025-04-20T23:27:12.695Z
Courageous Goblin,FDN,Foundations,82,normal,common,2,101566,8db6819c-666a-409d-85a5-b9ac34d8dd2f,0.04,false,false,near_mint,en,EUR,2025-04-20T23:27:12.695Z
Crackling Cyclops,FDN,Foundations,83,normal,common,4,101541,6e5b899a-52f7-471b-ad50-4fa6566758fd,0.12,false,false,near_mint,en,EUR,2025-04-20T23:27:12.695Z
Crackling Cyclops,FDN,Foundations,83,normal,common,2,101541,6e5b899a-52f7-471b-ad50-4fa6566758fd,0.12,false,false,near_mint,es,EUR,2025-04-20T23:27:12.695Z
Crash and Burn,DFT,Aetherdrift,119,normal,common,1,103467,339a41a1-b36f-4b81-b74c-220d279c0e26,0.06,false,false,near_mint,en,EUR,2025-04-20T23:27:12.695Z
Crash the Ramparts,XLN,Ixalan,182,normal,common,1,3830,20b52d17-7efb-4c6e-9e6a-4763d1ef1daa,0.14,false,false,near_mint,es,EUR,2025-04-20T23:27:12.695Z
Crash Through,PLST,The List,M19-133,normal,common,1,48461,32ad0b34-fcf6-4d0d-adf6-c592a5727b89,0.2,false,false,near_mint,es,EUR,2025-04-20T23:27:12.695Z
Crippling Chill,MM3,Modern Masters 2017,34,normal,common,2,6179,53f73e5f-6228-494f-b74e-aca3520dc2b2,0.07,false,false,near_mint,es,EUR,2025-04-20T23:27:12.695Z
Crossroads Village,FIN,Final Fantasy,276,normal,common,1,106561,64db46d4-f91f-49cc-971c-b8e19f0c4ea9,0.08,false,false,near_mint,en,EUR,2025-06-18T14:09:45.764Z
Crossroads Watcher,ECL,Lorwyn Eclipsed,173,normal,common,1,110359,6d62fcbb-f1a0-46ce-a4af-2a33bcc3ac8e,0.05,false,false,near_mint,en,EUR,2026-01-25T20:47:46.755Z
Crowd-Control Warden,MKM,Murders at Karlov Manor,193,normal,common,1,91215,cdf0578f-4966-4ecd-81e1-83ae13126f13,0.08,false,false,near_mint,en,EUR,2025-06-16T17:24:56.249Z
Cruel Truths,TDM,Tarkir: Dragonstorm,76,normal,common,1,104308,6852b4d5-74e0-44ba-ba44-20aa91e3c4c8,0.06,false,false,near_mint,en,EUR,2025-04-20T23:27:12.695Z
Crusader of Odric,2XM,Double Masters,13,normal,common,1,52184,b81e6aaa-aea4-4187-a4ca-fbbea0d10c7d,0.07,false,false,near_mint,es,EUR,2025-04-20T23:27:12.695Z
Crustacean Commando,TMT,Teenage Mutant Ninja Turtles,33,normal,common,2,111496,9528cc07-df4b-417f-ad65-c2fae6fc2d49,0.04,false,false,near_mint,en,EUR,2026-03-06T23:49:55.787Z
Cryogen Relic,EOE,Edge of Eternities,52,normal,common,3,107466,7bfb33b6-e2bf-498f-8c58-ae21a840cf75,0.62,false,false,near_mint,en,EUR,2025-08-01T19:16:32.510Z
Cryoshatter,EOE,Edge of Eternities,53,normal,common,1,107738,7b62b1e2-9e43-4a66-a647-7e5de2871f2a,0.14,false,false,near_mint,en,EUR,2025-08-02T12:05:52.876Z
Crypt Creeper,AVR,Avacyn Restored,91,normal,common,1,18187,0382cb94-0836-4e23-99b7-034faa363203,0.07,false,false,near_mint,es,EUR,2025-04-20T23:27:12.695Z
Crypt Feaster,FDN,Foundations,59,normal,common,2,100382,3b072811-998a-4a71-b59c-6afecc0dc4b6,0.02,false,false,near_mint,en,EUR,2025-04-20T23:27:12.695Z
Cultivate,EOC,Edge of Eternities Commander,95,normal,common,1,107071,7ee610ee-7711-4a6b-b441-d6c73e6ef2b4,0.48,false,false,near_mint,en,EUR,2025-08-06T14:50:32.528Z
Cycle of Renewal,TLA,Avatar: The Last Airbender,170,normal,common,1,109398,233f4a05-057b-48f4-8f56-8d4a060a40e4,0.11,false,false,near_mint,en,EUR,2025-11-26T15:34:18.488Z
Daily Bugle Reporters,SPM,Marvel's Spider-Man,6,normal,common,1,107633,530dbeb0-b0cd-473e-a43e-7b23c88650a3,0.05,false,false,near_mint,en,EUR,2025-09-30T23:51:40.191Z
Dance of the Tumbleweeds,OTJ,Outlaws of Thunder Junction,160,normal,common,1,93345,caf0e715-befb-4904-82e6-d3f8c7fbd454,0.1,false,false,near_mint,en,EUR,2025-10-27T10:57:33.331Z
Daring Mechanic,DFT,Aetherdrift,11,normal,common,2,103466,3382552c-2740-409a-83a1-80b60627beb8,0.03,false,false,near_mint,en,EUR,2025-04-20T23:27:12.695Z
Daring Thunder-Thief,OTJ,Outlaws of Thunder Junction,41,normal,common,1,93310,b41a2bf7-248c-4f8b-92ec-3010d276cb59,0.03,false,false,near_mint,en,EUR,2025-10-27T10:57:33.331Z
Dark Endurance,EOE,Edge of Eternities,93,normal,common,2,107790,fac87b49-a0cd-42d5-b30a-efc6d5526fc3,0.07,false,false,near_mint,en,EUR,2025-08-01T19:16:32.510Z
Dark Maze,HML,Homelands,25b,normal,common,1,39270,d3d68a76-c843-4c67-90a7-2f79295798d0,0.08,false,false,near_mint,en,EUR,2025-06-16T17:24:56.249Z
Dauntless Survivor,ZNR,Zendikar Rising,184,normal,common,4,54548,52b1b4a2-52a7-4fcd-aa96-f7d9e459657b,0.03,false,false,near_mint,es,EUR,2025-04-20T23:27:12.695Z
Dawn's Light Archer,ECL,Lorwyn Eclipsed,174,normal,common,1,110771,76e80656-6bcb-4d99-8bd2-ca5f75f40daf,0.05,false,false,near_mint,en,EUR,2026-01-25T20:47:46.785Z
Dazzling Angel,FDN,Foundations,9,normal,common,1,101468,027dc444-e544-4693-8653-3dcdda530162,0.09,false,false,near_mint,en,EUR,2025-04-20T23:27:12.695Z
Deadeye Duelist,OTJ,Outlaws of Thunder Junction,119,normal,common,1,93403,e9a50b7a-8741-4520-8d45-8e6b128c2628,0.02,false,false,near_mint,en,EUR,2025-10-27T10:57:33.331Z
Deadly Precision,TLA,Avatar: The Last Airbender,95,normal,common,1,109422,4661daf6-d960-4278-8946-70948efaf99d,0.07,false,false,near_mint,en,EUR,2025-11-26T15:34:18.488Z
Deathless Pilot,DFT,Aetherdrift,82,normal,common,1,103655,e704fb95-17b7-432a-831c-18abe7d9cc73,0.08,false,false,near_mint,en,EUR,2025-04-20T23:27:12.695Z
Decode Transmissions,EOE,Edge of Eternities,94,normal,common,2,107166,cecb4936-14ca-49f9-b209-6519cab54b30,0.09,false,false,near_mint,en,EUR,2025-08-01T19:16:32.510Z
Deduce,MKM,Murders at Karlov Manor,52,normal,common,1,90996,7cbb17af-e17e-438a-ad72-0c942e6706b6,0.06,false,false,near_mint,en,EUR,2025-04-20T23:27:12.695Z
Defang,AVR,Avacyn Restored,15,normal,common,2,18263,f12fee0b-c237-4188-a718-1572f72c63ba,0.04,false,false,near_mint,en,EUR,2025-04-20T23:27:12.695Z
Defenestrated Phantom,MKM,Murders at Karlov Manor,11,normal,common,1,91037,8b284304-c3bf-4413-9fd3-b44eb4eb642a,0.03,false,false,near_mint,en,EUR,2025-04-20T23:27:12.695Z
Delta Bloodflies,TDM,Tarkir: Dragonstorm,77,normal,common,1,104457,119bb72d-aed9-47dc-9285-7bc836cc3776,0.02,false,false,near_mint,en,EUR,2025-04-20T23:27:12.695Z
Deluge Virtuoso,SOS,Secrets of Strixhaven,42,normal,common,1,112222,2e3b16ed-8727-48fd-8b1f-c0cbd329385e,0.02,false,false,near_mint,en,EUR,2026-05-08T10:13:36.534Z
Demand Answers,MKM,Murders at Karlov Manor,122,normal,common,1,91286,eca092fc-7c67-4a73-989e-5297bbaaea76,0.29,false,false,near_mint,en,EUR,2025-04-20T23:27:12.695Z
Demand Answers,MKM,Murders at Karlov Manor,306,normal,common,1,90744,2a35d1cb-5a61-49b7-a124-e8713655e4c3,0.33,false,false,near_mint,en,EUR,2025-06-16T17:24:56.249Z
Dementia Bat,NPH,New Phyrexia,55,normal,common,1,19830,72ae22c3-2dea-463e-894a-188657849909,0.14,false,false,near_mint,en,EUR,2025-04-20T23:27:12.695Z
Depressurize,EOE,Edge of Eternities,95,normal,common,1,107697,25520d5a-1a83-42cc-8ace-8b1156019d64,0.15,false,false,near_mint,en,EUR,2025-08-01T19:16:32.510Z
Deserter's Disciple,TLA,Avatar: The Last Airbender,131,normal,common,2,108164,14f2ed5a-042b-4cce-82ad-cfb4bd511d98,0.06,false,false,near_mint,en,EUR,2025-11-26T15:34:18.488Z
Desperate Bloodseeker,OTJ,Outlaws of Thunder Junction,86,normal,common,1,93295,a59da027-b5dd-4920-b3a1-9da05fcb1977,0.08,false,false,near_mint,en,EUR,2025-10-27T10:57:33.331Z
Desperate Castaways,PLST,The List,XLN-101,normal,common,1,48731,b00721f9-1519-4524-92e2-d146b7ed12bb,0.04,false,false,near_mint,es,EUR,2025-04-20T23:27:12.695Z
Dig Site Inventory,SOS,Secrets of Strixhaven,10,normal,common,1,112707,e52464ee-df8b-41ec-af93-4b0eb004383e,0.1,false,false,near_mint,en,EUR,2026-05-08T10:13:36.552Z
Dimension X,TMT,Teenage Mutant Ninja Turtles,183,normal,common,1,111558,1c244fc2-70f0-4149-b0d2-d49fc6bac2b0,0.05,false,false,near_mint,en,EUR,2026-03-06T23:49:55.846Z
Dimir Guildgate,GTC,Gatecrash,241,normal,common,1,16583,4951bf75-1a88-4c85-b4e9-063d84f1dabf,0.18,false,false,near_mint,es,EUR,2025-04-20T23:27:12.695Z
Diplomatic Relations,EOE,Edge of Eternities,177,normal,common,1,107778,e0a104c5-61fb-4733-97ab-a31a15a49443,0.14,false,false,near_mint,en,EUR,2025-08-01T19:16:32.510Z
Dirgur Island Dragon // Skimming Strike,TDM,Tarkir: Dragonstorm,40,normal,common,1,104342,b1d21a9a-6b0c-4fbc-a427-81be885d326b,0.04,false,false,near_mint,en,EUR,2025-04-20T23:27:12.695Z
Disenchant,PLST,The List,M20-14,normal,common,1,49277,239932a9-13fc-4e94-8b05-9d58795a0bcf,0.15,false,false,near_mint,es,EUR,2025-04-20T23:27:12.695Z
Dismal Backwater,FDN,Foundations,261,foil,common,1,101220,dbb0df36-8467-4a41-8e1c-6c3584d4fd10,0.05,false,false,near_mint,en,EUR,2025-04-20T23:27:12.695Z
Dismal Backwater,FDN,Foundations,261,normal,common,1,101220,dbb0df36-8467-4a41-8e1c-6c3584d4fd10,0.09,false,false,near_mint,en,EUR,2025-04-20T23:27:12.695Z
Dismal Backwater,PLST,The List,KTK-232,normal,common,2,47691,a01d98d3-a999-414b-8f29-636cacd8019b,0.19,false,false,near_mint,es,EUR,2025-04-20T23:27:12.695Z
Dismal Backwater,TDM,Tarkir: Dragonstorm,254,normal,common,1,104238,082b52c9-c46e-44d3-b723-546ba528e07b,0.02,false,false,near_mint,en,EUR,2025-04-20T23:27:12.695Z
Dispelling Exhale,TDM,Tarkir: Dragonstorm,41,foil,common,1,104477,1c9af3f1-711e-42ae-803a-1100eba3fb13,0.23,false,false,near_mint,en,EUR,2025-04-20T23:27:12.695Z
Dispelling Exhale,TDM,Tarkir: Dragonstorm,41,normal,common,1,104477,1c9af3f1-711e-42ae-803a-1100eba3fb13,0.12,false,false,near_mint,en,EUR,2025-04-20T23:27:12.695Z
Disturbed Slumber,LCI,The Lost Caverns of Ixalan,182,normal,common,1,88441,4404b8d6-3673-4d82-b9ed-d28e9b54e1f6,0.03,false,false,near_mint,en,EUR,2025-06-16T17:24:56.249Z
Dive Down,XLN,Ixalan,53,normal,common,1,3959,b33e493e-1aef-43b3-9716-52158b002430,0.21,false,false,near_mint,es,EUR,2025-04-20T23:27:12.695Z
Divert Disaster,EOE,Edge of Eternities,55,normal,common,2,107770,c5f7d2fe-628b-4493-8281-0e5f91ce5d61,0.14,false,false,near_mint,en,EUR,2025-08-01T19:16:32.510Z
Djinn of Fool's Fall,OTJ,Outlaws of Thunder Junction,43,normal,common,1,93146,48bfc6af-c651-485e-a1cc-f9d00aeaf812,0.05,false,false,near_mint,en,EUR,2025-10-27T10:57:33.331Z
Doc Ock's Henchmen,SPM,Marvel's Spider-Man,30,normal,common,1,107659,a383c442-3f4a-4115-97e4-23f0eb88465b,0.06,false,false,near_mint,en,EUR,2025-09-30T23:51:40.191Z
"Doc Ock, Sinister Scientist",SPM,Marvel's Spider-Man,29,normal,common,2,107678,de16ad65-c8c3-48c0-9d13-5af91b4e6f01,0.07,false,false,near_mint,en,EUR,2025-09-30T23:51:40.191Z
Dockworker Drone,EOE,Edge of Eternities,11,normal,common,2,107784,eeff069f-427b-42ad-afb1-36f0e547fb74,0.11,false,false,near_mint,en,EUR,2025-08-01T19:16:32.510Z
Dog Walker,MKM,Murders at Karlov Manor,197,normal,common,3,91102,a6e0adb7-a030-4dcc-9284-cd91c7598a22,0.04,false,false,near_mint,en,EUR,2025-04-20T23:27:12.695Z
"Donatello, Turtle Techie",TMT,Teenage Mutant Ninja Turtles,37,normal,common,2,111475,683cfef0-f164-4db8-b83f-79eb804e50ae,0.04,false,false,near_mint,en,EUR,2026-03-06T23:49:55.775Z
Doom Blade,M11,Magic 2011,95,normal,common,2,21294,685a74bb-f158-4d0e-b840-222ecbf107d4,0.09,false,false,near_mint,es,EUR,2025-04-20T23:27:12.695Z
Dragon Fodder,PLST,The List,GNT-39,normal,common,2,48445,2b1c0405-bfcd-4c5f-ab74-50bc27271377,0.12,false,false,near_mint,es,EUR,2025-04-20T23:27:12.695Z
Dragon's Prey,TDM,Tarkir: Dragonstorm,79,normal,common,1,104754,7a6004ff-4180-4332-8b51-960f8c7521d9,0.03,false,false,near_mint,en,EUR,2025-04-20T23:27:12.695Z
Dragonback Lancer,TDM,Tarkir: Dragonstorm,9,normal,common,1,104235,0200a8c5-3293-48d0-a523-ba148680f588,0.05,false,false,near_mint,en,EUR,2025-04-20T23:27:12.695Z
Dragonstorm Globe,TDM,Tarkir: Dragonstorm,241,normal,common,2,104767,7f50aa6e-ce6a-4479-9725-202926245f2c,0.07,false,false,near_mint,en,EUR,2025-04-20T23:27:12.695Z
Dragoon's Wyvern,FIN,Final Fantasy,49,normal,common,1,105729,d92bce20-308e-4841-aaf8-8e20698292e7,0.04,false,false,near_mint,en,EUR,2025-06-18T14:09:45.764Z
Dramatic Accusation,MKM,Murders at Karlov Manor,294,normal,common,1,90738,28bff30e-c25c-4d89-8fbe-1a9effe63ba7,0.05,false,false,near_mint,en,EUR,2025-04-20T23:27:12.695Z
Dreadful as the Storm,LTR,The Lord of the Rings: Tales of Middle-earth,48,normal,common,1,83425,b6e0b4ff-85b5-485f-a78f-1a58bb343238,0.05,false,false,near_mint,en,EUR,2026-04-19T14:28:02.875Z
Dreadwaters,AVR,Avacyn Restored,49,normal,common,1,18229,88245a41-d4d5-46bf-969f-48d4dd540e2c,0.05,false,false,near_mint,en,EUR,2025-04-20T23:27:12.695Z
Dream Seizer,ECL,Lorwyn Eclipsed,101,normal,common,1,110321,3573f425-9251-4c17-9619-15278ce5d8fb,0.06,false,false,near_mint,en,EUR,2026-01-25T20:47:46.737Z
Dreams of Laguna,FIN,Final Fantasy,50,normal,common,1,106292,ba752243-2727-4b8a-8e21-e70becfd4ff3,0.02,false,false,near_mint,en,EUR,2025-06-18T14:09:45.764Z
Drill Too Deep,EOE,Edge of Eternities,133,normal,common,1,107760,b9d3b6e8-47c8-49e3-b204-8b659e127bde,0.07,false,false,near_mint,en,EUR,2025-08-02T12:05:52.876Z
Driver of the Dead,PLST,The List,CN2-133,normal,common,1,48716,ab352bb4-06bb-4265-bb4f-f0a2a965b585,0.07,false,false,near_mint,es,EUR,2025-04-20T23:27:12.695Z
Drix Fatemaker,EOE,Edge of Eternities,178,normal,common,1,107381,1beb7566-305e-4091-bdc4-cf4c789ac05a,0.18,false,false,near_mint,en,EUR,2025-08-01T19:16:32.510Z
Druid of the Spade,BLB,Bloomburrow,170,normal,common,3,96054,6b485cf7-bad0-4824-9ba7-cb112ce4769f,0.07,false,false,near_mint,es,EUR,2025-04-20T23:27:12.695Z
Due Diligence,MKM,Murders at Karlov Manor,14,normal,common,2,90630,076d9f76-a247-4727-9e0f-a0289c51059e,0.07,false,false,near_mint,en,EUR,2025-04-20T23:27:12.695Z
Dunland Crebain,LTR,The Lord of the Rings: Tales of Middle-earth,411,normal,common,2,83634,f1b90963-2a4c-4e0a-9d00-5d3df258c880,0.07,false,false,near_mint,es,EUR,2025-04-20T23:27:12.695Z
Duress,PLST,The List,EMA-86,normal,common,1,48712,e3845911-37e1-44af-b270-bbcae21bdc61,0.17,false,false,near_mint,es,EUR,2025-04-20T23:27:12.695Z
Dusyut Earthcarver,TDM,Tarkir: Dragonstorm,141,normal,common,1,104352,b98ecc96-f557-479a-8685-2b5487d5b407,19.59,false,false,near_mint,en,EUR,2025-04-20T23:27:12.695Z
Dwarven Castle Guard,FIN,Final Fantasy,18,normal,common,1,106454,e17c0d27-e88d-4ba9-acbb-3f916cee3d7e,0.04,false,false,near_mint,en,EUR,2025-06-18T14:09:45.764Z
Dwynen's Elite,FDN,Foundations,218,normal,common,1,100800,89d94c28-ea2e-4a3d-935f-6b2d9f2efc7a,0.03,false,false,near_mint,en,EUR,2025-04-20T23:27:12.695Z
Dynamite Diver,DFT,Aetherdrift,123,normal,common,2,103508,5a4f96f6-dd91-4357-ae19-1c35db2c2bcb,0.09,false,false,near_mint,en,EUR,2025-04-20T23:27:12.695Z
Dúnedain Blade,LTR,The Lord of the Rings: Tales of Middle-earth,6,normal,common,1,83014,3d5f92bf-e4e7-487a-834c-964fdd6ad674,0.06,false,false,near_mint,es,EUR,2025-04-20T23:27:12.695Z
Eager Glyphmage,SOS,Secrets of Strixhaven,11,normal,common,1,112507,bf736de9-9bc4-49df-ae60-672ed4f83f32,0.07,false,false,near_mint,en,EUR,2026-05-08T10:13:36.523Z
Earth Kingdom Soldier,TLA,Avatar: The Last Airbender,216,normal,common,2,108180,2d543d35-945a-4ffa-beb7-7c5d4f894f79,0.07,false,false,near_mint,en,EUR,2025-11-26T15:34:18.488Z
Earth Rumble Wrestlers,TLA,Avatar: The Last Airbender,218,normal,common,1,109466,74fca0b8-12e1-405f-b999-160d65fe0ade,0.09,false,false,near_mint,en,EUR,2025-11-26T15:34:18.488Z
Earth Village Ruffians,TLA,Avatar: The Last Airbender,219,normal,common,1,108212,56d4e0b7-232f-4953-84a3-e6f17781aa45,0.05,false,false,near_mint,en,EUR,2025-11-26T15:34:18.488Z
Earthbending Lesson,TLA,Avatar: The Last Airbender,176,normal,common,1,108142,eccd63b3-3a3a-4661-9d6e-fb8152429bdb,0.09,false,false,near_mint,en,EUR,2025-11-26T15:34:18.488Z
East Wind Avatar,TMT,Teenage Mutant Ninja Turtles,5,normal,common,1,111516,c9d5b56c-ad2a-4958-8783-4eceb8733610,0.05,false,false,near_mint,en,EUR,2026-03-06T23:49:55.829Z
East-Mark Cavalier,LTR,The Lord of the Rings: Tales of Middle-earth,9,normal,common,1,83337,9be412c0-45d4-4856-a8cf-63a5a822dc5c,0.07,false,false,near_mint,es,EUR,2025-04-20T23:27:12.695Z
Easterling Vanguard,LTR,The Lord of the Rings: Tales of Middle-earth,83,normal,common,2,83607,e860dd40-07c5-47c3-92a8-1ee95a953c2f,0.06,false,false,near_mint,es,EUR,2025-04-20T23:27:12.695Z
Eastfarthing Farmer,LTR,The Lord of the Rings: Tales of Middle-earth,8,normal,common,1,82944,26bb65ba-d605-4b79-a700-4a08ec5a90b4,0.05,false,false,near_mint,es,EUR,2025-04-20T23:27:12.695Z
Eaten Alive,FDN,Foundations,172,normal,common,2,100216,1c4f7b20-b2a8-498c-8c36-dc296863b0b9,0.13,false,false,near_mint,en,EUR,2025-04-20T23:27:12.695Z
Eel Umbra,ROE,Rise of the Eldrazi,65,normal,common,1,21902,ca550605-a0fc-4392-b8b6-a4f06868d9f2,0.08,false,false,near_mint,en,EUR,2025-04-20T23:27:12.695Z
Eerie Gravestone,SPM,Marvel's Spider-Man,163,normal,common,1,107646,7675e91f-dba7-4e64-a7ff-1dd56665a4cc,0.06,false,false,near_mint,en,EUR,2025-09-30T23:51:40.191Z
Efflorescence,SOS,Secrets of Strixhaven,144,normal,common,1,112634,79b9ace7-eceb-4f97-9ee7-d5ee3e0b3515,0.14,false,false,near_mint,es,EUR,2026-04-19T19:45:43.777Z
Efflorescence,SOS,Secrets of Strixhaven,144,normal,common,1,112634,79b9ace7-eceb-4f97-9ee7-d5ee3e0b3515,0.05,false,false,near_mint,en,EUR,2026-05-08T10:13:36.551Z
Electro's Bolt,SPM,Marvel's Spider-Man,77,normal,common,2,107620,25fe063f-35e4-4fca-9889-06834a8ef9b9,0.06,false,false,near_mint,en,EUR,2025-09-30T23:51:40.191Z
Elemental,TSOS,Secrets of Strixhaven Tokens,3,normal,common,2,112669,b5b2df9c-228f-4441-a962-46b335bb356e,,false,false,near_mint,en,EUR,2026-05-08T10:13:36.524Z
Elemental Mascot,SOS,Secrets of Strixhaven,185,normal,common,1,111741,c507eb1c-48e9-4d28-bb2d-71f2a9df9ab0,0.16,false,false,near_mint,es,EUR,2026-04-19T19:45:43.803Z
Elementalist Adept,FDN,Foundations,36,normal,common,1,101605,d9768cc6-8f53-4922-ae32-376a2f32d719,0.04,false,false,near_mint,en,EUR,2025-04-20T23:27:12.695Z
Elf,TECL,Lorwyn Eclipsed Tokens,4,normal,common,1,110725,39b36f22-21f9-44fe-8a49-bdc859503342,,false,false,near_mint,en,EUR,2026-01-25T20:47:46.715Z
Elite Interceptor // Rejoinder,SOS,Secrets of Strixhaven,12,normal,common,1,112577,2970683e-e69c-42cb-a067-34abd56fb42b,0.09,false,false,near_mint,en,EUR,2026-05-08T10:13:36.465Z
Embrace the Paradox,SOS,Secrets of Strixhaven,186,normal,common,1,112679,c0cf5e0f-3668-46f2-850d-d91a538e8ead,0.09,false,false,near_mint,en,EUR,2026-05-08T10:13:36.487Z
Encampment Keeper,PLST,The List,XLN-11,normal,common,1,49263,5eb32517-6bd8-4918-b3f8-70c5cf512d7c,0.05,false,false,near_mint,es,EUR,2025-04-20T23:27:12.695Z
Endrider Catalyzer,DFT,Aetherdrift,124,normal,common,2,103052,55a5a67b-d969-4ba4-9dcc-32d0c2e5c04a,0.09,false,false,near_mint,en,EUR,2025-04-20T23:27:12.695Z
Engine Rat,DFT,Aetherdrift,84,normal,common,1,103579,949d6137-98d3-4f46-ab1e-08d7492af307,0.09,false,false,near_mint,en,EUR,2025-04-20T23:27:12.695Z
Enraged Flamecaster,ECL,Lorwyn Eclipsed,135,normal,common,1,110686,104baa2c-75c5-44fc-a3b9-b19efcf3d7c2,0.05,false,false,near_mint,en,EUR,2026-01-25T20:47:46.726Z
EPF Point Squad,TMT,Teenage Mutant Ninja Turtles,145,normal,common,1,111545,faab52c0-ce79-40af-a156-b193a62d439e,0.09,false,false,near_mint,en,EUR,2026-03-06T23:49:55.807Z
Eriette's Lullaby,OTJ,Outlaws of Thunder Junction,10,normal,common,1,93067,184c18b6-40e2-4f7f-a3bb-49bc695b68ec,0.08,false,false,near_mint,en,EUR,2025-10-27T10:57:33.331Z
Eroded Canyon,OTJ,Outlaws of Thunder Junction,256,normal,common,1,93177,5c9d080f-28d7-41d6-a4e0-5b3e3a5ed770,0.18,false,false,near_mint,en,EUR,2025-10-27T10:57:33.331Z
Erudite Wizard,FDN,Foundations,37,normal,common,2,100835,9273c417-0fcd-4273-b24e-afff76336d0c,0.12,false,false,near_mint,en,EUR,2025-04-20T23:27:12.695Z
Escape Tunnel,EOC,Edge of Eternities Commander,157,normal,common,1,107110,a0335da5-d754-480d-89d9-be6b8ca33fda,0.21,false,false,near_mint,en,EUR,2025-08-06T14:50:32.528Z
Escape Tunnel,MKM,Murders at Karlov Manor,261,foil,common,1,91057,93ddde4f-d35e-4128-8f43-d0eadbd715de,0.33,false,false,near_mint,en,EUR,2025-04-20T23:27:12.695Z
Escape Tunnel,MKM,Murders at Karlov Manor,261,normal,common,1,91057,93ddde4f-d35e-4128-8f43-d0eadbd715de,0.21,false,false,near_mint,en,EUR,2025-04-20T23:27:12.695Z
Escape Tunnel,TMT,Teenage Mutant Ninja Turtles,184,normal,common,1,111251,5df90940-15ea-418c-8547-6c75d69ec6d3,0.11,false,false,near_mint,en,EUR,2026-03-06T23:49:55.772Z
Essence Harvest,AVR,Avacyn Restored,100,normal,common,2,18178,7c3fac03-a019-4faa-bc1c-09e3a394fff7,0.4,false,false,near_mint,es,EUR,2025-04-20T23:27:12.695Z
Essence Scatter,PLST,The List,M19-54,normal,common,1,48987,ebe5399a-cff9-4f16-8105-18c40863a3f9,0.22,false,false,near_mint,es,EUR,2025-04-20T23:27:12.695Z
Essence Scatter,SOS,Secrets of Strixhaven,47,normal,common,1,112586,32840097-0531-4c43-b6a8-e76c17420b04,0.05,false,false,near_mint,en,EUR,2026-05-08T10:13:36.475Z
Evolving Wilds,BLC,Bloomburrow Commander,302,normal,common,1,96280,516d6669-929e-4884-ae92-9a98cb7f9376,0.08,false,false,near_mint,en,EUR,2025-11-06T20:40:57.429Z
Evolving Wilds,ECL,Lorwyn Eclipsed,264,normal,common,1,110560,8c632984-5176-4c37-91df-6577cc294b85,0.09,false,false,near_mint,en,EUR,2026-01-25T20:47:46.680Z
Evolving Wilds,EOC,Edge of Eternities Commander,158,normal,common,1,106990,31181bd2-3a1f-4cb9-ba30-637ac479133a,0.17,false,false,near_mint,en,EUR,2025-08-06T14:50:32.528Z
Evolving Wilds,FDN,Foundations,262,normal,common,2,100376,3a0b9356-5b91-4542-8802-f0f7275238e1,0.11,false,false,near_mint,en,EUR,2025-04-20T23:27:12.695Z
Evolving Wilds,PLST,The List,C18-245,normal,common,14,47689,a561453e-499a-4455-b01d-26e3f58b189e,0.11,false,false,near_mint,es,EUR,2025-04-20T23:27:12.695Z
Exosuit Savior,EOE,Edge of Eternities,16,normal,common,3,107741,826c0455-a6ce-43ad-bd5c-0a5df169da90,0.06,false,false,near_mint,en,EUR,2025-08-01T19:16:32.510Z
Explosive Derailment,OTJ,Outlaws of Thunder Junction,122,normal,common,1,93417,f0e3df9c-0a86-4e6f-a3c7-84a883328a3d,0.09,false,false,near_mint,en,EUR,2025-10-27T10:57:33.331Z
Expressive Firedancer,SOS,Secrets of Strixhaven,114,normal,common,2,112286,259b8c45-6241-4206-a34e-34c7f401f47b,0.17,false,false,near_mint,es,EUR,2026-04-19T19:45:43.811Z
Faerie Snoop,MKM,Murders at Karlov Manor,203,normal,common,1,90707,20267dab-8898-4b44-8ef4-8a239967662c,0.02,false,false,near_mint,en,EUR,2025-04-20T23:27:12.695Z
Failed Fording,OTJ,Outlaws of Thunder Junction,47,normal,common,1,93188,62bbe11b-e959-4080-98ac-09bd57519c00,0.03,false,false,near_mint,en,EUR,2025-10-27T10:57:33.331Z
Fake Your Own Death,FDN,Foundations,174,normal,common,3,101539,693635a6-df50-44c5-9598-0c79b45d4df4,0.05,false,false,near_mint,en,EUR,2025-04-20T23:27:12.695Z
Fake Your Own Death,OTJ,Outlaws of Thunder Junction,87,normal,common,1,93229,79a17ab9-13c9-41d4-a143-82d8caacfd8b,0.07,false,false,near_mint,en,EUR,2025-10-27T10:57:33.331Z
Fanatical Firebrand,FDN,Foundations,195,normal,common,1,101598,d1296316-7781-4e98-95e6-7020648be6a5,0.08,false,false,near_mint,en,EUR,2025-04-20T23:27:12.695Z
Fanatical Firebrand,JMP,Jumpstart,315,normal,common,1,51114,05469d01-0d2b-47b9-8a69-16cf0c3d43f8,0.2,false,false,near_mint,es,EUR,2025-04-20T23:27:12.695Z
Farseek,EOC,Edge of Eternities Commander,50,normal,common,1,107097,95e0760a-d285-493b-88cd-7556d9b10007,1.18,false,false,near_mint,en,EUR,2025-08-06T14:50:32.528Z
Fathom Fleet Cutthroat,M20,Core Set 2020,100,normal,common,1,45361,65a7004c-1952-41df-b645-b34bcbc3e401,0.09,false,false,near_mint,es,EUR,2025-04-20T23:27:12.695Z
Fathom Fleet Firebrand,XLN,Ixalan,142,normal,common,1,3870,52280963-ba5b-4735-b5cb-67866f8624c9,0.05,false,false,near_mint,es,EUR,2025-04-20T23:27:12.695Z
Fearful Villager // Fearsome Werewolf,VOW,Innistrad: Crimson Vow,157,normal,common,1,64229,5eb3a08e-1d31-4ab9-854f-a86b060696ec,0.07,false,false,near_mint,en,EUR,2026-04-19T14:28:02.864Z
Feed the Flames,ECL,Lorwyn Eclipsed,137,normal,common,1,110753,59740755-c353-4b6c-a84c-3b76133ce3ec,0.09,false,false,near_mint,en,EUR,2026-01-25T20:47:46.802Z
Feed the Swarm,ZNR,Zendikar Rising,102,normal,common,3,54824,f6b2eba7-862a-4efd-9f65-065fb2070855,0.27,false,false,near_mint,es,EUR,2025-04-20T23:27:12.695Z
Feisty Spikeling,ECL,Lorwyn Eclipsed,223,normal,common,1,110868,f69f3a27-ecda-4d27-82fe-612ed57dbb28,0.07,false,false,near_mint,en,EUR,2026-01-25T20:47:46.679Z
Feldon's Cane,CHR,Chronicles,97,normal,common,1,39329,38ae4abb-f16e-4433-ac1a-e4be57dc652b,0.2,false,false,near_mint,es,EUR,2025-04-20T23:27:12.695Z
Felidar Cub,BFZ,Battle for Zendikar,25,normal,common,1,10326,ea76a183-e15c-4968-b29d-91c074aa8681,0.1,false,false,near_mint,es,EUR,2025-04-20T23:27:12.695Z
Felidar Savior,FDN,Foundations,12,normal,common,2,97191,cd092b14-d72f-4de0-8f19-1338661b9e3b,0.06,false,false,near_mint,en,EUR,2025-04-20T23:27:12.695Z
Felonious Rage,MKM,Murders at Karlov Manor,125,normal,common,2,90830,4538d6a8-a24a-40e3-b894-45a30882c92a,0.12,false,false,near_mint,en,EUR,2025-04-20T23:27:12.695Z
Feral Deathgorger // Dusk Sight,TDM,Tarkir: Dragonstorm,80,normal,common,1,104845,a147b94f-dfcf-44ce-8a73-b2fe6c4efc0e,0.03,false,false,near_mint,en,EUR,2025-04-20T23:27:12.695Z
Field Research,ZNR,Zendikar Rising,58,normal,common,2,54680,a48c3a2f-678b-4e70-a53f-258457d88d29,0.02,false,false,near_mint,es,EUR,2025-04-20T23:27:12.695Z
Fields of Strife,SOS,Secrets of Strixhaven,255,normal,common,1,111906,3dc7a4c3-c356-4fba-bea0-e8788da3eb57,0.04,false,false,near_mint,en,EUR,2026-05-08T10:13:36.480Z
Fierce Empath,PLST,The List,DDU-10,normal,common,1,48142,17b6c555-17aa-4d66-a359-c3ad8383b85e,0.18,false,false,near_mint,es,EUR,2025-04-20T23:27:12.695Z
Fight On!,FIN,Final Fantasy,100,normal,common,1,106673,e1b0739a-dcc4-4034-96d7-69e551b2f36b,0.07,false,false,near_mint,en,EUR,2025-06-18T14:09:45.764Z
Firdoch Core,ECL,Lorwyn Eclipsed,255,normal,common,2,110788,8e45cd37-bf97-4742-978d-96f96ed653cd,0.13,false,false,near_mint,en,EUR,2026-01-25T20:47:46.672Z
Fire Nation Cadets,TLA,Avatar: The Last Airbender,134,normal,common,1,109388,1a3a862c-9c9a-41cd-94d1-2d0cff22a6cd,0.07,false,false,near_mint,en,EUR,2025-11-26T15:34:18.488Z
Fire Nation Raider,TLA,Avatar: The Last Airbender,135,normal,common,1,109827,ede1bbdb-c726-46e3-aaf1-b8cf2be2c341,0.05,false,false,near_mint,en,EUR,2025-11-26T15:34:18.488Z
Fire of Orthanc,LTR,The Lord of the Rings: Tales of Middle-earth,127,normal,common,1,83332,9b5871c5-bb94-4803-93ba-cd1a630b00d6,0.02,false,false,near_mint,es,EUR,2025-04-20T23:27:12.695Z
Fire-Rim Form,TDM,Tarkir: Dragonstorm,107,normal,common,1,104537,32dc1bf4-a135-449f-848f-361a5360fae1,0.06,false,false,near_mint,en,EUR,2025-04-20T23:27:12.695Z
Firebrand Archer,FDN,Foundations,196,normal,common,2,101630,fe0312f1-4c98-4b7f-8a34-0059ea80edef,0.09,false,false,near_mint,en,EUR,2025-04-20T23:27:12.695Z
Flame Lash,JMP,Jumpstart,316,normal,common,3,51341,8383e698-0dd7-4f35-aecb-53f0ee746999,0.14,false,false,near_mint,es,EUR,2025-04-20T23:27:12.695Z
Flame-Chain Mauler,ECL,Lorwyn Eclipsed,138,normal,common,1,110533,752d7e8e-0dd0-4ace-9c89-a8f9ce73775e,0.03,false,false,near_mint,en,EUR,2026-01-25T20:47:46.756Z
Flamekin Gildweaver,ECL,Lorwyn Eclipsed,140,normal,common,1,110821,b1628ece-a028-49d4-9065-ee997838c20a,0.05,false,false,near_mint,en,EUR,2026-01-25T20:47:46.710Z
Fleeting Distraction,FDN,Foundations,155,normal,common,3,101587,c0b86a7b-4912-43a7-ab89-c3432385baa1,0.04,false,false,near_mint,en,EUR,2025-04-20T23:27:12.695Z
Fleeting Flight,FDN,Foundations,13,foil,common,1,101513,55139100-9342-41fd-b10a-8e9932e605d4,0.15,false,false,near_mint,en,EUR,2025-04-20T23:27:12.695Z
Fleeting Flight,FDN,Foundations,13,normal,common,1,101513,55139100-9342-41fd-b10a-8e9932e605d4,0.17,false,false,near_mint,en,EUR,2025-04-20T23:27:12.695Z
Flexible Waterbender,TLA,Avatar: The Last Airbender,50,normal,common,1,108163,1447ebce-7e48-4b21-a39c-740920538bdd,0.03,false,false,near_mint,en,EUR,2025-11-26T15:34:18.488Z
Flight-Deck Coordinator,EOE,Edge of Eternities,17,normal,common,2,107743,88cc6328-a035-4f74-b786-390e5c7c324c,0.04,false,false,near_mint,en,EUR,2025-08-01T19:16:32.510Z
Flood the Engine,DFT,Aetherdrift,42,normal,common,1,103506,57402f7c-5d4c-4f1e-8bce-a2328a297111,0.04,false,false,near_mint,en,EUR,2025-04-20T23:27:12.695Z
Flourishing Hunter,VOW,Innistrad: Crimson Vow,199,normal,common,2,64140,2abc54df-773d-4f46-b241-e1f42af8ab95,0.02,false,false,near_mint,es,EUR,2025-04-20T23:27:12.695Z
Focus Fire,EOE,Edge of Eternities,18,normal,common,1,107515,a9ddfcbc-0f84-4315-aaa3-ca54ff64d7de,0.13,false,false,near_mint,en,EUR,2025-08-01T19:16:32.510Z
Focus the Mind,TDM,Tarkir: Dragonstorm,45,normal,common,1,105153,abb0ba34-6904-4c17-a04d-ea4f12c7cf21,0.07,false,false,near_mint,en,EUR,2025-04-20T23:27:12.695Z
Foggy Swamp Hunters,TLA,Avatar: The Last Airbender,101,normal,common,1,109689,3f6e5869-ca25-4b98-a844-8a498cb40aab,0.05,false,false,near_mint,en,EUR,2025-11-26T15:34:18.488Z
Foggy Swamp Vinebender,TLA,Avatar: The Last Airbender,180,normal,common,1,109727,78a75317-94f7-47a4-b4da-5a027fa73248,0.04,false,false,near_mint,en,EUR,2025-11-26T15:34:18.488Z
Follow the Lumarets,SOS,Secrets of Strixhaven,148,normal,common,1,112719,f9488480-2b6c-40bc-a93e-29fb1292a2e4,0.14,false,false,near_mint,es,EUR,2026-04-19T19:45:43.765Z
Food,TTLA,Avatar: The Last Airbender Tokens,19,normal,common,1,109987,db202f04-61e7-4e12-848e-6c1761956a58,,false,false,near_mint,en,EUR,2025-11-26T15:34:18.488Z
Food,TTMT,Teenage Mutant Ninja Turtles Tokens,8,normal,common,3,111603,e2b62092-57df-4d95-b2b9-961794e7c20b,,false,false,near_mint,en,EUR,2026-03-06T23:49:55.728Z
Foot Elite,TMT,Teenage Mutant Ninja Turtles,146,normal,common,2,111198,24bd571e-652a-4e7c-afc6-a45f0ccf62f6,0.09,false,false,near_mint,en,EUR,2026-03-06T23:49:55.736Z
Foot Headquarters,TMT,Teenage Mutant Ninja Turtles,185,normal,common,1,111569,45e68113-3f05-4547-947d-4cb9ebfa73c7,0.1,false,false,near_mint,en,EUR,2026-03-06T23:49:55.801Z
Foot Mystic,TMT,Teenage Mutant Ninja Turtles,63,normal,common,1,111577,61e40a18-6cc8-436d-826b-1cf8cd037df3,0.06,false,false,near_mint,en,EUR,2026-03-06T23:49:55.858Z
Foot Ninjas,TMT,Teenage Mutant Ninja Turtles,147,normal,common,1,111506,abb1ab9c-b067-4b75-8e5b-a893b7948df1,0.08,false,false,near_mint,en,EUR,2026-03-06T23:49:55.806Z
Foraging Wickermaw,ECL,Lorwyn Eclipsed,256,normal,common,1,110867,f524bc08-caeb-4362-b960-eb8e0e4159d0,0.08,false,false,near_mint,en,EUR,2026-01-25T20:47:46.767Z
Forecasting Fortune Teller,TLA,Avatar: The Last Airbender,51,normal,common,1,109366,023e7ad4-6af0-4f29-a716-27a313974227,0.06,false,false,near_mint,en,EUR,2025-11-26T15:34:18.488Z
Forest,AVR,Avacyn Restored,242,normal,common,12,18036,8097c9ce-8fe9-4150-9810-52f6c92c6099,0.09,false,false,near_mint,en,EUR,2025-04-20T23:27:12.695Z
Forest,CLB,Commander Legends: Battle for Baldur's Gate,468,normal,common,1,68935,2b86b3a4-981e-497a-b78b-30b2dbc5ea7a,0.11,false,false,near_mint,en,EUR,2025-09-30T23:51:40.191Z
Forest,DFT,Aetherdrift,276,normal,common,1,103117,777e868d-cb88-4b8e-99d1-12ff67f5eae2,0.17,false,false,near_mint,en,EUR,2025-04-20T23:27:12.695Z
Forest,ECL,Lorwyn Eclipsed,278,normal,common,1,110395,b43297de-7378-474f-a85f-910fa7cbb4f4,0.26,false,false,near_mint,en,EUR,2026-01-25T20:47:46.745Z
Forest,ECL,Lorwyn Eclipsed,283,normal,common,1,110403,bdbce923-c05e-4554-8c4c-5c4e6d791856,0.23,false,false,near_mint,en,EUR,2026-07-20T10:08:18.050Z
Forest,ELD,Throne of Eldraine,266,normal,common,57,46072,f8f03bb2-313e-4688-945f-052eed678174,0.08,false,false,near_mint,es,EUR,2025-04-20T23:27:12.695Z
Forest,EOE,Edge of Eternities,276,normal,common,10,107048,673141ec-826f-4132-8282-d499990495a7,0.1,false,false,near_mint,en,EUR,2025-08-01T19:16:32.510Z
Forest,EOE,Edge of Eternities,275,normal,common,2,107213,fb62605c-a58e-4e53-8336-b2bee316b5a6,0.11,false,false,near_mint,en,EUR,2025-08-01T19:16:32.510Z
Forest,FIN,Final Fantasy,307,normal,common,1,105595,3d08f6a6-316d-45d8-aabe-1760a20903ac,0.09,false,false,near_mint,en,EUR,2025-06-18T14:09:45.764Z
Forest,FIN,Final Fantasy,308,normal,common,2,105710,c52038c8-5bba-4d8e-845f-30af44300acc,0.15,false,false,near_mint,en,EUR,2025-06-18T14:09:45.764Z
Forest,FIN,Final Fantasy,306,normal,common,2,105707,be72862d-d71e-4b18-98a6-59019399f631,0.14,false,false,near_mint,en,EUR,2025-06-18T14:09:45.764Z
Forest,MKM,Murders at Karlov Manor,286,normal,common,7,90943,6cb8f264-cc26-476e-a3b7-53638dce7395,0.14,false,false,near_mint,en,EUR,2025-04-20T23:27:12.695Z
Forest,OTJ,Outlaws of Thunder Junction,286,normal,common,3,93742,8e9ac507-7c8f-431f-8d1a-220ceeacf871,0.07,false,false,near_mint,en,EUR,2025-10-27T10:57:33.331Z
Forest,OTJ,Outlaws of Thunder Junction,285,normal,common,2,93890,dc20a07e-5f92-49c2-9c97-d5eda536d3f6,0.08,false,false,near_mint,en,EUR,2025-10-27T10:57:33.331Z
Forest,OTJ,Outlaws of Thunder Junction,276,normal,common,2,91812,baf8a774-65f3-431e-b084-328ff1000895,0.28,false,false,near_mint,en,EUR,2025-10-27T10:57:33.331Z
Forest,SPM,Marvel's Spider-Man,193,normal,common,2,107869,7b6c2532-be5a-4f1f-893c-36bcda2a699d,0.1,false,false,near_mint,en,EUR,2025-09-30T23:51:40.191Z
Forest,SPM,Marvel's Spider-Man,198,normal,common,3,107671,c4fec728-8e3f-427d-81ab-e06114910223,0.12,false,false,near_mint,en,EUR,2025-09-30T23:51:40.191Z
Forest,TLA,Avatar: The Last Airbender,286,normal,common,2,108256,a305e44f-4253-4754-b83f-1e34103d77b0,0.09,false,false,near_mint,en,EUR,2025-11-26T15:34:18.488Z
Forest,TLA,Avatar: The Last Airbender,291,normal,common,2,108103,05683891-cdd4-4401-b7d5-0ef17e79c699,0.26,false,false,near_mint,en,EUR,2025-11-26T15:34:18.488Z
Fortress Kin-Guard,TDM,Tarkir: Dragonstorm,12,normal,common,1,104900,b647a018-1d70-43a1-a265-928bcd863689,0.06,false,false,near_mint,en,EUR,2025-04-20T23:27:12.695Z
Forum of Amity,SOS,Secrets of Strixhaven,256,normal,common,1,111863,1de6c6cc-0c55-4997-8623-d7f796bd9ab8,0.13,false,false,near_mint,es,EUR,2026-04-19T19:45:43.758Z
Fractal,TSOS,Secrets of Strixhaven Tokens,5,normal,common,1,112640,8b5f1fdb-04df-4224-acb4-7819c37565f5,,false,false,near_mint,es,EUR,2026-04-19T19:45:43.749Z
Fractal,TSOS,Secrets of Strixhaven Tokens,4,normal,common,2,112703,de564776-9d88-4533-8717-842eecdd0594,,false,false,near_mint,en,EUR,2026-05-08T10:13:36.421Z
Fractal,TSOS,Secrets of Strixhaven Tokens,5,normal,common,2,112640,8b5f1fdb-04df-4224-acb4-7819c37565f5,,false,false,near_mint,en,EUR,2026-05-08T10:13:36.451Z
Fractal Mascot,SOS,Secrets of Strixhaven,189,normal,common,1,111745,cf5b19e3-eed1-4b36-9756-660ffb3baa08,0.16,false,false,near_mint,es,EUR,2026-04-19T19:45:43.763Z
Fractal Mascot,SOS,Secrets of Strixhaven,189,normal,common,1,111745,cf5b19e3-eed1-4b36-9756-660ffb3baa08,0.02,false,false,near_mint,en,EUR,2026-05-08T10:13:36.430Z
Freestrider Commando,OTJ,Outlaws of Thunder Junction,162,normal,common,2,93265,92762169-095e-46e2-82f6-5b2ff2232240,0.04,false,false,near_mint,en,EUR,2025-10-27T10:57:33.331Z
Frilled Cave-Wurm,LCI,The Lost Caverns of Ixalan,57,normal,common,1,88585,6f65e1bc-fade-4fdf-a1fd-de068bff9e4c,0.02,false,false,near_mint,en,EUR,2025-06-16T17:24:56.249Z
Frog Butler,TMT,Teenage Mutant Ninja Turtles,114,normal,common,2,111520,d1a72d09-9cfc-463a-a9ec-3359003d54da,0.12,false,false,near_mint,en,EUR,2026-03-06T23:49:55.808Z
Frontline War-Rager,EOE,Edge of Eternities,134,normal,common,2,107789,fa232943-818b-4944-be60-2d80c806bf62,0.07,false,false,near_mint,en,EUR,2025-08-01T19:16:32.510Z
Frost Breath,M21,Core Set 2021,51,normal,common,2,50769,393fc485-d3c1-4826-933d-89f66df769d4,0.05,false,false,near_mint,es,EUR,2025-04-20T23:27:12.695Z
Frost Trickster,STX,Strixhaven: School of Mages,43,normal,common,4,58409,fd79c9cc-0a8c-4d88-96e2-cb177134a18d,0.07,false,false,near_mint,es,EUR,2025-04-20T23:27:12.695Z
Furnace Scamp,NPH,New Phyrexia,84,normal,common,1,19801,97538294-058c-47d4-b7a8-4db3753a6628,0.08,false,false,near_mint,en,EUR,2025-04-20T23:27:12.695Z
Futurist Forge,MSH,Marvel Super Heroes,55,normal,common,1,113901,a50feebf-c660-43f1-9fae-75294703b346,0.14,false,false,near_mint,es,EUR,2026-06-20T00:03:25.255Z
Gadget Technician,MKM,Murders at Karlov Manor,204,normal,common,1,90802,3b489a54-ee43-4962-be7b-16e0e28800e0,0.05,false,false,near_mint,en,EUR,2025-04-20T23:27:12.695Z
Gaelicat,FIN,Final Fantasy,22,normal,common,1,106528,29606c49-e1a4-49c3-883b-9122c08bbbc7,0.07,false,false,near_mint,en,EUR,2025-06-18T14:09:45.764Z
Galactic Wayfarer,EOE,Edge of Eternities,185,normal,common,1,107078,85b898d2-050f-49a2-87af-07d54d105336,0.11,false,false,near_mint,en,EUR,2025-08-02T12:05:52.876Z
Galadhrim Bow,LTR,The Lord of the Rings: Tales of Middle-earth,167,normal,common,1,83340,9df34f21-798f-440d-8b09-ec5b5c0b8c12,0.06,false,false,near_mint,es,EUR,2025-04-20T23:27:12.695Z
Gallant Citizen,SPM,Marvel's Spider-Man,129,normal,common,2,108510,43790471-6ec8-4c1d-b6d3-74c6cdf8ce43,0.02,false,false,near_mint,en,EUR,2025-09-30T23:51:40.191Z
Gallant Fowlknight,ECL,Lorwyn Eclipsed,17,normal,common,1,110665,fb6096ba-8083-4207-9a3f-c1e4ff095204,0.04,false,false,near_mint,en,EUR,2026-01-25T20:47:46.788Z
Galvanize,MKM,Murders at Karlov Manor,128,normal,common,1,90923,64ed3bfa-3294-45dd-825e-3afc2580f0d4,0.03,false,false,near_mint,en,EUR,2025-04-20T23:27:12.695Z
Gangly Stompling,ECL,Lorwyn Eclipsed,226,normal,common,1,110497,502000a7-a3c1-4259-aea5-ff01724396a1,0.07,false,false,near_mint,en,EUR,2026-07-20T10:08:18.042Z
Gastal Blockbuster,DFT,Aetherdrift,128,normal,common,1,103650,dca41ec6-8f8f-42ef-abac-cc645c6440b7,0.03,false,false,near_mint,en,EUR,2025-04-20T23:27:12.695Z
Gearseeker Serpent,DFT,Aetherdrift,43,normal,common,2,103480,3dca0007-42d3-4ee2-8e88-361d80a7103c,0.04,false,false,near_mint,en,EUR,2025-04-20T23:27:12.695Z
Gene Pollinator,EOE,Edge of Eternities,186,normal,common,1,107772,ce7a8eec-a029-4ee1-b2d6-405d903d4640,0.13,false,false,near_mint,en,EUR,2025-08-01T19:16:32.510Z
Generous Ent,LTR,The Lord of the Rings: Tales of Middle-earth,169,normal,common,1,83258,85d22d5d-3875-42ff-b51e-c6e21db201f5,0.61,false,false,near_mint,es,EUR,2025-04-20T23:27:12.695Z
Germinating Wurm,EOE,Edge of Eternities,187,normal,common,2,107792,fcde173a-6314-4904-bddd-68b2ab1e4867,0.11,false,false,near_mint,en,EUR,2025-08-01T19:16:32.510Z
Geyser Drake,OTJ,Outlaws of Thunder Junction,51,normal,common,1,93309,b270377b-33eb-4e5e-9d14-0da2876da74f,0.09,false,false,near_mint,en,EUR,2025-10-27T10:57:33.331Z
Geyser Leaper,TLA,Avatar: The Last Airbender,52,normal,common,2,108205,4d25428d-e5a5-43c4-8544-43120ed1c4d5,0.02,false,false,near_mint,en,EUR,2025-11-26T15:34:18.488Z
Ghitu Lavarunner,DOM,Dominaria,127,normal,common,2,2149,c448ba82-a502-459f-9ebc-fc9e85674e6c,0.07,false,false,near_mint,es,EUR,2025-04-20T23:27:12.695Z
Giant Beaver,OTJ,Outlaws of Thunder Junction,165,normal,common,1,93263,919826a9-c427-42c6-8885-a87f0b6d2192,0.07,false,false,near_mint,en,EUR,2025-10-27T10:57:33.331Z
Giant Growth,FDN,Foundations,223,normal,common,2,101073,bd0bf74e-14c1-4428-88d8-2181a080b5d0,0.04,false,false,near_mint,en,EUR,2025-04-20T23:27:12.695Z
Giant Growth,PLST,The List,BBD-200,normal,common,4,48136,f349c459-6d80-4919-bb49-f1613f9b8d1f,0.12,false,false,near_mint,es,EUR,2025-04-20T23:27:12.695Z
Gideon's Lawkeeper,M12,Magic 2012,18,normal,common,1,19249,1c71eb81-a077-4c85-a4ce-4ad664486bee,0.12,false,false,near_mint,en,EUR,2025-04-20T23:27:12.695Z
Gigantoad,FIN,Final Fantasy,187,normal,common,1,106642,bc10d648-4053-460f-bc52-9c20477bf6de,0.06,false,false,near_mint,en,EUR,2025-06-18T14:09:45.764Z
Gilded Ghoda,DFT,Aetherdrift,130,normal,common,1,103050,55685602-a18c-43a4-ac60-13b039672fa4,0.12,false,false,near_mint,en,EUR,2025-04-20T23:27:12.695Z
Gilded Sentinel,XLN,Ixalan,239,normal,common,2,3773,01cc1a59-76bf-4721-b4a7-ef746f3d3990,0.05,false,false,near_mint,es,EUR,2025-04-20T23:27:12.695Z
Glamermite,ECL,Lorwyn Eclipsed,50,normal,common,1,110825,b8b7c23a-0034-453c-ab44-f6ec0f31d1eb,0.07,false,false,near_mint,en,EUR,2026-01-25T20:47:46.724Z
Gleaming Barrier,FDN,Foundations,252,foil,common,1,101479,1b49b009-e6f2-494a-9235-f5c25c2d70a9,0.25,false,false,near_mint,en,EUR,2025-04-20T23:27:12.695Z
Gleaming Barrier,FDN,Foundations,252,normal,common,2,101479,1b49b009-e6f2-494a-9235-f5c25c2d70a9,0.07,false,false,near_mint,en,EUR,2025-04-20T23:27:12.695Z
Glider Kids,TLA,Avatar: The Last Airbender,21,normal,common,3,108154,0613afb5-4cee-4132-8adf-404767ed8d07,0.06,false,false,near_mint,en,EUR,2025-11-26T15:34:18.488Z
Gnarlid Colony,FDN,Foundations,224,normal,common,2,101508,47565d10-96bf-4fb0-820f-f20a44a76b6f,0.07,false,false,near_mint,en,EUR,2025-04-20T23:27:12.695Z
Goblin,TECL,Lorwyn Eclipsed Tokens,6,normal,common,2,110758,6139a45d-ebc7-4bca-8c13-73c85ea5fe0d,,false,false,near_mint,en,EUR,2026-01-25T20:47:46.759Z
Goblin Assailant,M20,Core Set 2020,330,normal,common,3,45130,8cfefb65-b6e4-44a1-baa9-d3c00ee8ba96,0.11,false,false,near_mint,es,EUR,2025-04-20T23:27:12.695Z
Goblin Boarders,FDN,Foundations,87,normal,common,1,101506,4409a063-bf2a-4a49-803e-3ce6bd474353,0.04,false,false,near_mint,en,EUR,2025-04-20T23:27:12.695Z
Goblin Maskmaker,MKM,Murders at Karlov Manor,130,normal,common,3,90917,6154a991-c602-4fca-91a3-3830060da60e,0.07,false,false,near_mint,en,EUR,2025-04-20T23:27:12.695Z
Goblin Surprise,FDN,Foundations,200,foil,common,1,101512,527dd5d4-5f72-40bb-8a9d-1f5ac3f81e2e,0.14,false,false,near_mint,en,EUR,2025-04-20T23:27:12.695Z
Goblin Surprise,FDN,Foundations,200,normal,common,2,101512,527dd5d4-5f72-40bb-8a9d-1f5ac3f81e2e,0.05,false,false,near_mint,en,EUR,2025-04-20T23:27:12.695Z
Goblin Surveyor,DFT,Aetherdrift,131,normal,common,1,103313,e1efffe9-00f8-4177-a9e6-4ad62887d32f,0.02,false,false,near_mint,en,EUR,2025-04-20T23:27:12.695Z
"Gohn, Town of Ruin",FIN,Final Fantasy,278,normal,common,1,106602,99582781-613e-4a33-aec7-7569b4a961aa,0.09,false,false,near_mint,en,EUR,2025-06-18T14:09:45.764Z
Goldmeadow Nomad,ECL,Lorwyn Eclipsed,18,normal,common,1,110672,00ddbe6c-11de-4bc6-aabe-d6d8385a838a,0.02,false,false,near_mint,en,EUR,2026-01-25T20:47:46.799Z
Goldvein Pick,FDN,Foundations,253,normal,common,1,101572,a241317d-2277-467e-a8f9-aa71c944e244,0.06,false,false,near_mint,en,EUR,2025-04-20T23:27:12.695Z
Golgari Guildgate,C19,Commander 2019,247,normal,common,1,45687,9baed2e6-687f-4ab4-b378-4282f3a43c9c,0.16,false,false,near_mint,es,EUR,2025-04-20T23:27:12.695Z
Goobbue Gardener,FIN,Final Fantasy,188,normal,common,1,106636,b7c3544a-5dd5-423e-8a40-ac4803db8adc,0.05,false,false,near_mint,en,EUR,2025-06-18T14:09:45.764Z
Gorehorn Raider,FDN,Foundations,89,normal,common,2,101551,78ce6c40-3452-4aa0-a45b-dbfd70f8d220,0.04,false,false,near_mint,en,EUR,2025-04-20T23:27:12.695Z
Gran Pulse Ochu,FIN,Final Fantasy,189,normal,common,1,106547,4dced21f-478c-4500-9484-af5864dea5cc,0.07,false,false,near_mint,en,EUR,2025-06-18T14:09:45.764Z
Grapple with Death,SOS,Secrets of Strixhaven,192,normal,common,1,111657,62842fb4-8bd3-4d80-b4f9-5bc3c5cebd3a,0.06,false,false,near_mint,en,EUR,2026-05-08T10:13:36.445Z
Gravblade Heavy,EOE,Edge of Eternities,102,normal,common,2,107756,b3872341-d711-407b-85e4-46ccb99988e1,0.08,false,false,near_mint,en,EUR,2025-08-01T19:16:32.510Z
Gravelgill Scoundrel,ECL,Lorwyn Eclipsed,53,normal,common,1,110713,320bc30c-7a8a-411a-9f36-9c69126e131b,0.11,false,false,near_mint,en,EUR,2026-01-25T20:47:46.800Z
Gravestone Strider,MKM,Murders at Karlov Manor,252,normal,common,1,90704,1f952d8d-c089-432c-822a-8ef1e605ae38,0.04,false,false,near_mint,en,EUR,2025-06-16T17:24:56.249Z
Gravkill,EOE,Edge of Eternities,103,normal,common,3,107333,cfa6c57f-a193-48cc-9764-d8348548a111,0.12,false,false,near_mint,en,EUR,2025-08-01T19:16:32.510Z
Gravpack Monoist,EOE,Edge of Eternities,104,normal,common,2,107701,2a968f01-36ef-4cf6-b1db-630c9cde2064,0.09,false,false,near_mint,en,EUR,2025-08-01T19:16:32.510Z
Great Forest Druid,ECL,Lorwyn Eclipsed,178,normal,common,1,110554,8793a19e-6743-4031-86d9-2ff55f384549,0.13,false,false,near_mint,en,EUR,2026-01-25T20:47:46.725Z
Griffnaut Tracker,MKM,Murders at Karlov Manor,17,normal,common,2,91061,95f5d048-226f-49a4-a2ce-a6fa99aa9e8a,0.04,false,false,near_mint,en,EUR,2025-04-20T23:27:12.695Z
Grim Bauble,DFT,Aetherdrift,88,foil,common,1,103585,9bfdf60a-6f67-4872-8961-d63776b192c3,0.45,false,false,near_mint,en,EUR,2025-04-20T23:27:12.695Z
Grim Bauble,DFT,Aetherdrift,88,normal,common,1,103585,9bfdf60a-6f67-4872-8961-d63776b192c3,0.22,false,false,near_mint,en,EUR,2025-04-20T23:27:12.695Z
Grim Javelineer,DFT,Aetherdrift,89,normal,common,2,103558,87154116-e306-4e15-bd5a-dcdb5ddbcd36,0.03,false,false,near_mint,en,EUR,2025-04-20T23:27:12.695Z
Gristle Glutton,ECL,Lorwyn Eclipsed,144,normal,common,1,110805,a4164af6-356e-4de2-8377-dbe70434a996,0.11,false,false,near_mint,en,EUR,2026-01-25T20:47:46.741Z
Grounded for Life,TMT,Teenage Mutant Ninja Turtles,7,normal,common,2,111479,72388199-85fa-4eba-9a9c-c2904e6da9ed,0.04,false,false,near_mint,en,EUR,2026-03-06T23:49:55.739Z
Grow Extra Arms,SPM,Marvel's Spider-Man,101,normal,common,3,107640,63fab399-00db-4398-922e-c3ca3356731a,0.08,false,false,near_mint,en,EUR,2025-09-30T23:51:40.191Z
Grow from the Ashes,FDN,Foundations,225,normal,common,3,101502,42525f8a-aee7-4811-8f05-471b559c2c4a,0.13,false,false,near_mint,en,EUR,2025-04-20T23:27:12.695Z
Gruul Guildgate,GTC,Gatecrash,243,normal,common,1,16581,99c54269-8798-4023-836f-640103e08ce0,0.1,false,false,near_mint,es,EUR,2025-04-20T23:27:12.695Z
Guac & Marshmallow Pizza,TMT,Teenage Mutant Ninja Turtles,116,normal,common,1,111500,a5405de0-16c9-4e5a-8ceb-00508e212f12,0.09,false,false,near_mint,en,EUR,2026-03-06T23:49:55.838Z
"Guadosalam, Farplane Gateway",FIN,Final Fantasy,281,normal,common,1,106668,dfcbc131-fd50-4908-b539-c8e52bb70c58,0.1,false,false,near_mint,en,EUR,2025-06-18T14:09:45.764Z
Guidelight Matrix,DFT,Aetherdrift,233,normal,common,2,103631,cccf7fb5-c043-4a1f-ad2f-edb280cb5037,0.07,false,false,near_mint,en,EUR,2025-04-20T23:27:12.695Z
Guidelight Optimizer,DFT,Aetherdrift,45,normal,common,2,103658,e9fc07dd-05b1-49ed-a3ee-46c31b8e0a3d,0.03,false,false,near_mint,en,EUR,2025-04-20T23:27:12.695Z
Gurmag Nightwatch,TDM,Tarkir: Dragonstorm,190,normal,common,2,104369,de731430-6bbf-4782-953e-b69c46353959,0.02,false,false,near_mint,en,EUR,2025-04-20T23:27:12.695Z
Gut Shot,PLST,The List,MM2-117,normal,common,1,48385,98423ff9-48e3-4985-9fe4-7c095c3ceee0,2.24,false,false,near_mint,es,EUR,2025-04-20T23:27:12.695Z
Gutless Plunderer,FDN,Foundations,60,normal,common,2,101567,909d7778-c7f8-4fa4-89f2-8b32e86e96e4,0.05,false,false,near_mint,en,EUR,2025-04-20T23:27:12.695Z
Guy in the Chair,SPM,Marvel's Spider-Man,102,normal,common,1,107641,65e97c06-55a6-4841-be0f-055c015df90a,0.07,false,false,near_mint,en,EUR,2025-09-30T23:51:40.191Z
Haazda Vigilante,MKM,Murders at Karlov Manor,18,foil,common,1,90866,5277fe72-dc33-4d19-a439-63b5344c6034,0.05,false,false,near_mint,en,EUR,2025-04-20T23:27:12.695Z
Haazda Vigilante,MKM,Murders at Karlov Manor,18,normal,common,1,90866,5277fe72-dc33-4d19-a439-63b5344c6034,0.05,false,false,near_mint,en,EUR,2025-04-20T23:27:12.695Z
Hamato Guardian Stance,TMT,Teenage Mutant Ninja Turtles,8,normal,common,1,111480,735b540b-b472-46fa-a232-d444cabf6c4c,0.05,false,false,near_mint,en,EUR,2026-03-06T23:49:55.757Z
Hare Apparent,FDN,Foundations,15,normal,common,3,100907,9fc6f0e9-eb5f-4bc0-b3d7-756644b66d12,1.79,false,false,near_mint,en,EUR,2025-04-20T23:27:12.695Z
Harrow,EOC,Edge of Eternities Commander,98,normal,common,1,107003,3e76be46-cf81-4fef-bc5b-f87666cb0413,0.21,false,false,near_mint,en,EUR,2025-08-06T14:50:32.528Z
Haste Magic,FIN,Final Fantasy,140,normal,common,1,106402,3af9d100-70ee-4c6c-a762-11a0c4f3ef6f,0.07,false,false,near_mint,en,EUR,2025-06-18T14:09:45.764Z
Havengul Skaab,AVR,Avacyn Restored,60,normal,common,1,18218,4c7ff97f-fb06-4a61-98cd-50965a6522d4,0.02,false,false,near_mint,es,EUR,2025-04-20T23:27:12.695Z
Hazard of the Dunes,DFT,Aetherdrift,165,normal,common,1,103621,c3fbee7a-7e73-43cf-bc39-ccb1c63bf837,0.07,false,false,near_mint,en,EUR,2025-04-20T23:27:12.695Z
Headstrong Brute,XLN,Ixalan,147,normal,common,1,3865,66973e90-0c8b-4438-bc22-6e78930c194d,0.03,false,false,near_mint,es,EUR,2025-04-20T23:27:12.695Z
Headwater Sentries,XLN,Ixalan,58,normal,common,1,3954,2af2c338-f5e9-4596-9435-c6aa965ae541,0.05,false,false,near_mint,es,EUR,2025-04-20T23:27:12.695Z
Healer's Hawk,FDN,Foundations,142,normal,common,4,101595,cc8e4563-04bb-46b5-835e-64ba11c0e972,0.05,false,false,near_mint,en,EUR,2025-04-20T23:27:12.695Z
Hecteyes,FIN,Final Fantasy,103,normal,common,1,106585,8680d052-c07b-4d9b-bda9-b5f69f44f424,0.08,false,false,near_mint,en,EUR,2025-06-18T14:09:45.764Z
Heirloom Auntie,ECL,Lorwyn Eclipsed,107,normal,common,1,110623,cac251b2-d2cc-45b6-9ca8-678e0eab56ea,0.08,false,false,near_mint,en,EUR,2026-01-25T20:47:46.727Z
Heirs of Stromkirk,AVR,Avacyn Restored,140,normal,common,1,18138,ff89ad3b-b154-49e2-a0fd-135279512250,0.1,false,false,near_mint,en,EUR,2025-04-20T23:27:12.695Z
Helpful Hunter,FDN,Foundations,16,normal,common,2,97172,1b9a0e91-80b5-428f-8f08-931d0631be14,0.17,false,false,near_mint,en,EUR,2025-04-20T23:27:12.695Z
Heritage Reclamation,TDM,Tarkir: Dragonstorm,145,normal,common,1,104636,4f8fee37-a050-4329-8b10-46d150e7a95e,0.05,false,false,near_mint,en,EUR,2025-04-20T23:27:12.695Z
Hero,TFIN,Final Fantasy Tokens,6,normal,common,1,106152,c39b8112-6a5c-4080-a884-2b4d6e5276ef,0.1,false,false,near_mint,en,EUR,2025-06-18T14:09:45.764Z
Hero,TFIN,Final Fantasy Tokens,2,normal,common,1,106175,d0657ce1-bf75-4007-ac1b-0623eb263357,0.31,false,false,near_mint,en,EUR,2025-06-18T14:09:45.764Z
Hidden Necropolis,LCI,The Lost Caverns of Ixalan,275,normal,common,1,89040,f67fd04f-05da-4418-97de-abeb7346cc69,0.08,false,false,near_mint,en,EUR,2025-06-16T17:24:56.249Z
High-Flying Ace,TMT,Teenage Mutant Ninja Turtles,9,normal,common,2,111535,e927eb0b-1c69-421a-8acd-01e92f729ffb,0.03,false,false,near_mint,en,EUR,2026-03-06T23:49:55.752Z
High-Rise Sawjack,SNC,Streets of New Capenna,150,normal,common,3,67647,2399c6d7-57f9-4100-ad64-3c8897a438f7,0.04,false,false,near_mint,es,EUR,2025-04-20T23:27:12.695Z
Highspire Bell-Ringer,TDM,Tarkir: Dragonstorm,47,normal,common,1,105020,e75dccf7-2894-4c4a-b516-3eee73acddd3,0.06,false,false,near_mint,en,EUR,2025-04-20T23:27:12.695Z
Highway Robbery,OTJ,Outlaws of Thunder Junction,129,normal,common,2,93110,31a88429-9204-4a23-a7a8-babbd6bab79f,0.31,false,false,near_mint,en,EUR,2025-10-27T10:57:33.331Z
Hill Gigas,FIN,Final Fantasy,141,normal,common,2,106529,2a8b3e1e-5c10-4360-ac1c-83b2e026278c,0.06,false,false,near_mint,en,EUR,2025-06-18T14:09:45.764Z
Hinterland Sanctifier,J25,Foundations Jumpstart,5,normal,common,4,100716,7bd187b7-5001-4fc3-8c1e-7093827027ee,0.83,false,false,near_mint,es,EUR,2025-04-20T23:27:12.695Z
Hire a Crew,MSH,Marvel Super Heroes,134,normal,common,1,113696,50a6aa80-79a3-46f3-9cc1-5bf663b64976,,false,false,near_mint,es,EUR,2026-06-20T00:03:25.257Z
Honorbound Page // Forum's Favor,SOS,Secrets of Strixhaven,19,normal,common,1,112633,79a70863-860f-4a7b-9cb2-d3546b689d44,0.17,false,false,near_mint,es,EUR,2026-04-19T19:45:43.737Z
Honorbound Page // Forum's Favor,SOS,Secrets of Strixhaven,19,normal,common,2,112633,79a70863-860f-4a7b-9cb2-d3546b689d44,0.04,false,false,near_mint,en,EUR,2026-05-08T10:13:36.450Z
Hot Dog Cart,SPM,Marvel's Spider-Man,164,normal,common,2,108534,6ee3b883-e9f5-426f-a2ea-96fe9ff3aba9,0.04,false,false,near_mint,en,EUR,2025-09-30T23:51:40.191Z
Hotshot Investigators,MKM,Murders at Karlov Manor,60,normal,common,1,91046,8dc3b23b-04d6-4ac0-b698-596ea90b7781,0.02,false,false,near_mint,en,EUR,2025-04-20T23:27:12.695Z
Howler's Heavy,DFT,Aetherdrift,46,normal,common,1,103566,8bbd7758-59c7-4ae1-9af8-c3580f4aa958,0.08,false,false,near_mint,en,EUR,2025-04-20T23:27:12.695Z
Hullcarver,EOE,Edge of Eternities,105,normal,common,2,107075,817b5b18-beb5-48c8-aa45-0515ff9ca5da,0.15,false,false,near_mint,en,EUR,2025-08-01T19:16:32.510Z
Hulldrifter,DFT,Aetherdrift,47,normal,common,2,103001,402666f8-c9cc-4e8f-abaa-6c38be90cdd2,0.07,false,false,near_mint,en,EUR,2025-04-20T23:27:12.695Z
Human,TAVR,Avacyn Restored Tokens,2,normal,common,1,18032,8894949b-f190-461e-996a-cf2b39f08a5d,0.12,false,false,near_mint,en,EUR,2025-04-20T23:27:12.695Z
Humbling Elder,TDM,Tarkir: Dragonstorm,48,normal,common,1,104562,3a84c3f8-0030-4653-880e-b2d19272f5fa,0.07,false,false,near_mint,en,EUR,2025-04-20T23:27:12.695Z
Hungry Ghoul,FDN,Foundations,62,normal,common,2,100701,790f9433-7565-4f7f-88e8-8af762ea0296,0.04,false,false,near_mint,en,EUR,2025-04-20T23:27:12.695Z
Hungry Graffalon,SOS,Secrets of Strixhaven,151,normal,common,2,112557,030b1272-5990-4bc9-8fc1-82cc05602060,0.02,false,false,near_mint,en,EUR,2026-05-08T10:13:36.464Z
Hungry Spriggan,MM3,Modern Masters 2017,129,normal,common,1,6084,c95da249-49db-4dae-9277-5d481ec480a9,0.08,false,false,near_mint,en,EUR,2025-06-16T17:24:56.249Z
Hydro-Channeler,SOS,Secrets of Strixhaven,54,normal,common,1,112563,099f8400-d70a-48ef-8ff6-645eae97e072,0.08,false,false,near_mint,es,EUR,2026-04-19T19:45:43.806Z
Hydro-Channeler,SOS,Secrets of Strixhaven,54,normal,common,2,112563,099f8400-d70a-48ef-8ff6-645eae97e072,0.06,false,false,near_mint,en,EUR,2026-05-08T10:13:36.432Z
Ice Cream Kitty,TMT,Teenage Mutant Ninja Turtles,150,normal,common,5,111579,66081fd3-2457-4602-96c4-3075ddfec1c2,0.11,false,false,near_mint,en,EUR,2026-03-06T23:49:55.756Z
Ice Flan,FIN,Final Fantasy,55,normal,common,2,106357,ad304c9c-943f-442f-bb82-ff378ad7d7ba,0.09,false,false,near_mint,en,EUR,2025-06-18T14:09:45.764Z
Ice Magic,FIN,Final Fantasy,56,normal,common,1,105677,9dabd626-7ec3-4913-babb-d5d3fd5e32d5,0.06,false,false,near_mint,en,EUR,2025-06-18T14:09:45.764Z
Icecave Crasher,EOE,Edge of Eternities,191,normal,common,3,107781,e6c1ed0c-0c0d-47a7-8ebc-67854cb226e0,0.14,false,false,near_mint,en,EUR,2025-08-01T19:16:32.510Z
Iceridge Serpent,TDM,Tarkir: Dragonstorm,49,normal,common,1,105167,d13f117b-b8e4-48db-8ce9-5da9c7ce23a5,0.02,false,false,near_mint,en,EUR,2025-04-20T23:27:12.695Z
Icewind Elemental,FDN,Foundations,42,normal,common,2,101629,fd0eba76-3829-408b-828f-0b223c884728,0.02,false,false,near_mint,en,EUR,2025-04-20T23:27:12.695Z
Ichor Shade,MOM,March of the Machine,112,normal,common,3,81306,0fd86fbf-eac2-456b-b4bb-437ff9be9b58,0.04,false,false,near_mint,en,EUR,2025-06-16T17:24:56.249Z
Iguana Parrot,TLA,Avatar: The Last Airbender,56,normal,common,1,108235,7faa3e3d-c08a-4908-85ef-1370d3f90815,0.03,false,false,near_mint,en,EUR,2025-11-26T15:34:18.488Z
Illvoi Light Jammer,EOE,Edge of Eternities,60,normal,common,2,107785,efb3d961-543c-4404-b4ed-1cb28ee411b3,0.11,false,false,near_mint,en,EUR,2025-08-01T19:16:32.510Z
Illvoi Operative,EOE,Edge of Eternities,61,normal,common,3,107773,d0ae9fc7-1802-4806-9996-1f1f458ff6a7,0.11,false,false,near_mint,en,EUR,2025-08-01T19:16:32.510Z
Immolating Souleater,NPH,New Phyrexia,139,normal,common,3,19746,abbaf916-067d-4834-a55c-b400fe0d8c1f,0.12,false,false,near_mint,es,EUR,2025-04-20T23:27:12.695Z
Impact Tremors,PLST,The List,DTK-140,normal,common,1,48376,acabeb7d-6f8f-4750-a29d-e0dd4e781c52,1.53,false,false,near_mint,es,EUR,2025-04-20T23:27:12.695Z
Imperious Inkmage,SOS,Secrets of Strixhaven,195,normal,common,1,112695,d5df1c3f-2536-4476-b8cd-34b026c38366,0.07,false,false,near_mint,en,EUR,2026-05-08T10:13:36.531Z
Incinerating Blast,FDN,Foundations,90,normal,common,2,101603,d58e20ab-c5ca-4295-884d-78efdaa83243,0.04,false,false,near_mint,en,EUR,2025-04-20T23:27:12.695Z
Incite,M11,Magic 2011,145,normal,common,1,21244,6ba4dcc6-05a5-43e9-b445-bae83180aa79,0.15,false,false,near_mint,es,EUR,2025-04-20T23:27:12.695Z
Infestation Sage,FDN,Foundations,64,normal,common,2,101601,d40c73de-7a5f-46f2-a70b-449bc8ecfe24,0.11,false,false,near_mint,es,EUR,2025-04-20T23:27:12.695Z
Infestation Sage,FDN,Foundations,64,normal,common,1,101601,d40c73de-7a5f-46f2-a70b-449bc8ecfe24,0.11,false,false,near_mint,en,EUR,2025-04-20T23:27:12.695Z
Inkling,TSOS,Secrets of Strixhaven Tokens,7,normal,common,1,112603,43e9f729-abaf-4000-8df5-fa46d59eff9e,,false,false,near_mint,es,EUR,2026-04-19T19:45:43.726Z
Inkling,TSOS,Secrets of Strixhaven Tokens,6,normal,common,1,112675,bab52920-9d67-4cd4-9015-6e645ff9764f,,false,false,near_mint,en,EUR,2026-05-08T10:13:36.479Z
Inkling,TSOS,Secrets of Strixhaven Tokens,7,normal,common,1,112603,43e9f729-abaf-4000-8df5-fa46d59eff9e,,false,false,near_mint,en,EUR,2026-05-08T10:13:36.494Z
Inkling Mascot,SOS,Secrets of Strixhaven,196,normal,common,1,111711,6d4a2f39-0e1e-4076-815a-2676a09a1aab,0.13,false,false,near_mint,es,EUR,2026-04-19T19:45:43.772Z
Inner Demons Gangsters,SPM,Marvel's Spider-Man,57,normal,common,1,108594,f0252819-4eda-457d-9688-b08b83b1edc9,0.04,false,false,near_mint,en,EUR,2025-09-30T23:51:40.191Z
Insectoid Exterminator,TMT,Teenage Mutant Ninja Turtles,64,normal,common,1,111615,ff26f7ff-7f70-4204-9b48-de9e21dc89ec,0.06,false,false,near_mint,en,EUR,2026-03-06T23:49:55.839Z
Inside Source,MKM,Murders at Karlov Manor,19,normal,common,2,90675,1548d181-3f83-457a-b2d3-eb88cfb2afda,0.04,false,false,near_mint,en,EUR,2025-04-20T23:27:12.695Z
Inspiring Overseer,BLC,Bloomburrow Commander,141,normal,common,1,96275,4b54cc11-c881-4fad-a43c-c085fcf3f231,0.26,false,false,near_mint,en,EUR,2025-11-06T20:40:57.429Z
Inspiring Overseer,SNC,Streets of New Capenna,18,normal,common,4,67694,35d9da1d-8678-4252-b0f8-9960795642f0,0.21,false,false,near_mint,es,EUR,2025-04-20T23:27:12.695Z
Inspiring Paladin,FDN,Foundations,18,normal,common,1,101472,0763be06-25b2-4d6b-ab33-a1af85aeb443,0.05,false,false,near_mint,en,EUR,2025-04-20T23:27:12.695Z
Instant Ramen,FIN,Final Fantasy,259,normal,common,1,106374,ef7011f4-fc08-4b15-973d-d15357cbe744,0.03,false,false,near_mint,en,EUR,2025-06-18T14:09:45.764Z
Interjection,SOS,Secrets of Strixhaven,22,normal,common,2,112560,0534cff6-299c-4155-b318-eb7581989e8a,0.06,false,false,near_mint,en,EUR,2026-05-08T10:13:36.435Z
Into the Roil,DDM,Duel Decks: Jace vs. Vraska,23,normal,common,1,14727,a4ab4c36-eb3e-496e-ad70-de7c36e3f71e,0.12,false,false,near_mint,es,EUR,2025-04-20T23:27:12.695Z
Intrepid Tenderfoot,EOE,Edge of Eternities,193,normal,common,2,107740,809df0ea-deff-47b9-83df-cc1f360d377e,0.12,false,false,near_mint,en,EUR,2025-08-01T19:16:32.510Z
Inventive Wingsmith,OTJ,Outlaws of Thunder Junction,17,normal,common,1,93316,b6b36bb3-dacc-44f6-adcd-2c2d65513d8c,0.02,false,false,near_mint,en,EUR,2025-10-27T10:57:33.331Z
Involuntary Employment,FDN,Foundations,203,normal,common,2,101622,f3ad3d62-2f24-4562-b3fa-809213dbc4a4,0.07,false,false,near_mint,en,EUR,2025-04-20T23:27:12.695Z
Iridescent Blademaster,MOM,March of the Machine,195,normal,common,2,81337,3fee189f-539f-48fa-b217-4b2599375364,0.06,false,false,near_mint,es,EUR,2025-04-20T23:27:12.695Z
Iron-Fist Pulverizer,OTJ,Outlaws of Thunder Junction,131,normal,common,2,93352,cd7f984a-0b56-45df-958d-6178e4da61ed,0.03,false,false,near_mint,en,EUR,2025-10-27T10:57:33.331Z
Island,ECL,Lorwyn Eclipsed,270,normal,common,2,110392,b0da67fb-1cb2-4105-ab5c-b7c680b8116c,0.08,false,false,near_mint,en,EUR,2026-01-25T20:47:46.686Z
Island,EOE,Edge of Eternities,263,normal,common,2,106783,76313c69-8ec7-49e3-a34e-ade26097284c,0.32,false,false,near_mint,en,EUR,2025-08-01T19:16:32.510Z
Island,EOE,Edge of Eternities,270,normal,common,1,106987,2fb9ecfd-8025-48c0-a306-b4deebde2949,0.14,false,false,near_mint,en,EUR,2025-08-02T12:05:52.876Z
Island,FIN,Final Fantasy,297,normal,common,2,105700,b92ec9f6-a56d-40c6-aee2-7d5e1524c985,0.11,false,false,near_mint,en,EUR,2025-06-18T14:09:45.764Z
Island,FIN,Final Fantasy,299,normal,common,3,105587,347e00db-abcf-4053-aa27-4a5b42e1da55,0.11,false,false,near_mint,en,EUR,2025-06-18T14:09:45.764Z
Island,FIN,Final Fantasy,298,normal,common,2,105751,eeecf096-87dd-4dcb-953f-700445bf3f3a,0.06,false,false,near_mint,en,EUR,2025-06-18T14:09:45.764Z
Island,LTR,The Lord of the Rings: Tales of Middle-earth,275,normal,common,1,83289,8fee8302-39ca-43c3-b139-62e591559306,0.34,false,false,near_mint,en,EUR,2026-04-19T14:28:02.876Z
Island,OTJ,Outlaws of Thunder Junction,273,normal,common,3,91809,a624d656-207d-4e73-b615-59e7cf64ad64,0.25,false,false,near_mint,en,EUR,2025-10-27T10:57:33.331Z
Island,OTJ,Outlaws of Thunder Junction,280,normal,common,2,93746,91be4db0-7cb3-4202-939b-cb7a26e90019,0.1,false,false,near_mint,en,EUR,2025-10-27T10:57:33.331Z
Island,OTJ,Outlaws of Thunder Junction,279,normal,common,2,93801,acd6be3f-745c-41ad-95c9-1db66ba56be2,0.13,false,false,near_mint,en,EUR,2025-10-27T10:57:33.331Z
Island,SPM,Marvel's Spider-Man,190,normal,common,3,107884,d59cb0b5-fd4f-4dde-a69f-7ca6aa12b89f,0.08,false,false,near_mint,en,EUR,2025-09-30T23:51:40.191Z
Island,SPM,Marvel's Spider-Man,195,normal,common,2,107614,14fcdc57-12e2-429b-8916-4df752e462d4,0.12,false,false,near_mint,en,EUR,2025-09-30T23:51:40.191Z
Island,TLA,Avatar: The Last Airbender,283,normal,common,3,108255,a2e22347-f0cb-4cfd-88a3-4f46a16e4946,0.11,false,false,near_mint,en,EUR,2025-11-26T15:34:18.488Z
Island,TMT,Teenage Mutant Ninja Turtles,192,normal,common,2,111348,be2319a6-d089-4d13-8a7b-3552e654cdc5,0.07,false,false,near_mint,en,EUR,2026-03-06T23:49:55.743Z
Island,UND,Unsanctioned,89,normal,common,55,47273,c5258f33-02c6-4b45-b4de-4429b4508924,0.09,false,false,near_mint,es,EUR,2025-04-20T23:27:12.695Z
It'll Quench Ya!,TLA,Avatar: The Last Airbender,58,normal,common,1,108199,47c25e41-f43c-4447-81b5-b9631448bd29,0.08,false,false,near_mint,en,EUR,2025-11-26T15:34:18.488Z
Izzet Guildgate,C19,Commander 2019,253,normal,common,1,45681,c60c576b-a1ea-41d2-a1d8-4417c11ed48e,0.15,false,false,near_mint,es,EUR,2025-04-20T23:27:12.695Z
Jaded Analyst,MKM,Murders at Karlov Manor,62,normal,common,1,90735,2807dcfb-d99c-483b-835f-2606eae4bd30,0.04,false,false,near_mint,en,EUR,2025-04-20T23:27:12.695Z
"Jennika, Bad Apple Big Sister",TMT,Teenage Mutant Ninja Turtles,10,normal,common,1,111501,a5b83101-e3ef-4ffe-a886-4fc2b57a0947,0.04,false,false,near_mint,en,EUR,2026-03-06T23:49:55.835Z
Jibbirik Omnivore,DFT,Aetherdrift,166,normal,common,1,103522,68a0569b-65c8-49ce-91ac-e639b8faf939,0.08,false,false,near_mint,en,EUR,2025-04-20T23:27:12.695Z
Jungle Hollow,DFT,Aetherdrift,256,foil,common,1,103126,7dd24a1a-08db-4fa7-8939-f5541677327e,0.1,false,false,near_mint,en,EUR,2025-04-20T23:27:12.695Z
Jungle Hollow,FDN,Foundations,263,normal,common,2,101224,dc758e14-d370-45e4-bbc5-938fb4d21127,0.06,false,false,near_mint,en,EUR,2025-04-20T23:27:12.695Z
Jungle Hollow,PLST,The List,KTK-235,normal,common,2,47678,b7c3df5f-baa6-4cbd-8ecf-cdf590475172,0.15,false,false,near_mint,es,EUR,2025-04-20T23:27:12.695Z
Jungle Hollow,TDM,Tarkir: Dragonstorm,258,normal,common,2,104375,ea13440b-3f7b-4182-9541-27c1fa3121e5,0.02,false,false,near_mint,en,EUR,2025-04-20T23:27:12.695Z
Kapow!,SPM,Marvel's Spider-Man,103,normal,common,1,107674,cec575f6-43c9-41c6-a996-bb806bf82185,0.06,false,false,near_mint,en,EUR,2025-09-30T23:51:40.191Z
Karfell Kennel-Master,KHM,Kaldheim,101,normal,common,2,57156,f670c380-6faa-42ec-ab41-6be8137169b2,0.03,false,false,near_mint,es,EUR,2025-04-20T23:27:12.695Z
Kavaron Skywarden,EOE,Edge of Eternities,140,normal,common,1,107726,617038a8-0544-4d0e-8ff1-c786e60ecd59,0.09,false,false,near_mint,en,EUR,2025-08-02T12:05:52.876Z
Kavaron Turbodrone,EOE,Edge of Eternities,141,normal,common,2,107788,f5e92cdd-75df-499e-94f7-22287f1000b3,0.1,false,false,near_mint,en,EUR,2025-08-01T19:16:32.510Z
Keen Buccaneer,DFT,Aetherdrift,48,normal,common,1,103429,0ed90a63-5aca-470a-8e1e-518d8aeb6d91,0.06,false,false,near_mint,en,EUR,2025-04-20T23:27:12.695Z
Kemba's Skyguard,SOM,Scars of Mirrodin,13,normal,common,2,21019,b9f20a74-7614-4bd9-ac08-0e098f98df0c,0.1,false,false,near_mint,es,EUR,2025-04-20T23:27:12.695Z
Kickoff Celebrations,DFT,Aetherdrift,135,foil,common,1,103498,4e5590e1-0ac0-4bdd-815b-136bf24ced03,0.12,false,false,near_mint,en,EUR,2025-04-20T23:27:12.695Z
Kickoff Celebrations,DFT,Aetherdrift,135,normal,common,1,103498,4e5590e1-0ac0-4bdd-815b-136bf24ced03,0.06,false,false,near_mint,en,EUR,2025-04-20T23:27:12.695Z
Kill Shot,KTK,Khans of Tarkir,15,normal,common,2,13383,f30d4136-78a3-4760-83af-d365cc97d118,0.04,false,false,near_mint,es,EUR,2025-04-20T23:27:12.695Z
Kin-Tree Nurturer,TDM,Tarkir: Dragonstorm,83,normal,common,1,105124,2177ef64-28bf-4acf-b1f1-c1408f03c411,0.02,false,false,near_mint,en,EUR,2025-04-20T23:27:12.695Z
Kinjalli's Caller,XLN,Ixalan,18,normal,common,1,3994,625211d4-c89c-4aee-a0b0-4bfabd3509ad,0.1,false,false,near_mint,es,EUR,2025-04-20T23:27:12.695Z
Kithkin,TECL,Lorwyn Eclipsed Tokens,7,normal,common,5,110711,2ed11e1b-2289-48d2-8d96-ee7e590ecfd4,,false,false,near_mint,en,EUR,2026-01-25T20:47:46.670Z
Knight Luminary,EOE,Edge of Eternities,23,normal,common,2,107708,34334971-c1b7-4506-a6dd-77f66b3ae4e7,0.11,false,false,near_mint,en,EUR,2025-08-01T19:16:32.510Z
Knight of the Keep,ELD,Throne of Eldraine,19,normal,common,3,46319,0d49653d-cd4e-40a7-99de-fc531b5d8594,0.03,false,false,near_mint,es,EUR,2025-04-20T23:27:12.695Z
Kraven's Cats,SPM,Marvel's Spider-Man,104,normal,common,1,107649,86c415d8-1d2d-4339-955b-0f2aebeb3c95,0.03,false,false,near_mint,en,EUR,2025-09-30T23:51:40.191Z
Krotiq Nestguard,TDM,Tarkir: Dragonstorm,148,normal,common,1,104862,a5d0a9fb-1068-478d-a78c-6fd77cc313f0,0.02,false,false,near_mint,en,EUR,2025-04-20T23:27:12.695Z
Kruin Striker,J25,Foundations Jumpstart,573,normal,common,1,101051,b9788412-219e-4748-8684-ccabbb19df18,0.1,false,false,near_mint,en,EUR,2025-04-20T23:27:12.695Z
Kuldotha Rebirth,SOM,Scars of Mirrodin,96,normal,common,1,20936,7ee07266-a95d-4cd8-9863-1664922e9490,1.09,false,false,near_mint,en,EUR,2025-04-20T23:27:12.695Z
Kulrath Mystic,ECL,Lorwyn Eclipsed,56,normal,common,1,110477,377d257c-920c-4dd4-a4b1-01cbc631ef8f,0.03,false,false,near_mint,en,EUR,2026-01-25T20:47:46.769Z
Kulrath Zealot,ECL,Lorwyn Eclipsed,148,normal,common,2,110718,3502685d-4e57-4c5c-94c6-ae69048cdfbf,0.07,false,false,near_mint,en,EUR,2026-01-25T20:47:46.771Z
Kyoshi Battle Fan,TLA,Avatar: The Last Airbender,257,normal,common,2,109659,257e6862-96fe-4312-aff2-509d0696843a,0.05,false,false,near_mint,en,EUR,2025-11-26T15:34:18.488Z
Kyoshi Warriors,TLA,Avatar: The Last Airbender,26,normal,common,1,109651,211045e1-85c7-4088-b830-a2afa0fe520b,0.04,false,false,near_mint,en,EUR,2025-11-26T15:34:18.488Z
Lambholt Harrier,MID,Innistrad: Midnight Hunt,145,normal,common,3,63476,e2a732ca-cd68-465f-8e44-783e1fe34e44,0.06,false,false,near_mint,es,EUR,2025-04-20T23:27:12.695Z
Lander,TEOE,Edge of Eternities Tokens,8,normal,common,1,107081,85ef1950-219f-401b-8ff5-914f9aaec122,,false,false,near_mint,en,EUR,2025-08-01T19:16:32.510Z
Lander,TEOE,Edge of Eternities Tokens,5,normal,common,2,107761,ba3b3b34-0ffa-41a4-8529-7b9d2946a1ac,,false,false,near_mint,en,EUR,2025-08-01T19:16:32.510Z
Lander,TEOE,Edge of Eternities Tokens,7,normal,common,3,107768,c1d0baf8-db86-4a98-84fa-43aa32e0980f,,false,false,near_mint,en,EUR,2025-08-01T19:16:32.510Z
Landscape Painter // Vibrant Idea,SOS,Secrets of Strixhaven,56,normal,common,1,112264,c0bd30c4-3cdf-4eda-8be5-0fb5e5ddddbf,0.19,false,false,near_mint,es,EUR,2026-04-19T19:45:43.802Z
Landscape Painter // Vibrant Idea,SOS,Secrets of Strixhaven,56,normal,common,1,112264,c0bd30c4-3cdf-4eda-8be5-0fb5e5ddddbf,0.04,false,false,near_mint,en,EUR,2026-05-08T10:13:36.505Z
Last Gasp,SOS,Secrets of Strixhaven,86,normal,common,1,112698,da5f3729-6ec7-4482-90cb-83b973edeae4,0.08,false,false,near_mint,es,EUR,2026-04-19T19:45:43.764Z
Last Gasp,SOS,Secrets of Strixhaven,86,normal,common,1,112698,da5f3729-6ec7-4482-90cb-83b973edeae4,0.03,false,false,near_mint,en,EUR,2026-05-08T10:13:36.448Z
Laughing Mad,FIN,Final Fantasy,143,normal,common,1,106168,cd5b9daf-6325-4eb4-a069-4a8cc7807884,0.09,false,false,near_mint,en,EUR,2025-06-18T14:09:45.764Z
"Leonardo, Big Brother",TMT,Teenage Mutant Ninja Turtles,14,normal,common,1,111534,e802838f-cc8c-4313-8c3b-32a6a7248e64,0.15,false,false,near_mint,en,EUR,2026-03-06T23:49:55.766Z
Leonin Surveyor,DFT,Aetherdrift,18,normal,common,2,103653,e08e4107-213f-491b-a032-8e3367009ba8,0.07,false,false,near_mint,en,EUR,2025-04-20T23:27:12.695Z
Light of Judgment,FIN,Final Fantasy,144,normal,common,1,106600,98bb716d-ca66-445f-9cb3-0fc656c8ebff,0.06,false,false,near_mint,en,EUR,2025-06-18T14:09:45.764Z
Lightfoot Technique,TDM,Tarkir: Dragonstorm,14,normal,common,1,104910,baac1a41-d44d-4184-9147-b4233e73de65,0.04,false,false,near_mint,en,EUR,2025-04-20T23:27:12.695Z
Lightning Strike,DFT,Aetherdrift,136,normal,common,1,103461,30077b49-b825-4dbb-a0c7-f3992f647df0,0.06,false,false,near_mint,en,EUR,2025-04-20T23:27:12.695Z
Lightning Strike,GN2,Game Night 2019,42,normal,common,3,46601,116d6679-2834-4cfe-a848-846c17f1af42,0.18,false,false,near_mint,es,EUR,2025-04-20T23:27:12.695Z
Lightning Strike,TLA,Avatar: The Last Airbender,146,normal,common,2,108213,5787b0e0-9469-4a6d-8b81-c992628e28c0,0.09,false,false,near_mint,en,EUR,2025-11-26T15:34:18.488Z
Lightshell Duo,FDN,Foundations,157,normal,common,3,101063,bb75315c-ea8f-4eb0-899e-c73ef75fc396,0.05,false,false,near_mint,en,EUR,2025-04-20T23:27:12.695Z
Lightshield Parry,DFT,Aetherdrift,19,foil,common,1,103302,dcf6a0e7-1fd4-425f-b634-c93236daea35,0.08,false,false,near_mint,en,EUR,2025-04-20T23:27:12.695Z
Lightshield Parry,DFT,Aetherdrift,19,normal,common,1,103302,dcf6a0e7-1fd4-425f-b634-c93236daea35,0.02,false,false,near_mint,en,EUR,2025-04-20T23:27:12.695Z
Lightwheel Enhancements,DFT,Aetherdrift,20,normal,common,2,103583,9ab169c1-4e25-4a5d-8961-4f06298c3781,0.09,false,false,near_mint,en,EUR,2025-04-20T23:27:12.695Z
Liminal Hold,ECL,Lorwyn Eclipsed,24,normal,common,1,110583,a5a40c16-7a5c-4ad1-be53-6b1b1be2affe,0.04,false,false,near_mint,en,EUR,2026-01-25T20:47:46.743Z
Llanowar Elves,FDN,Foundations,227,normal,common,2,95583,6a0b230b-d391-4998-a3f7-7b158a0ec2cd,0.17,false,false,near_mint,en,EUR,2025-04-20T23:27:12.695Z
Llanowar Elves,FDN,Foundations,227,normal,common,4,95583,6a0b230b-d391-4998-a3f7-7b158a0ec2cd,0.17,false,false,near_mint,es,EUR,2025-04-20T23:27:12.695Z
Loan Shark,OTJ,Outlaws of Thunder Junction,55,normal,common,1,93147,49f12760-ff07-4c9f-a7a9-1e64bd3a9adf,0.02,false,false,near_mint,en,EUR,2025-10-27T10:57:33.331Z
Loathsome Curator,MH2,Modern Horizons 2,91,normal,common,1,59412,11a59a6f-6ef0-4acc-8358-a4e2cebdb7d5,0.06,false,false,near_mint,en,EUR,2025-06-16T17:24:56.249Z
Loporrit Scout,FIN,Final Fantasy,192,normal,common,1,106612,a182bc66-bfda-4bf5-bd12-3de5dba60945,0.04,false,false,near_mint,en,EUR,2025-06-18T14:09:45.764Z
Lost in Space,EOE,Edge of Eternities,62,normal,common,2,107733,6d9d7979-97af-4c85-86f5-1b3704f74e8b,0.05,false,false,near_mint,en,EUR,2025-08-01T19:16:32.510Z
Lotusguard Disciple,DFT,Aetherdrift,21,foil,common,1,103553,80645651-3804-481f-8f8f-ade762a011e1,0.02,false,false,near_mint,en,EUR,2025-04-20T23:27:12.695Z
Lotusguard Disciple,DFT,Aetherdrift,21,normal,common,1,103553,80645651-3804-481f-8f8f-ade762a011e1,0.03,false,false,near_mint,en,EUR,2025-04-20T23:27:12.695Z
Loxodon Convert,NPH,New Phyrexia,14,normal,common,1,19871,00c050c3-4f50-4bb6-8477-6737887ca10d,0.1,false,false,near_mint,en,EUR,2025-04-20T23:27:12.695Z
Loxodon Eavesdropper,MKM,Murders at Karlov Manor,168,normal,common,1,91158,bbbf8c3a-6c74-42fd-bb8d-61e3f0a77848,0.02,false,false,near_mint,en,EUR,2025-06-16T17:24:56.249Z
Loxodon Surveyor,DFT,Aetherdrift,167,normal,common,2,103632,cd1cecb1-6776-4495-be56-b7dde65453f1,0.04,false,false,near_mint,en,EUR,2025-04-20T23:27:12.695Z
Luminous Rebuke,FDN,Foundations,20,normal,common,2,101529,621839e1-2756-4cdc-a25c-5f76ea98dd87,0.03,false,false,near_mint,en,EUR,2025-04-20T23:27:12.695Z
Lunatic Pandora,FIN,Final Fantasy,262,normal,common,2,106659,d6e1e3e7-20d4-42cb-ad22-60356b9e8fdc,0.08,false,false,near_mint,en,EUR,2025-06-18T14:09:45.764Z
Lurking Lizards,SPM,Marvel's Spider-Man,107,normal,common,1,107634,58b5b49c-ddd6-4d1b-9b61-6e02d8fc55ad,0.05,false,false,near_mint,en,EUR,2025-09-30T23:51:40.191Z
Lush Oasis,OTJ,Outlaws of Thunder Junction,261,normal,common,2,93276,988e44c5-4632-4ebb-b6ae-c3886e49d637,0.12,false,false,near_mint,en,EUR,2025-10-27T10:57:33.331Z
Luxknight Breacher,EOE,Edge of Eternities,26,normal,common,2,107537,c1236731-0d33-4705-8077-3cf58acf9a39,0.17,false,false,near_mint,en,EUR,2025-08-01T19:16:32.510Z
Lys Alana Informant,ECL,Lorwyn Eclipsed,181,normal,common,1,110386,a79649c4-559e-4306-a102-5fd8750629c7,0.05,false,false,near_mint,en,EUR,2026-01-25T20:47:46.709Z
Macabre Reconstruction,MKM,Murders at Karlov Manor,93,normal,common,1,91117,abb6184c-e3d0-4275-b25b-95e4a64b26f3,0.1,false,false,near_mint,en,EUR,2025-06-16T17:24:56.249Z
Macabre Waltz,FDN,Foundations,177,normal,common,1,101509,4d1f3c84-89ba-4426-a80b-d524f172c912,0.02,false,false,near_mint,en,EUR,2025-04-20T23:27:12.695Z
Maestros Theater,EOC,Edge of Eternities Commander,167,normal,common,1,107175,d4087ba6-8227-4ec3-a989-0833ad6c8788,0.29,false,false,near_mint,en,EUR,2025-08-06T14:50:32.528Z
Mage Tower Referee,SOS,Secrets of Strixhaven,249,normal,common,1,112568,1ceb704a-97a8-49f9-b799-30f001404144,0.1,false,false,near_mint,es,EUR,2026-04-19T19:45:43.799Z
Mage Tower Referee,SOS,Secrets of Strixhaven,249,normal,common,1,112568,1ceb704a-97a8-49f9-b799-30f001404144,0.07,false,false,near_mint,en,EUR,2026-05-08T10:13:36.488Z
Magic Pot,FIN,Final Fantasy,263,normal,common,1,106553,57d07ca0-5618-4a90-a605-ca14a193ce3b,0.05,false,false,near_mint,en,EUR,2025-06-18T14:09:45.764Z
Magmakin Artillerist,DFT,Aetherdrift,137,normal,common,2,103454,2ac26341-a100-424d-be84-33fbbf1b4078,0.14,false,false,near_mint,en,EUR,2025-04-20T23:27:12.695Z
Magnifying Glass,MKM,Murders at Karlov Manor,255,normal,common,1,91192,c606a71f-8fb0-486b-955f-727ebf436946,0.08,false,false,near_mint,en,EUR,2025-04-20T23:27:12.695Z
Magnigoth Sentry,DMU,Dominaria United,172,normal,common,2,71795,d939d4bc-b7e8-4ee8-b904-68f0bff0fde1,0.04,false,false,near_mint,es,EUR,2025-04-20T23:27:12.695Z
Make Your Move,FDN,Foundations,143,normal,common,4,101546,7368f861-3288-4645-90a7-ca35d6da3721,0.05,false,false,near_mint,en,EUR,2025-04-20T23:27:12.695Z
Make Your Move,MKM,Murders at Karlov Manor,22,normal,common,1,90968,73475d29-2673-4614-86d3-404232426aa8,0.06,false,false,near_mint,en,EUR,2025-04-20T23:27:12.695Z
Make Your Move,TMT,Teenage Mutant Ninja Turtles,20,normal,common,2,111537,ed8bdd98-6377-40cf-b381-cee38b1bda2a,0.1,false,false,near_mint,en,EUR,2026-03-06T23:49:55.730Z
Makeshift Binding,MKM,Murders at Karlov Manor,23,normal,common,1,91261,e45d2e0c-d70d-40e5-8c3d-db6803393516,0.09,false,false,near_mint,en,EUR,2025-04-20T23:27:12.695Z
Manhole Missile,TMT,Teenage Mutant Ninja Turtles,94,normal,common,1,111444,243e392b-48b0-4e90-ae22-9a696f45e878,0.07,false,false,near_mint,en,EUR,2026-03-06T23:49:55.826Z
Many Partings,LTR,The Lord of the Rings: Tales of Middle-earth,176,normal,common,2,83528,d179dbbe-9c79-4dbc-955a-5209a3e2745a,0.1,false,false,near_mint,es,EUR,2025-04-20T23:27:12.695Z
Marauding Blight-Priest,FDN,Foundations,178,normal,common,5,101528,5f70dafc-c638-4ec0-ab5b-62998f752720,0.08,false,false,near_mint,en,EUR,2025-04-20T23:27:12.695Z
Masked Meower,SPM,Marvel's Spider-Man,82,normal,common,1,107643,6aa0dc1f-6c83-4ac9-b4f2-428e0e0bbf88,0.11,false,false,near_mint,en,EUR,2025-09-30T23:51:40.191Z
Masterful Flourish,SOS,Secrets of Strixhaven,89,normal,common,1,112643,8d93d14d-7760-4af2-a237-2df326dd28d3,0.17,false,false,near_mint,es,EUR,2026-04-19T19:45:43.783Z
Maximum Overdrive,DFT,Aetherdrift,96,normal,common,2,103513,5f6e5bb2-cfe9-48e5-86f9-e21f3d328327,0.1,false,false,near_mint,en,EUR,2025-04-20T23:27:12.695Z
Mechan Shieldmate,EOE,Edge of Eternities,65,normal,common,1,107736,745b2119-4d9f-431f-89b9-10ad48b6dc47,0.07,false,false,near_mint,en,EUR,2025-08-02T12:05:52.876Z
Mechanical Mobster,SPM,Marvel's Spider-Man,168,normal,common,1,107644,6c6d9ecc-2dd1-471a-8678-a2461b1084fa,0.06,false,false,near_mint,en,EUR,2025-09-30T23:51:40.191Z
Mechanized Ninja Cavalry,TMT,Teenage Mutant Ninja Turtles,156,normal,common,2,111445,2cb65388-dc6c-4e2a-93ac-49ea484849e9,0.09,false,false,near_mint,en,EUR,2026-03-06T23:49:55.750Z
Mechanozoa,EOE,Edge of Eternities,66,normal,common,1,106948,0cb8d8ce-329a-4a97-b3d8-796703ebcb37,0.17,false,false,near_mint,en,EUR,2025-08-01T19:16:32.510Z
Melancholic Poet,SOS,Secrets of Strixhaven,90,normal,common,1,112696,d8309815-7035-47a5-acf2-2b2ac1e65037,0.11,false,false,near_mint,es,EUR,2026-04-19T19:45:43.747Z
Melancholic Poet,SOS,Secrets of Strixhaven,90,normal,common,1,112696,d8309815-7035-47a5-acf2-2b2ac1e65037,0.03,false,false,near_mint,en,EUR,2026-05-08T10:13:36.433Z
Melded Moxite,EOE,Edge of Eternities,143,normal,common,1,107421,474c067f-eb24-4ae8-b4c0-f6f8e24cdb2a,0.22,false,false,near_mint,en,EUR,2025-08-01T19:16:32.510Z
Meltstrider's Gear,EOE,Edge of Eternities,198,normal,common,1,107775,d75629cb-91e2-46fa-9c80-6feb29e1ceb8,0.16,false,false,near_mint,en,EUR,2025-08-01T19:16:32.510Z
Mental Modulation,EOE,Edge of Eternities,67,normal,common,2,107693,0f2d12fc-38a0-42e6-9caa-7c18bfcf0011,0.14,false,false,near_mint,en,EUR,2025-08-01T19:16:32.510Z
Merciless Enforcers,SPM,Marvel's Spider-Man,58,normal,common,1,107686,fba9c76c-1432-4554-88bd-3f5e8709a963,0.06,false,false,near_mint,en,EUR,2025-09-30T23:51:40.191Z
Merrow Skyswimmer,ECL,Lorwyn Eclipsed,234,normal,common,1,110676,075b419a-fd44-4a9a-8c40-474562b7e11a,0.1,false,false,near_mint,en,EUR,2026-01-25T20:47:46.708Z
Mesa Cavalier,DMU,Dominaria United,26,normal,common,3,71884,feeec740-7ffc-4f57-b52c-92209da91d69,0.05,false,false,near_mint,es,EUR,2025-04-20T23:27:12.695Z
Messenger Hawk,TLA,Avatar: The Last Airbender,234,normal,common,1,109713,6a2946c0-0a40-4cdb-92c8-af2bafecca09,0.07,false,false,near_mint,en,EUR,2025-11-26T15:34:18.488Z
"Michelangelo, Game Master",TMT,Teenage Mutant Ninja Turtles,118,normal,common,1,111448,2e914c3d-2eed-48bf-af9a-a8998fd5111d,0.07,false,false,near_mint,en,EUR,2026-03-06T23:49:55.789Z
Midnight Mangler,DFT,Aetherdrift,50,normal,common,2,102951,237568e3-7331-4bbb-a091-a766723134fc,0.08,false,false,near_mint,en,EUR,2025-04-20T23:27:12.695Z
Midnight Tilling,ECL,Lorwyn Eclipsed,182,normal,common,1,110619,c5112bbf-752c-41e7-9c61-4c81e6a77463,0.1,false,false,near_mint,en,EUR,2026-01-25T20:47:46.714Z
Might of Murasa,ZNR,Zendikar Rising,194,normal,common,4,54528,42914fd9-e56e-4c3e-a445-fdfa45a45178,0.02,false,false,near_mint,es,EUR,2025-04-20T23:27:12.695Z
Migrating Ketradon,DFT,Aetherdrift,170,normal,common,1,103597,a9ba2219-8184-4141-8708-845cb0957299,0.04,false,false,near_mint,en,EUR,2025-04-20T23:27:12.695Z
Mind Stone,PLST,The List,C18-210,normal,common,1,47745,616fa067-0d10-4111-bcc6-84d97a13b5ce,0.26,false,false,near_mint,es,EUR,2025-04-20T23:27:12.695Z
Mind Transfer Protocol,TMT,Teenage Mutant Ninja Turtles,45,normal,common,1,111447,2ddfcc4d-dd5f-42f1-8f33-a8e8b5354534,0.04,false,false,near_mint,en,EUR,2026-03-06T23:49:55.810Z
Mindful Biomancer,SOS,Secrets of Strixhaven,154,normal,common,1,112582,2c3a6eb8-ce0c-4dc8-9ed6-d2a9223eef53,0.1,false,false,near_mint,es,EUR,2026-04-19T19:45:43.774Z
Mindful Biomancer,SOS,Secrets of Strixhaven,154,normal,common,1,112582,2c3a6eb8-ce0c-4dc8-9ed6-d2a9223eef53,0.04,false,false,near_mint,en,EUR,2026-05-08T10:13:36.477Z
Mischievous Sneakling,ECL,Lorwyn Eclipsed,235,normal,common,1,110726,3b66fa00-2fa6-4060-9e7f-8e3fde6deb73,0.08,false,false,near_mint,en,EUR,2026-01-25T20:47:46.694Z
Mist Raven,PLST,The List,DDQ-26,normal,common,2,48920,c0ea1af2-e86d-4c62-92b1-55473b622592,0.1,false,false,near_mint,es,EUR,2025-04-20T23:27:12.695Z
Mistmeadow Council,ECL,Lorwyn Eclipsed,183,normal,common,1,110845,d4a7c9bc-81c8-4c31-96a9-eb6ba7715e7f,0.11,false,false,near_mint,en,EUR,2026-01-25T20:47:46.682Z
Mob Lookout,SPM,Marvel's Spider-Man,136,normal,common,2,108585,e0e3b660-d391-454b-ba57-bff4ddcf27b7,0.04,false,false,near_mint,en,EUR,2025-09-30T23:51:40.191Z
Mocking Sprite,FDN,Foundations,159,normal,common,1,101624,f6792f63-b651-497d-8aa5-cddf4cedeca8,0.09,false,false,near_mint,en,EUR,2025-04-20T23:27:12.695Z
Mocking Sprite,WOE,Wilds of Eldraine,62,normal,common,1,85788,e595014d-4ff4-4561-b7f2-a9bd56300b01,0.1,false,false,near_mint,es,EUR,2025-04-20T23:27:12.695Z
Molten Exhale,TDM,Tarkir: Dragonstorm,113,normal,common,1,104440,0ab95aab-a4bf-4131-83a0-2c138b6f20c3,0.02,false,false,near_mint,en,EUR,2025-04-20T23:27:12.695Z
Moment of Craving,PLST,The List,RIX-79,normal,common,1,48638,2589a32c-c09f-4479-ac23-4a08a984f2e7,0.06,false,false,near_mint,es,EUR,2025-04-20T23:27:12.695Z
Monastery Messenger,TDM,Tarkir: Dragonstorm,208,normal,common,1,104443,0c9eeced-6464-41f0-bbea-05b3af4cc005,0.04,false,false,near_mint,en,EUR,2025-04-20T23:27:12.695Z
Moogle,TFIN,Final Fantasy Tokens,11,normal,common,1,105862,295b78dc-b26d-4e92-8f75-916566c4db14,0.4,false,false,near_mint,en,EUR,2025-06-18T14:09:45.764Z
Moonglove Extractor,ECL,Lorwyn Eclipsed,109,normal,common,2,110369,8383e0ab-81b4-4a6b-b87b-dd9180dca1c2,0.06,false,false,near_mint,en,EUR,2026-01-25T20:47:46.772Z
Moonlight Geist,AVR,Avacyn Restored,29,normal,common,1,18249,4cf4c4cf-df35-4725-81ca-d62b70b8d0dd,0.05,false,false,near_mint,en,EUR,2025-04-20T23:27:12.695Z
Mordor Trebuchet,LTR,The Lord of the Rings: Tales of Middle-earth,97,normal,common,2,83140,648bc8ae-1798-4c2f-a372-0487a90ba4d3,0.06,false,false,near_mint,es,EUR,2025-04-20T23:27:12.695Z
Mountain,ECL,Lorwyn Eclipsed,272,normal,common,1,110313,295b92bc-d66f-45d8-9bbe-5f5f13e39fd4,0.13,false,false,near_mint,en,EUR,2026-01-25T20:47:46.671Z
Mountain,ECL,Lorwyn Eclipsed,277,normal,common,1,110381,9b6fe3e2-a2cf-4209-ac9b-e04d02599360,0.2,false,false,near_mint,en,EUR,2026-01-25T20:47:46.775Z
Mountain,ECL,Lorwyn Eclipsed,282,normal,common,1,110377,96e14936-5614-46ba-874c-c1357243fe02,0.02,false,false,near_mint,en,EUR,2026-01-25T20:47:46.791Z
Mountain,EOE,Edge of Eternities,274,normal,common,4,107186,de0ac2b0-175b-4e71-9172-ce2a72234818,0.12,false,false,near_mint,en,EUR,2025-08-01T19:16:32.510Z
Mountain,EOE,Edge of Eternities,265,normal,common,1,106776,3204f401-1bcb-4d97-b15d-113a5d3c3e9f,0.34,false,false,near_mint,en,EUR,2025-08-01T19:16:32.510Z
Mountain,EOE,Edge of Eternities,273,normal,common,2,107028,5cd39b01-9a06-4575-9c63-9fb3ba9ef101,0.1,false,false,near_mint,en,EUR,2025-08-01T19:16:32.510Z
Mountain,FDN,Foundations,279,normal,common,1,100229,1edc5050-69bd-416d-b04c-7f82de2a1901,0.15,false,false,near_mint,en,EUR,2025-04-20T23:27:12.695Z
Mountain,FDN,Foundations,278,normal,common,70,100284,279df7e2-2a3b-464a-a7df-e91da28e3a8c,0.27,false,false,near_mint,es,EUR,2025-04-20T23:27:12.695Z
Mountain,FIN,Final Fantasy,304,normal,common,2,105719,d061b9a8-e95d-48ec-a1c9-337433b62dfc,0.14,false,false,near_mint,en,EUR,2025-06-18T14:09:45.764Z
Mountain,FIN,Final Fantasy,303,normal,common,3,105679,a18ef64b-a9de-4548-b4d5-168758442db7,0.13,false,false,near_mint,en,EUR,2025-06-18T14:09:45.764Z
Mountain,FIN,Final Fantasy,305,normal,common,2,105745,ea1735b9-fd10-4c9c-b9d3-046d8c22b852,0.05,false,false,near_mint,en,EUR,2025-06-18T14:09:45.764Z
Mountain,MKM,Murders at Karlov Manor,284,normal,common,8,91214,cd8a0cd6-8d3b-44bd-b609-c12fb851d17b,0.17,false,false,near_mint,en,EUR,2025-04-20T23:27:12.695Z
Mountain,OTJ,Outlaws of Thunder Junction,284,normal,common,2,93529,2237ee9b-fff6-472c-903c-11faf9bb116d,0.1,false,false,near_mint,en,EUR,2025-10-27T10:57:33.331Z
Mountain,OTJ,Outlaws of Thunder Junction,275,normal,common,2,91794,0a7dbfd2-cda7-4fc9-9677-e442fb5f5f6f,0.2,false,false,near_mint,en,EUR,2025-10-27T10:57:33.331Z
Mountain,OTJ,Outlaws of Thunder Junction,283,normal,common,2,93745,9137b4aa-2289-4a4d-b1f5-ae75a0928278,0.17,false,false,near_mint,en,EUR,2025-10-27T10:57:33.331Z
Mountain,SOS,Secrets of Strixhaven,279,normal,common,1,112096,bce45bc0-accd-4853-a166-9dd5597526d5,0.08,false,false,near_mint,en,EUR,2026-05-08T10:13:36.495Z
Mountain,SPM,Marvel's Spider-Man,192,normal,common,3,107877,b044630d-50e7-431b-8e91-bd53e967f594,0.09,false,false,near_mint,en,EUR,2025-09-30T23:51:40.191Z
Mountain,TLA,Avatar: The Last Airbender,285,normal,common,2,108275,c44f81ca-f72f-445c-8901-3a894a2a47f9,0.09,false,false,near_mint,en,EUR,2025-11-26T15:34:18.488Z
Mounted Dreadknight,MID,Innistrad: Midnight Hunt,150,normal,common,3,63443,d1814fc8-011f-4cd4-825b-f00ae6ec0fe0,0.04,false,false,near_mint,es,EUR,2025-04-20T23:27:12.695Z
Mourner's Surprise,OTJ,Outlaws of Thunder Junction,94,normal,common,1,93274,980b0b68-7218-49c6-b6bf-022218f3abf4,0.06,false,false,near_mint,en,EUR,2025-10-27T10:57:33.331Z
Mouser Attack!,TMT,Teenage Mutant Ninja Turtles,95,normal,common,2,111437,058490f4-0ada-45e6-b4f0-e433537f52d6,0.02,false,false,near_mint,en,EUR,2026-03-06T23:49:55.762Z
Mouser Foundry,TMT,Teenage Mutant Ninja Turtles,96,normal,common,1,111490,8aae3bd6-a935-44a5-aa4d-a525b00cbf50,0.11,false,false,near_mint,en,EUR,2026-03-06T23:49:55.795Z
Murasa Brute,ZNR,Zendikar Rising,195,normal,common,3,54812,efe1c5b2-4356-41ae-ab7e-ad9fc835a911,0.04,false,false,near_mint,es,EUR,2025-04-20T23:27:12.695Z
Muse's Encouragement,SOS,Secrets of Strixhaven,61,normal,common,1,112301,c59e0004-1d6a-42a1-8ce4-31da2af2e1bf,0.15,false,false,near_mint,es,EUR,2026-04-19T19:45:43.820Z
Muse's Encouragement,SOS,Secrets of Strixhaven,61,normal,common,1,112301,c59e0004-1d6a-42a1-8ce4-31da2af2e1bf,0.08,false,false,near_mint,en,EUR,2026-05-08T10:13:36.490Z
Mushroom Watchdogs,LTR,The Lord of the Rings: Tales of Middle-earth,180,normal,common,2,83526,d15fd66d-fa7e-411d-9014-a56caa879d93,0.06,false,false,near_mint,es,EUR,2025-04-20T23:27:12.695Z
Mutagen,TTMT,Teenage Mutant Ninja Turtles Tokens,9,normal,common,4,109283,6559c423-449c-4e8e-8384-3ce78183e317,,false,false,near_mint,en,EUR,2026-03-06T23:49:55.771Z
Mutant Chain Reaction,TMT,Teenage Mutant Ninja Turtles,125,normal,common,2,111297,8763e0ee-a48e-424f-8bce-132582d5944b,0.08,false,false,near_mint,en,EUR,2026-03-06T23:49:55.753Z
Mutant Surveyor,DFT,Aetherdrift,98,normal,common,1,103547,7cec5105-3907-40d2-8e46-95acfaaaa0cc,0.03,false,false,near_mint,en,EUR,2025-04-20T23:27:12.695Z
Mysidian Elder,FIN,Final Fantasy,145,normal,common,1,106566,6bc39af4-be19-4889-b930-df7ebf7b9481,0.1,false,false,near_mint,en,EUR,2025-06-18T14:09:45.764Z
Mysterio's Phantasm,SPM,Marvel's Spider-Man,38,normal,common,1,108643,79aa0a78-80a2-44be-8a79-92bcba9c040f,0.03,false,false,near_mint,en,EUR,2025-09-30T23:51:40.191Z
Mystical Teachings,PLST,The List,MM3-44,normal,common,1,48915,dcc77acd-5596-43a2-9a3f-452d985ef4a5,0.18,false,false,near_mint,es,EUR,2025-04-20T23:27:12.695Z
Mystical Tether,OTJ,Outlaws of Thunder Junction,19,normal,common,1,93064,18344498-952e-489c-8b03-bd1bef4c26ca,0.03,false,false,near_mint,en,EUR,2025-10-27T10:57:33.331Z
Namazu Trader,FIN,Final Fantasy,107,normal,common,1,106248,f9d25b34-990d-416c-aef7-1b5a73f19dd4,0.06,false,false,near_mint,en,EUR,2025-06-18T14:09:45.764Z
Nanoform Sentinel,EOE,Edge of Eternities,71,normal,common,1,107711,3eeae8c3-7939-4c79-92f0-fbdb9c1b71d3,0.14,false,false,near_mint,en,EUR,2025-08-02T12:05:52.876Z
Narset's Rebuke,TDM,Tarkir: Dragonstorm,114,normal,common,1,104640,5098bd73-d51c-4db4-bf06-fd4854089d37,0.06,false,false,near_mint,en,EUR,2025-04-20T23:27:12.695Z
Nasty End,LTR,The Lord of the Rings: Tales of Middle-earth,416,normal,common,1,82993,37271b8b-3c58-43aa-b120-f0aa12fb3ad5,0.09,false,false,near_mint,es,EUR,2025-04-20T23:27:12.695Z
Nearheath Stalker,DKA,Dark Ascension,100,normal,common,1,18437,7d4cdf4a-2d55-4769-8c51-bc86c13000ef,0.12,false,false,near_mint,en,EUR,2025-06-16T17:24:56.249Z
Nebelgast Beguiler,VOW,Innistrad: Crimson Vow,25,normal,common,2,64065,04c68dbd-e61b-49a7-aa17-da6b26c9fd29,0.03,false,false,near_mint,es,EUR,2025-04-20T23:27:12.695Z
Nebula Dragon,EOE,Edge of Eternities,147,normal,common,2,107692,0ee509dd-9fba-4b6d-a9d4-cc8bf5822ddd,0.13,false,false,near_mint,en,EUR,2025-08-01T19:16:32.510Z
Negate,M20,Core Set 2020,69,normal,common,1,45392,33b83158-78b4-425e-8379-be3ef038295c,0.12,false,false,near_mint,es,EUR,2025-04-20T23:27:12.695Z
Negate,TMT,Teenage Mutant Ninja Turtles,47,normal,common,2,111242,52d58fe4-6070-4022-9cd7-c35a11b44525,0.11,false,false,near_mint,en,EUR,2026-03-06T23:49:55.755Z
Nervous Gardener,MKM,Murders at Karlov Manor,169,normal,common,1,91056,93b747c7-b342-47f8-a190-16c393b20607,0.07,false,false,near_mint,en,EUR,2025-04-20T23:27:12.695Z
Nettle Swine,AVR,Avacyn Restored,186,normal,common,1,18092,75935f0e-9086-485b-b3e6-1a958fd0f2af,0.07,false,false,near_mint,en,EUR,2025-04-20T23:27:12.695Z
News Helicopter,SPM,Marvel's Spider-Man,169,normal,common,2,108489,15717af0-30cd-4417-947a-c27cca06d93a,0.02,false,false,near_mint,en,EUR,2025-09-30T23:51:40.191Z
Night Market,DFT,Aetherdrift,258,foil,common,1,103214,a8c1dce3-6136-4294-9d2b-5ef8527d733b,0.17,false,false,near_mint,en,EUR,2025-04-20T23:27:12.695Z
Night Market,DFT,Aetherdrift,258,normal,common,1,103214,a8c1dce3-6136-4294-9d2b-5ef8527d733b,0.11,false,false,near_mint,en,EUR,2025-04-20T23:27:12.695Z
Night's Whisper,EOC,Edge of Eternities Commander,85,normal,common,1,107050,67bdba19-c74a-462d-9e51-4fd7f0a6a2c3,0.93,false,false,near_mint,en,EUR,2025-08-06T14:50:32.528Z
Nightblade Brigade,TDM,Tarkir: Dragonstorm,85,normal,common,1,105134,648debd9-d4cf-4788-8882-f1601a3d87f5,0.04,false,false,near_mint,en,EUR,2025-04-20T23:27:12.695Z
Nimble Thopterist,DFT,Aetherdrift,53,normal,common,1,103488,47717312-f6c6-4e86-ba6a-a30698962430,0.04,false,false,near_mint,en,EUR,2025-04-20T23:27:12.695Z
Ninja of the Hand,MSH,Marvel Super Heroes,108,normal,common,1,113757,6b8116d8-2cc6-449b-a8b4-8a5166553497,0.17,false,false,near_mint,es,EUR,2026-06-20T00:03:25.258Z
Nobody,TMT,Teenage Mutant Ninja Turtles,161,normal,common,1,111553,0966b8ff-61d3-4394-a357-97c35f042a29,0.06,false,false,near_mint,en,EUR,2026-03-06T23:49:55.824Z
North Pole Gates,TLA,Avatar: The Last Airbender,274,normal,common,1,109528,bcf7b9da-d35d-4338-b4d9-83e47dc058ee,0.11,false,false,near_mint,en,EUR,2025-11-26T15:34:18.488Z
Novice Inspector,MKM,Murders at Karlov Manor,29,foil,common,1,90643,0ad38866-fc5f-4f62-89c1-afc0f50765aa,0.69,false,false,near_mint,en,EUR,2025-04-20T23:27:12.695Z
Novice Inspector,MKM,Murders at Karlov Manor,29,normal,common,2,90643,0ad38866-fc5f-4f62-89c1-afc0f50765aa,0.3,false,false,near_mint,en,EUR,2025-04-20T23:27:12.695Z
Noxious Newt,SOS,Secrets of Strixhaven,155,normal,common,1,112593,3a028306-c5d7-4f8f-b6f4-0d103fd47000,0.09,false,false,near_mint,en,EUR,2026-05-08T10:13:36.522Z
Null Group Biological Assets,TMT,Teenage Mutant Ninja Turtles,98,normal,common,2,111536,eb44c134-fcd8-4ad8-841c-f1723ba93216,0.04,false,false,near_mint,en,EUR,2026-03-06T23:49:55.754Z
Nutrient Block,EOE,Edge of Eternities,243,normal,common,1,107114,a26064bb-c568-4ed6-86db-3aab69b050db,0.14,false,false,near_mint,en,EUR,2025-08-02T12:05:52.876Z
Oasis Gardener,OTJ,Outlaws of Thunder Junction,246,normal,common,1,93411,ee0dc663-4bfb-46d4-af79-d0143c799487,0.06,false,false,near_mint,en,EUR,2025-10-27T10:57:33.331Z
Oblivion's Hunger,ZNR,Zendikar Rising,119,normal,common,2,54832,faf65512-8228-48f4-ba7b-d861b66d28c9,0.08,false,false,near_mint,es,EUR,2025-04-20T23:27:12.695Z
Octopus Form,TLA,Avatar: The Last Airbender,66,normal,common,1,109543,ce96a826-53a0-4029-bf34-46779d133b13,0.1,false,false,near_mint,en,EUR,2025-11-26T15:34:18.488Z
Offender at Large,MKM,Murders at Karlov Manor,138,normal,common,1,91301,f096ff4a-85f4-46f1-9478-e8921f21309d,0.02,false,false,near_mint,en,EUR,2025-04-20T23:27:12.695Z
Ogre Resister,MBS,Mirrodin Besieged,72,normal,common,1,20069,60b7407d-f677-403b-893c-361df456009a,0.02,false,false,near_mint,es,EUR,2025-04-20T23:27:12.695Z
Oliphaunt,LTR,The Lord of the Rings: Tales of Middle-earth,139,normal,common,1,83161,6989018c-37b1-4282-a4af-9cc97f160b4d,0.12,false,false,near_mint,es,EUR,2025-04-20T23:27:12.695Z
Olog-hai Crusher,LTR,The Lord of the Rings: Tales of Middle-earth,140,normal,common,2,83476,c33bf593-62e0-491a-a31a-328bce6d8735,0.07,false,false,near_mint,es,EUR,2025-04-20T23:27:12.695Z
Omashu City,TLA,Avatar: The Last Airbender,275,normal,common,1,109535,c21e413b-96ed-4ded-b567-f1647074ce5f,0.08,false,false,near_mint,en,EUR,2025-11-26T15:34:18.488Z
Ominous Asylum,SPM,Marvel's Spider-Man,181,normal,common,1,108509,4329f94a-9110-4f07-b4a6-f1ccae97ccc9,0.02,false,false,near_mint,en,EUR,2025-09-30T23:51:40.191Z
Omni-Cheese Pizza,TMT,Teenage Mutant Ninja Turtles,176,normal,common,1,111609,f2c8397c-2014-4a43-9ed7-41795880011f,0.09,false,false,near_mint,en,EUR,2026-03-06T23:49:55.823Z
On the Job,MKM,Murders at Karlov Manor,30,normal,common,1,90840,48b92629-4196-4943-91fd-8c8d5f3fcaef,0.02,false,false,near_mint,en,EUR,2025-04-20T23:27:12.695Z
Opt,ELD,Throne of Eldraine,59,normal,common,4,46279,c3669391-8f64-4904-b432-0f0582f30449,0.1,false,false,near_mint,es,EUR,2025-04-20T23:27:12.695Z
Oracle's Restoration,SOS,Secrets of Strixhaven,156,normal,common,1,111670,0863a19d-4511-4a78-98dd-d194afd1c39b,0.11,false,false,near_mint,es,EUR,2026-04-19T19:45:43.736Z
Oracle's Restoration,SOS,Secrets of Strixhaven,156,normal,common,1,111670,0863a19d-4511-4a78-98dd-d194afd1c39b,0.06,false,false,near_mint,en,EUR,2026-07-20T10:08:18.025Z
Orbital Plunge,EOE,Edge of Eternities,149,normal,common,3,107703,2dc7cc17-5319-4694-99c6-8c56a0b40a44,0.16,false,false,near_mint,en,EUR,2025-08-01T19:16:32.510Z
Order of the Mirror // Order of the Alabaster Host,MOM,March of the Machine,72,normal,common,3,81307,103295ed-5ddc-4528-8848-4fd2cfec4b88,0.03,false,false,near_mint,en,EUR,2025-06-16T17:24:56.249Z
Oreplate Pangolin,EOE,Edge of Eternities,150,normal,common,1,107747,90209957-95db-4b59-979a-316d14ef876c,0.12,false,false,near_mint,en,EUR,2025-08-02T12:05:52.876Z
Ornithopter of Paradise,BLC,Bloomburrow Commander,281,normal,common,1,96263,3eafd20b-30a7-4e37-b4e9-1d8a61f44ee7,0.26,false,false,near_mint,en,EUR,2025-11-06T20:40:57.429Z
"Oroku Saki, Shredder Rising",TMT,Teenage Mutant Ninja Turtles,68,normal,common,1,111606,e65ff1f4-a061-4c31-a78e-92af6e7bc56f,0.09,false,false,near_mint,en,EUR,2026-03-06T23:49:55.843Z
Orzhov Guildgate,GTC,Gatecrash,244,normal,common,1,16580,000d609c-deb7-4bd7-9c1d-e20fb3ed4f5f,0.13,false,false,near_mint,es,EUR,2025-04-20T23:27:12.695Z
Oscorp Research Team,SPM,Marvel's Spider-Man,40,normal,common,2,107662,a800ffb4-0c48-41eb-b221-cf1d855131d9,0.05,false,false,near_mint,en,EUR,2025-09-30T23:51:40.191Z
Osseous Exhale,TDM,Tarkir: Dragonstorm,17,normal,common,1,104493,2300da2f-2297-4c2f-90c1-11ce2b42d91f,0.05,false,false,near_mint,en,EUR,2025-04-20T23:27:12.695Z
Ostrich-Horse,TLA,Avatar: The Last Airbender,188,normal,common,1,108215,5ca3fd45-9301-44ef-afc0-4d7999d66d36,0.07,false,false,near_mint,en,EUR,2025-11-26T15:34:18.488Z
Otter-Penguin,TLA,Avatar: The Last Airbender,67,normal,common,1,108200,480b6279-bb34-4b3f-a639-868b52af92b9,0.06,false,false,near_mint,en,EUR,2025-11-26T15:34:18.488Z
Out Cold,MKM,Murders at Karlov Manor,66,normal,common,2,91114,aabfada0-3c1b-4237-b06c-573071ccd68d,0.08,false,false,near_mint,en,EUR,2025-04-20T23:27:12.695Z
Outlaws' Fury,OTJ,Outlaws of Thunder Junction,136,normal,common,1,93428,f7502b9c-b759-499a-8e94-22f87f5eb142,0.04,false,false,near_mint,en,EUR,2025-10-27T10:57:33.331Z
Outwit,AVR,Avacyn Restored,70,normal,common,1,18208,429f7cf0-579a-4003-b5cf-4baf5d420796,0.06,false,false,near_mint,en,EUR,2025-04-20T23:27:12.695Z
Overzealous Muscle,OTJ,Outlaws of Thunder Junction,97,normal,common,1,93353,ce57d977-e9c5-4ed1-915f-cdc90a54f8f8,0.03,false,false,near_mint,en,EUR,2025-10-27T10:57:33.331Z
Owlin Historian,SOS,Secrets of Strixhaven,24,normal,common,1,112620,5fe99be0-e1ec-485e-82f8-02eba7b82441,0.09,false,false,near_mint,es,EUR,2026-04-19T19:45:43.746Z
Owlin Historian,SOS,Secrets of Strixhaven,24,normal,common,1,112620,5fe99be0-e1ec-485e-82f8-02eba7b82441,0.05,false,false,near_mint,en,EUR,2026-05-08T10:13:36.537Z
Ox,TOTJ,Outlaws of Thunder Junction Tokens,3,normal,common,1,93859,cee3ecef-4566-4164-af39-89cb0bbbffeb,0.21,false,false,near_mint,en,EUR,2025-10-27T10:57:33.331Z
Pacifism,PLST,The List,M20-32,normal,common,2,49163,abbc73f1-efe4-44ed-a97f-9f099afaa5c7,0.05,false,false,near_mint,es,EUR,2025-04-20T23:27:12.695Z
Pactdoll Terror,DFT,Aetherdrift,99,foil,common,1,103535,70226354-47b7-4f9d-a5a8-559d17f07720,0.38,false,false,near_mint,en,EUR,2025-04-20T23:27:12.695Z
"Page, Loose Leaf",SOS,Secrets of Strixhaven,250,normal,common,1,112642,8c6fecfd-8241-4cf0-b1eb-19472b99e0ed,0.18,false,false,near_mint,es,EUR,2026-04-19T19:45:43.798Z
"Page, Loose Leaf",SOS,Secrets of Strixhaven,250,normal,common,1,112642,8c6fecfd-8241-4cf0-b1eb-19472b99e0ed,0.1,false,false,near_mint,en,EUR,2026-07-20T10:08:18.034Z
Pain 101,TMT,Teenage Mutant Ninja Turtles,69,normal,common,2,111592,a1c70bf2-b2bd-4585-ba50-304f4dad8e62,0.09,false,false,near_mint,en,EUR,2026-03-06T23:49:55.737Z
Paladin's Arms,FIN,Final Fantasy,28,normal,common,1,106338,446506c5-5e1d-4b42-aef3-ea247d7881ef,0.06,false,false,near_mint,en,EUR,2025-06-18T14:09:45.764Z
Paradox Gardens,SOS,Secrets of Strixhaven,258,normal,common,1,112152,dbc3447e-1329-4ea1-b4ca-b321b0ffec8f,0.13,false,false,near_mint,es,EUR,2026-04-19T19:45:43.776Z
Paradox Gardens,SOS,Secrets of Strixhaven,258,normal,common,1,112152,dbc3447e-1329-4ea1-b4ca-b321b0ffec8f,0.04,false,false,near_mint,en,EUR,2026-05-08T10:13:36.437Z
Pardic Swordsmith,ODY,Odyssey,213,normal,common,1,31964,44ac622c-db04-41bf-817e-4698843e6346,0.05,false,false,near_mint,en,EUR,2025-06-16T17:24:56.249Z
Passenger Ferry,SPM,Marvel's Spider-Man,170,normal,common,2,108493,2495f477-b88c-4938-a86a-f72c3c861188,0.02,false,false,near_mint,en,EUR,2025-09-30T23:51:40.191Z
Path of Ancestry,BLC,Bloomburrow Commander,322,normal,common,1,96359,821cb722-146d-447e-907d-dc97baa5bc4f,0.13,false,false,near_mint,en,EUR,2025-11-06T20:40:57.429Z
Path to Redemption,TLA,Avatar: The Last Airbender,31,normal,common,1,108310,f936d64a-0db4-49c1-8a57-6d99e012a555,0.06,false,false,near_mint,en,EUR,2025-11-26T15:34:18.488Z
Patient Naturalist,OTJ,Outlaws of Thunder Junction,174,normal,common,2,93082,1dd17cea-9e8c-4dba-b6ab-a6b9de87a306,0.03,false,false,near_mint,en,EUR,2025-10-27T10:57:33.331Z
Pearl of Wisdom,BLB,Bloomburrow,64,normal,common,3,95625,13cb9575-1138-4f99-8e90-0eaf00bdf4a1,0.07,false,false,near_mint,es,EUR,2025-04-20T23:27:12.695Z
Peel from Reality,PLST,The List,DDO-40,normal,common,2,48902,d600d048-92ee-45f8-9db3-2fb8fc9cd879,0.04,false,false,near_mint,es,EUR,2025-04-20T23:27:12.695Z
Perigee Beckoner,EOE,Edge of Eternities,112,normal,common,2,107786,f3666a08-d449-496f-969a-bf21d4afbd77,0.15,false,false,near_mint,en,EUR,2025-08-01T19:16:32.510Z
Perilous Myr,SOM,Scars of Mirrodin,192,normal,common,1,20840,4b942605-eb4a-452d-9b07-a4f912f96958,0.13,false,false,near_mint,en,EUR,2025-04-20T23:27:12.695Z
Person of Interest,MKM,Murders at Karlov Manor,139,normal,common,1,90997,7d56ebff-67c8-4bc7-a533-ddde4ce0c2af,0.03,false,false,near_mint,en,EUR,2025-04-20T23:27:12.695Z
Pest Mascot,SOS,Secrets of Strixhaven,209,normal,common,1,111751,d882beb9-6766-4818-afbb-f6fd7a2d5b70,0.11,false,false,near_mint,es,EUR,2026-04-19T19:45:43.755Z
Pest Mascot,SOS,Secrets of Strixhaven,209,normal,common,1,111751,d882beb9-6766-4818-afbb-f6fd7a2d5b70,0.07,false,false,near_mint,en,EUR,2026-05-08T10:13:36.473Z
Phantom Interference,OTJ,Outlaws of Thunder Junction,61,normal,common,1,93023,00bf4dd1-5468-4594-9c7b-0737610f19d4,0.18,false,false,near_mint,en,EUR,2025-10-27T10:57:33.331Z
Phyrexian Hulk,NPH,New Phyrexia,150,normal,common,1,19735,1687b5a7-7013-409a-ba8d-9cd8b5bb08f3,0.09,false,false,near_mint,en,EUR,2025-04-20T23:27:12.695Z
Pileated Provisioner,BLB,Bloomburrow,25,normal,common,3,96102,ae442cd6-c4df-4aad-9b1d-ccd936c5ec96,0.02,false,false,near_mint,es,EUR,2025-04-20T23:27:12.695Z
Pilfer,FDN,Foundations,181,normal,common,3,101564,8c7c88b5-6d09-453b-b9c1-7dcbba8f1080,0.04,false,false,near_mint,en,EUR,2025-04-20T23:27:12.695Z
Pillar Launch,TLA,Avatar: The Last Airbender,189,normal,common,3,108303,f177e9cc-0c41-417d-9215-5ff23a1a0657,0.05,false,false,near_mint,en,EUR,2025-11-26T15:34:18.488Z
Pillar of Flame,AVR,Avacyn Restored,149,normal,common,1,18129,c983e879-d9d2-47cc-9958-506711ca80cd,0.09,false,false,near_mint,en,EUR,2025-04-20T23:27:12.695Z
Pinnacle Kill-Ship,EOE,Edge of Eternities,244,normal,common,2,107533,bf784de8-5ae2-4c07-92bb-a5b7f593b773,0.15,false,false,near_mint,en,EUR,2025-08-01T19:16:32.510Z
Pious Interdiction,XLN,Ixalan,26,normal,common,1,3986,670b9645-ce34-41eb-a527-4af3e13c3a54,0.02,false,false,near_mint,es,EUR,2025-04-20T23:27:12.695Z
Pirate Peddlers,TLA,Avatar: The Last Airbender,115,normal,common,1,109919,5c998994-6c3b-4f34-9b31-babba2b17266,0.04,false,false,near_mint,en,EUR,2025-11-26T15:34:18.488Z
Pirate's Cutlass,JMP,Jumpstart,477,normal,common,1,51443,b1ff526b-3822-4073-baab-8ea5f95daf91,0.07,false,false,near_mint,es,EUR,2025-04-20T23:27:12.695Z
Pirate's Prize,XLN,Ixalan,68,normal,common,1,3944,48d97373-9b55-4eb7-99b6-8912f09bd0bb,0.12,false,false,near_mint,es,EUR,2025-04-20T23:27:12.695Z
Pitchburn Devils,M21,Core Set 2021,156,normal,common,1,51085,fbd306cf-6625-4414-b9e5-4b909bb1bb13,0.03,false,false,near_mint,en,EUR,2025-06-16T17:24:56.249Z
Plains,AVR,Avacyn Restored,232,normal,common,12,18046,9ca16bd5-e261-4229-a92d-7cd55654dd11,0.1,false,false,near_mint,en,EUR,2025-04-20T23:27:12.695Z
Plains,ECL,Lorwyn Eclipsed,274,normal,common,1,110352,6242dbef-8412-4ebd-9486-42cec1dc6794,0.23,false,false,near_mint,en,EUR,2026-01-25T20:47:46.716Z
Plains,ECL,Lorwyn Eclipsed,269,normal,common,1,110325,3a438199-54f8-4702-81cf-a9d42e7cd9f1,0.11,false,false,near_mint,en,EUR,2026-01-25T20:47:46.760Z
Plains,ELD,Throne of Eldraine,252,normal,common,58,46086,9b5fbeae-9bd5-4741-80a2-9b646b374328,0.09,false,false,near_mint,es,EUR,2025-04-20T23:27:12.695Z
Plains,EOE,Edge of Eternities,268,normal,common,1,107115,a26fd28e-d053-48b3-ab4c-2dc6fd33fa64,0.1,false,false,near_mint,en,EUR,2025-08-01T19:16:32.510Z
Plains,EOE,Edge of Eternities,267,normal,common,1,107188,df31f72c-076e-4d8e-9975-6d6281ab71f6,0.12,false,false,near_mint,en,EUR,2025-08-01T19:16:32.510Z
Plains,EOE,Edge of Eternities,262,normal,common,1,106773,089ae01b-e042-4255-b0ee-17d8f416a8d9,0.34,false,false,near_mint,en,EUR,2025-08-01T19:16:32.510Z
Plains,FIN,Final Fantasy,294,normal,common,4,105678,9dd2d666-7c6b-48ce-93dc-c004ebdd1fe9,0.13,false,false,near_mint,en,EUR,2025-06-18T14:09:45.764Z
Plains,FIN,Final Fantasy,296,normal,common,2,105750,ee86ac2f-f398-4422-8721-8ac859fbf5bc,0.14,false,false,near_mint,en,EUR,2025-06-18T14:09:45.764Z
Plains,FIN,Final Fantasy,295,normal,common,2,105742,e623b058-76d2-476b-9ee6-82807f7992c3,0.12,false,false,near_mint,en,EUR,2025-06-18T14:09:45.764Z
Plains,MKM,Murders at Karlov Manor,272,foil,common,1,90895,598f857d-ee17-4478-bb39-cc3ab77ab8d8,0.42,false,false,near_mint,en,EUR,2025-04-20T23:27:12.695Z
Plains,MKM,Murders at Karlov Manor,278,normal,common,7,91284,ec05cb6c-6e7f-4d40-ba38-a9fc06158094,0.21,false,false,near_mint,en,EUR,2025-04-20T23:27:12.695Z
Plains,MKM,Murders at Karlov Manor,272,normal,common,1,90895,598f857d-ee17-4478-bb39-cc3ab77ab8d8,0.19,false,false,near_mint,en,EUR,2025-06-16T17:24:56.249Z
Plains,OTJ,Outlaws of Thunder Junction,272,normal,common,2,91815,cfe51d97-66f6-4ac3-b926-01ab7e4c5686,0.24,false,false,near_mint,en,EUR,2025-10-27T10:57:33.331Z
Plains,OTJ,Outlaws of Thunder Junction,278,normal,common,4,93955,fe60da77-084c-49e8-9948-9ac4b6a6382f,0.07,false,false,near_mint,en,EUR,2025-10-27T10:57:33.331Z
Plains,OTJ,Outlaws of Thunder Junction,277,normal,common,2,93687,6f501773-1b39-4a4c-9b45-a950385c9e82,0.07,false,false,near_mint,en,EUR,2025-10-27T10:57:33.331Z
Plains,SOS,Secrets of Strixhaven,272,normal,common,1,112144,d85d0f25-a24a-4de0-9b8b-93fb5017bce9,0.18,false,false,near_mint,es,EUR,2026-04-19T19:45:43.767Z
Plains,SPM,Marvel's Spider-Man,189,normal,common,1,107855,1164f7ec-7b2f-4cc9-90bb-7eaaa331b4cd,0.07,false,false,near_mint,en,EUR,2025-09-30T23:51:40.191Z
Plains,SPM,Marvel's Spider-Man,194,normal,common,1,107655,94e88862-d53d-49b6-8aa5-95f07507c6e1,0.13,false,false,near_mint,en,EUR,2025-09-30T23:51:40.191Z
Plains,TLA,Avatar: The Last Airbender,282,normal,common,2,108193,4069fb4a-8ee1-41ef-ab93-39a8cc58e0e5,0.1,false,false,near_mint,en,EUR,2025-11-26T15:34:18.488Z
Plains,TMT,Teenage Mutant Ninja Turtles,191,normal,common,1,111192,1b405611-27d4-435a-8e8e-6d528626fd27,0.08,false,false,near_mint,en,EUR,2026-03-06T23:49:55.770Z
Plasma Bolt,EOE,Edge of Eternities,152,normal,common,1,107307,a1a1834b-76c2-4496-b8c5-18b69ab34c4c,0.16,false,false,near_mint,en,EUR,2025-08-01T19:16:32.510Z
Plummet,M11,Magic 2011,190,normal,common,1,21199,5923f9d4-c2ec-466f-9e5b-17d24bda7f37,0.17,false,false,near_mint,en,EUR,2025-04-20T23:27:12.695Z
Poised Practitioner,TDM,Tarkir: Dragonstorm,18,foil,common,1,105160,bb25366d-a647-4c5e-bcc7-7e54659aacbd,0.02,false,false,near_mint,en,EUR,2025-04-20T23:27:12.695Z
Poised Practitioner,TDM,Tarkir: Dragonstorm,18,normal,common,1,105160,bb25366d-a647-4c5e-bcc7-7e54659aacbd,0.03,false,false,near_mint,en,EUR,2025-04-20T23:27:12.695Z
Polluted Dead,AVR,Avacyn Restored,116,normal,common,2,18162,036c1954-37d3-4787-8df8-f2d0dd39058a,0.09,false,false,near_mint,en,EUR,2025-04-20T23:27:12.695Z
Porcelain Legionnaire,NPH,New Phyrexia,19,normal,common,3,19866,2616aa0e-8413-4e63-877c-bffd5263f552,0.12,false,false,near_mint,es,EUR,2025-04-20T23:27:12.695Z
Pothole Mole,DFT,Aetherdrift,176,normal,common,2,103442,21c7b59f-fdae-4a11-9784-497a8165d75a,0.09,false,false,near_mint,en,EUR,2025-04-20T23:27:12.695Z
Potioner's Trove,SOS,Secrets of Strixhaven,251,normal,common,1,112570,2123b349-4649-4a15-a8b5-b54414d2b1b7,0.12,false,false,near_mint,es,EUR,2026-04-19T19:45:43.819Z
Pounce,XLN,Ixalan,200,normal,common,1,3812,2b96cba6-33d7-4e1d-88f7-da3da681540d,0.07,false,false,near_mint,es,EUR,2025-04-20T23:27:12.695Z
Predator's Gambit,AVR,Avacyn Restored,117,normal,common,1,18161,88810a96-d5f8-4030-93f1-e2ad0d480317,0.13,false,false,near_mint,es,EUR,2025-04-20T23:27:12.695Z
Preening Champion,MOM,March of the Machine,73,normal,common,5,81341,44178ece-af31-4a94-88bc-c9ce43bb4573,0.03,false,false,near_mint,en,EUR,2025-06-16T17:24:56.249Z
Prickly Pair,OTJ,Outlaws of Thunder Junction,137,normal,common,1,93398,e70f2278-8857-46e4-aa2b-fff5589b750f,0.07,false,false,near_mint,en,EUR,2025-10-27T10:57:33.331Z
Prideful Feastling,ECL,Lorwyn Eclipsed,238,normal,common,1,110535,7578cb61-f606-4559-a10a-343a583228ab,0.05,false,false,near_mint,en,EUR,2026-01-25T20:47:46.723Z
Prideful Parent,FDN,Foundations,21,normal,common,3,97188,b742117a-8a72-43b9-b05d-274829d138a2,0.06,false,false,near_mint,en,EUR,2025-04-20T23:27:12.695Z
Pristine Talisman,NPH,New Phyrexia,151,normal,common,1,19734,b31d96cf-7276-46c4-ad17-d6a5c85f1315,0.18,false,false,near_mint,es,EUR,2025-04-20T23:27:12.695Z
Procrastinate,SOS,Secrets of Strixhaven,64,normal,common,1,111692,1edb449d-620f-4e21-9d76-2c840635eb9d,0.17,false,false,near_mint,es,EUR,2026-04-19T19:45:43.809Z
Procrastinate,SOS,Secrets of Strixhaven,64,normal,common,1,111692,1edb449d-620f-4e21-9d76-2c840635eb9d,0.09,false,false,near_mint,en,EUR,2026-05-08T10:13:36.520Z
Professional Wrestler,SPM,Marvel's Spider-Man,110,normal,common,1,108548,8a5381e7-ddda-47e7-886d-812250ffb745,0.02,false,false,near_mint,en,EUR,2025-09-30T23:51:40.191Z
Project Deathlok Soldier,MSH,Marvel Super Heroes,109,normal,common,1,113724,5c21a120-4ec7-46ec-974a-2204edb92abb,0.19,false,false,near_mint,es,EUR,2026-06-20T00:03:25.253Z
Projektor Inspector,MKM,Murders at Karlov Manor,68,normal,common,1,91120,ad378843-e2b0-48d6-90dc-b584e857473d,0.04,false,false,near_mint,en,EUR,2025-04-20T23:27:12.695Z
Protector of Gondor,LTR,The Lord of the Rings: Tales of Middle-earth,25,normal,common,2,83256,85708748-40ca-4066-a287-7a6a189ff3df,0.07,false,false,near_mint,es,EUR,2025-04-20T23:27:12.695Z
Protocol Knight,MOM,March of the Machine,74,normal,common,12,81432,af6cb380-0b4d-4870-abef-928eb63e1702,0.05,false,false,near_mint,en,EUR,2025-06-16T17:24:56.249Z
Prowcatcher Specialist,DFT,Aetherdrift,142,normal,common,2,103224,affbc8db-4ff7-4a86-954a-910493e5a2ef,0.06,false,false,near_mint,en,EUR,2025-04-20T23:27:12.695Z
Pterafractyl,SOS,Secrets of Strixhaven,215,normal,common,1,112402,ecd33152-e290-4505-addd-a8d08cefdddd,0.05,false,false,near_mint,en,EUR,2026-05-08T10:13:36.532Z
Pull from the Grave,SOS,Secrets of Strixhaven,95,normal,common,1,111658,d73612fe-8992-4650-a7e3-c7b662da6a03,0.05,false,false,near_mint,en,EUR,2026-05-08T10:13:36.521Z
Pulse Tracker,WWK,Worldwake,62,normal,common,1,22129,4604a63c-ebe0-420f-968e-3ffc7641ce22,0.32,false,false,near_mint,es,EUR,2025-04-20T23:27:12.695Z
Punk Frogs,TMT,Teenage Mutant Ninja Turtles,164,normal,common,1,111561,375c91a3-53c4-4f2d-bf7b-2c79a219d3ae,0.03,false,false,near_mint,en,EUR,2026-03-06T23:49:55.798Z
Purple Dragon Punks,TMT,Teenage Mutant Ninja Turtles,100,normal,common,2,111596,bbe1d7e5-68e2-4458-aa3f-5e97fa8e7cae,0.06,false,false,near_mint,en,EUR,2026-03-06T23:49:55.741Z
Pursue the Past,SOS,Secrets of Strixhaven,216,normal,common,1,112605,4584d5f7-b1f1-4c8e-80c5-ad35e44a968e,0.15,false,false,near_mint,en,EUR,2026-05-08T10:13:36.547Z
Putrid Pals,TMT,Teenage Mutant Ninja Turtles,165,normal,common,1,111567,42cdb88d-675a-43bb-b85c-51c4cc526315,0.05,false,false,near_mint,en,EUR,2026-03-06T23:49:55.854Z
Qiqirn Merchant,FIN,Final Fantasy,65,normal,common,1,106623,a75a6ecc-a6a5-462c-bd92-ae57dde9b965,0.03,false,false,near_mint,en,EUR,2025-06-18T14:09:45.764Z
Quick Draw,OTJ,Outlaws of Thunder Junction,138,normal,common,1,93168,56399cd0-1214-42b6-be38-f2cbd770915f,0.06,false,false,near_mint,en,EUR,2025-10-27T10:57:33.331Z
Quick Study,WOE,Wilds of Eldraine,65,normal,common,2,85677,b78e2bca-bc93-464a-8911-8361abff2ac6,0.2,false,false,near_mint,es,EUR,2025-04-20T23:27:12.695Z
Quick-Draw Katana,FDN,Foundations,130,normal,common,1,101540,69beec98-c89c-4673-953c-8b3ef3d81560,0.03,false,false,near_mint,en,EUR,2025-04-20T23:27:12.695Z
Rabaroo Troop,TLA,Avatar: The Last Airbender,32,normal,common,1,108219,62a983b4-ac73-4949-9317-05a75a8ce164,0.03,false,false,near_mint,en,EUR,2025-11-26T15:34:18.488Z
Rabbit Response,BLB,Bloomburrow,26,normal,common,2,96114,c4ded450-346d-4917-917a-b62bc0267509,0.03,false,false,near_mint,es,EUR,2025-04-20T23:27:12.695Z
Rabid Bite,M20,Core Set 2020,190,normal,common,5,45271,f0d8ff93-6f62-4695-85ad-d70a0b928e92,0.07,false,false,near_mint,es,EUR,2025-04-20T23:27:12.695Z
Radiant Fountain,C21,Commander 2021,310,normal,common,1,58812,7ee5e77f-ca43-480d-ac37-48336d3bf044,0.23,false,false,near_mint,en,EUR,2025-06-16T17:24:56.249Z
Radiant Strike,EOE,Edge of Eternities,29,normal,common,2,107484,8c38e4cb-918b-4493-872b-66c90dcfd339,0.16,false,false,near_mint,en,EUR,2025-08-01T19:16:32.510Z
Radiating Lightning,M19,Core Set 2019,313,normal,common,1,999,9395fce4-11bf-4934-8323-5be4862c9779,0.22,false,false,near_mint,en,EUR,2025-06-16T17:24:56.249Z
Ragamuffin Raptor,TMT,Teenage Mutant Ninja Turtles,130,normal,common,1,111449,2edc1d40-3154-4ec0-88c7-faf35fd5e560,0.06,false,false,near_mint,en,EUR,2026-03-06T23:49:55.796Z
Rakdos Guildgate,C19,Commander 2019,267,normal,common,1,45667,5e378faf-b1f2-46df-945a-37681d392104,0.33,false,false,near_mint,es,EUR,2025-04-20T23:27:12.695Z
Rampant Growth,M12,Magic 2012,190,normal,common,2,19077,fe45a787-6d8a-48d7-ad6c-fb20a9b468a4,0.25,false,false,near_mint,en,EUR,2025-04-20T23:27:12.695Z
Rancorous Archaic,SOS,Secrets of Strixhaven,2,normal,common,1,111695,2565e16a-ed31-4867-adb8-f1633d580397,0.14,false,false,near_mint,es,EUR,2026-04-19T19:45:43.791Z
"Raphael, Tough Turtle",TMT,Teenage Mutant Ninja Turtles,104,normal,common,2,111390,f24c90c8-ed04-4b4e-8b19-c7d07a90c6b8,0.12,false,false,near_mint,en,EUR,2026-03-06T23:49:55.748Z
Rapier Wit,SOS,Secrets of Strixhaven,28,normal,common,1,112482,97b50521-5a0f-4dbd-8e15-f0f0d059c258,0.09,false,false,near_mint,es,EUR,2026-04-19T19:45:43.768Z
Rapier Wit,SOS,Secrets of Strixhaven,28,normal,common,1,112482,97b50521-5a0f-4dbd-8e15-f0f0d059c258,0.04,false,false,near_mint,en,EUR,2026-05-08T10:13:36.478Z
Raucous Audience,TLA,Avatar: The Last Airbender,190,normal,common,1,108279,ccd03ec3-0fae-48b2-9f04-9c57d2f94267,0.06,false,false,near_mint,en,EUR,2025-11-26T15:34:18.488Z
Raven of Fell Omens,OTJ,Outlaws of Thunder Junction,101,normal,common,1,93386,e2df3cb4-1658-450a-912a-df336706acdc,0.06,false,false,near_mint,en,EUR,2025-10-27T10:57:33.331Z
Ravenous Daggertooth,XLN,Ixalan,202,normal,common,1,3810,309b204b-774a-47bc-aead-c78db90f3be2,0.06,false,false,near_mint,es,EUR,2025-04-20T23:27:12.695Z
Razor Rings,TLA,Avatar: The Last Airbender,33,normal,common,1,108265,b05cfee5-ee59-4df6-a5f6-d9ef0fa7f98a,0.03,false,false,near_mint,en,EUR,2025-11-26T15:34:18.488Z
Reach for the Sky,OTJ,Outlaws of Thunder Junction,178,normal,common,1,93408,eb871985-a11b-4dfe-b0e3-898888c86277,0.07,false,false,near_mint,en,EUR,2025-10-27T10:57:33.331Z
Rearing Embermare,SOS,Secrets of Strixhaven,127,normal,common,1,112561,06dd56bd-de92-4202-af31-7e881c34d799,0.18,false,false,near_mint,es,EUR,2026-04-19T19:45:43.790Z
Rearing Embermare,SOS,Secrets of Strixhaven,127,normal,common,3,112561,06dd56bd-de92-4202-af31-7e881c34d799,0.02,false,false,near_mint,en,EUR,2026-05-08T10:13:36.431Z
Reasonable Doubt,MKM,Murders at Karlov Manor,69,normal,common,3,90732,270570a3-8637-4e4e-92d9-e985474cd5d2,0.04,false,false,near_mint,en,EUR,2025-04-20T23:27:12.695Z
Rebellious Strike,TDM,Tarkir: Dragonstorm,20,normal,common,1,104949,c9bafe19-3bd6-4da0-b3e5-e0b89262504c,0.07,false,false,near_mint,en,EUR,2025-04-20T23:27:12.695Z
Reckless Lackey,OTJ,Outlaws of Thunder Junction,140,normal,common,1,93262,912fcd14-5e81-418c-997b-771f2f38f63d,0.19,false,false,near_mint,en,EUR,2025-10-27T10:57:33.331Z
Red Herring,MKM,Murders at Karlov Manor,142,normal,common,2,90942,6c137a44-9ab6-4e59-8324-34d9dca8f5a6,0.07,false,false,near_mint,en,EUR,2025-04-20T23:27:12.695Z
Red Mage's Rapier,FIN,Final Fantasy,152,normal,common,1,106669,e0579955-75f9-47a9-8b03-e287d120826a,0.11,false,false,near_mint,en,EUR,2025-06-18T14:09:45.764Z
Red Tiger Mechan,EOE,Edge of Eternities,154,normal,common,1,107139,b7b2fa48-cd2d-42ea-afd8-8cbd7a1bcdab,0.08,false,false,near_mint,en,EUR,2025-08-01T19:16:32.510Z
Refute,FDN,Foundations,313,normal,common,1,100279,26a65d5b-d07e-4ff0-900a-30d509ce0f35,0.18,false,false,near_mint,en,EUR,2025-04-20T23:27:12.695Z
Refute,FDN,Foundations,48,normal,common,1,100368,38806934-dd9c-4ad4-a59c-a16dce03a14a,0.08,false,false,near_mint,es,EUR,2025-04-20T23:27:12.695Z
Refute,FDN,Foundations,48,normal,common,2,100368,38806934-dd9c-4ad4-a59c-a16dce03a14a,0.08,false,false,near_mint,en,EUR,2025-04-20T23:27:12.695Z
Rehearsed Debater,SOS,Secrets of Strixhaven,29,normal,common,1,112724,fc6a1425-6733-42a2-94d9-605966398092,0.19,false,false,near_mint,es,EUR,2026-04-19T19:45:43.775Z
Rehearsed Debater,SOS,Secrets of Strixhaven,29,normal,common,1,112724,fc6a1425-6733-42a2-94d9-605966398092,0.02,false,false,near_mint,en,EUR,2026-05-08T10:13:36.525Z
Reluctant Dounguard,ECL,Lorwyn Eclipsed,31,normal,common,1,110849,dbce93c0-5efc-4b60-9cef-9d9b374d397b,0.02,false,false,near_mint,en,EUR,2026-01-25T20:47:46.728Z
Render Speechless,SOS,Secrets of Strixhaven,220,normal,common,1,112573,25bbb1c7-14e8-444f-ab98-e95f50927460,0.04,false,false,near_mint,en,EUR,2026-05-08T10:13:36.518Z
Renegade Demon,PLST,The List,DDR-59,normal,common,2,48602,3429ca07-bb3a-4ac3-958d-4f4499ba6309,0.04,false,false,near_mint,es,EUR,2025-04-20T23:27:12.695Z
Repeat Offender,MKM,Murders at Karlov Manor,101,normal,common,4,90651,0c2ca1e7-e0de-4d29-a81b-62185ccd295f,0.02,false,false,near_mint,en,EUR,2025-04-20T23:27:12.695Z
Rescue Leopard,TDM,Tarkir: Dragonstorm,116,normal,common,1,105119,056136a8-84be-477c-b654-63238fb8236e,0.05,false,false,near_mint,en,EUR,2025-04-20T23:27:12.695Z
Resentful Revelation,FIN,Final Fantasy,114,normal,common,1,106598,945006ea-c6a1-4ee5-abb2-387c2b6d3123,0.09,false,false,near_mint,en,EUR,2025-06-18T14:09:45.764Z
Restorative Technique,MSH,Marvel Super Heroes,183,normal,common,1,114028,dbe9102d-b92b-4c32-93f6-5b6dc0fa08e6,0.06,false,false,near_mint,es,EUR,2026-06-20T00:03:25.254Z
Retrieve the Esper,FIN,Final Fantasy,68,normal,common,1,106301,ebd733f0-8883-434a-b36c-ef76b091fe8e,0.03,false,false,near_mint,en,EUR,2025-06-18T14:09:45.764Z
Retro-Mutation,TMT,Teenage Mutant Ninja Turtles,51,normal,common,2,111571,4af284ba-fa54-43c5-8c76-3e1128957452,0.12,false,false,near_mint,en,EUR,2026-03-06T23:49:55.742Z
Return to the Sewers,TMT,Teenage Mutant Ninja Turtles,52,normal,common,1,111574,52e99505-17dc-4051-99f6-e23559fc6c95,0.08,false,false,near_mint,en,EUR,2026-03-06T23:49:55.794Z
Riftburst Hellion,MKM,Murders at Karlov Manor,228,normal,common,2,91081,9fae9044-a859-434d-8dc6-4f9d455ca5e1,0.06,false,false,near_mint,en,EUR,2025-04-20T23:27:12.695Z
Rig for War,EOE,Edge of Eternities,156,normal,common,2,107710,3edd0515-dcc4-4cb5-8b54-9c00173d8a6d,0.11,false,false,near_mint,en,EUR,2025-08-01T19:16:32.510Z
Righteous Blow,AVR,Avacyn Restored,34,normal,common,1,18244,9b640fdc-7a19-475e-858f-e159f61e154e,0.04,false,false,near_mint,en,EUR,2025-04-20T23:27:12.695Z
Riot Ringleader,AVR,Avacyn Restored,152,normal,common,1,18126,c043f30b-548f-4c31-a415-0e59c2841dcf,0.02,false,false,near_mint,en,EUR,2025-04-20T23:27:12.695Z
Ripclaw Wrangler,DFT,Aetherdrift,101,normal,common,3,103642,d4981a4a-6eca-4f84-8715-8e2672507b59,0.03,false,false,near_mint,en,EUR,2025-04-20T23:27:12.695Z
Risky Research,SPM,Marvel's Spider-Man,62,normal,common,2,107617,1f8aa705-6177-42e9-95cb-e7f880c186e3,0.08,false,false,near_mint,en,EUR,2025-09-30T23:51:40.191Z
Risky Shortcut,DFT,Aetherdrift,103,normal,common,2,103625,c80aa587-4445-43d7-abc0-654d94ff4cda,0.12,false,false,near_mint,en,EUR,2025-04-20T23:27:12.695Z
Ritual of Rejuvenation,XLN,Ixalan,32,normal,common,1,3980,691c0acb-1882-482f-9513-e7d010cc1d15,0.11,false,false,near_mint,es,EUR,2025-04-20T23:27:12.695Z
River Herald Guide,LCI,The Lost Caverns of Ixalan,209,normal,common,1,88742,9ea7e323-f329-4928-b25a-c0b44c5ac058,0.06,false,false,near_mint,en,EUR,2025-06-16T17:24:56.249Z
Riverguard's Reflexes,ECL,Lorwyn Eclipsed,33,normal,common,1,110782,88a79f3e-ca74-467c-b0a8-22802ac5b465,0.04,false,false,near_mint,en,EUR,2026-01-25T20:47:46.712Z
Riverwalk Technique,TDM,Tarkir: Dragonstorm,54,normal,common,1,105118,043c25d5-13ee-4cab-98d5-fb89db9cf6e3,0.03,false,false,near_mint,en,EUR,2025-04-20T23:27:12.695Z
Riveteers Overlook,EOC,Edge of Eternities Commander,172,normal,common,1,107002,3dc4e8b8-6ee6-49aa-895a-2e35af6d1dbb,0.17,false,false,near_mint,en,EUR,2025-08-06T14:50:32.528Z
Roamer's Routine,TDM,Tarkir: Dragonstorm,154,normal,common,1,104396,fb8c2d5c-ba0c-4d50-8898-5c6574b1e974,0.02,false,false,near_mint,en,EUR,2025-04-20T23:27:12.695Z
Robot,TEOE,Edge of Eternities Tokens,10,normal,common,1,107769,c46f9a07-005c-44b7-8057-b2f00b274dd6,,false,false,near_mint,en,EUR,2025-08-01T19:16:32.510Z
Robot,TSPM,Marvel's Spider-Man Tokens,6,normal,common,4,108618,15796c4b-6041-4e0a-bc4f-0518d165549e,,false,false,near_mint,en,EUR,2025-09-30T23:51:40.191Z
Roc Hunter,BRO,The Brothers' War,150,normal,common,2,75484,5c8b2f2b-6f19-47f7-bb65-00665989bc30,0.02,false,false,near_mint,es,EUR,2025-04-20T23:27:12.695Z
Rock Soldiers,TMT,Teenage Mutant Ninja Turtles,107,normal,common,1,111554,0fada65d-fd8d-4be9-b2bb-ea5cac78fdd7,0.04,false,false,near_mint,en,EUR,2026-03-06T23:49:55.841Z
"Rocksteady, Crash Courser",TMT,Teenage Mutant Ninja Turtles,131,normal,common,1,111607,ebbb5756-80fa-406f-8daa-be1f5a6c3c80,0.05,false,false,near_mint,en,EUR,2026-03-06T23:49:55.825Z
Rocky Rebuke,TLA,Avatar: The Last Airbender,193,normal,common,1,108211,52fd910f-6d42-41f5-a4be-f375aa254ea2,0.05,false,false,near_mint,en,EUR,2025-11-26T15:34:18.488Z
Rodeo Pyromancers,OTJ,Outlaws of Thunder Junction,143,normal,common,1,93381,df877a29-06e1-474d-8600-410bbec674ae,0.16,false,false,near_mint,en,EUR,2025-10-27T10:57:33.331Z
Romantic Rendezvous,SPM,Marvel's Spider-Man,86,normal,common,1,107624,38120361-153f-414e-8a45-f86bb2e35a17,0.09,false,false,near_mint,en,EUR,2025-09-30T23:51:40.191Z
Rooftop Percher,ECL,Lorwyn Eclipsed,2,normal,common,2,110464,2d89595c-1542-41fe-8d23-997522922698,0.1,false,false,near_mint,en,EUR,2026-01-25T20:47:46.798Z
Rot Farm Mortipede,MKM,Murders at Karlov Manor,102,normal,common,2,90617,023b0142-663a-47e7-a9f1-0b565a172b60,0.03,false,false,near_mint,en,EUR,2025-06-16T17:24:56.249Z
Rotted Hystrix,NPH,New Phyrexia,120,normal,common,1,19765,7bcae97d-468a-4e16-bfed-d2946f64784c,0.08,false,false,near_mint,en,EUR,2025-04-20T23:27:12.695Z
Rough Rhino Cavalry,TLA,Avatar: The Last Airbender,152,normal,common,1,108259,a8bc29cf-f6f8-4bb8-b722-f016b58b6d2d,0.05,false,false,near_mint,en,EUR,2025-11-26T15:34:18.488Z
Rowdy Snowballers,TLA,Avatar: The Last Airbender,68,normal,common,2,108165,17d71522-b133-4003-b787-0c742a2fd70e,0.04,false,false,near_mint,en,EUR,2025-11-26T15:34:18.488Z
Rubble Rouser,SOS,Secrets of Strixhaven,128,normal,common,1,112664,afe61957-a9bb-42b0-98e8-b5fa418cbaff,0.1,false,false,near_mint,en,EUR,2026-05-08T10:13:36.504Z
Rubblebelt Braggart,MKM,Murders at Karlov Manor,143,normal,common,1,91322,f90f8691-210a-4bf0-9fc2-fb2efcf057fb,0.04,false,false,near_mint,en,EUR,2025-04-20T23:27:12.695Z
Rubblebelt Maverick,MKM,Murders at Karlov Manor,174,normal,common,2,91011,81c7ff67-b9e1-4d2e-b1ae-da9b946da00b,0.2,false,false,near_mint,en,EUR,2025-04-20T23:27:12.695Z
Rugged Highlands,FDN,Foundations,265,normal,common,2,101400,fd6eaf8e-8881-4d7b-bafc-75e4ca5cbef6,0.11,false,false,near_mint,en,EUR,2025-04-20T23:27:12.695Z
Rugged Highlands,M21,Core Set 2021,249,normal,common,6,50913,9daef8db-56a5-4b1e-b4bf-734d0516557c,0.07,false,false,near_mint,es,EUR,2025-04-20T23:27:12.695Z
Rugged Highlands,TDM,Tarkir: Dragonstorm,265,normal,common,1,104267,31261eca-28ad-407c-84ef-0c124d0d7451,0.02,false,false,near_mint,en,EUR,2025-04-20T23:27:12.695Z
Rumble Arena,TLA,Avatar: The Last Airbender,277,normal,common,1,109688,3f5d2c38-663c-4f64-8cfc-c102462e82ef,0.12,false,false,near_mint,en,EUR,2025-11-26T15:34:18.488Z
Run Amok,PLST,The List,DOM-140,normal,common,4,48307,2938fe22-c084-44bf-8310-4a16caa0a035,0.12,false,false,near_mint,es,EUR,2025-04-20T23:27:12.695Z
Run Away Together,ECL,Lorwyn Eclipsed,67,normal,common,3,110474,35c56aff-1f0f-464a-b705-d67803e3d060,0.12,false,false,near_mint,en,EUR,2026-01-25T20:47:46.754Z
Run Away Together,FDN,Foundations,162,normal,common,2,101614,e598eb7b-10dc-49e6-ac60-2fefa987173e,0.04,false,false,near_mint,en,EUR,2025-04-20T23:27:12.695Z
Saber-Tooth Moose-Lion,TLA,Avatar: The Last Airbender,194,normal,common,1,108266,b15f302d-c451-4e79-a5af-75ee3ba4cadf,0.04,false,false,near_mint,en,EUR,2025-11-26T15:34:18.488Z
Safewright Cavalry,ECL,Lorwyn Eclipsed,191,normal,common,1,110870,f7de412a-9731-4bfc-8fbc-c95988a3dd70,0.06,false,false,near_mint,en,EUR,2026-01-25T20:47:46.699Z
Sage's Nouliths,FIN,Final Fantasy,70,normal,common,1,106088,a12ff7c3-6ae0-4098-9240-ff3fd16a5288,0.04,false,false,near_mint,en,EUR,2025-06-18T14:09:45.764Z
Sailor of Means,PLST,The List,RIX-49,normal,common,1,48878,10f7d936-f4f0-4f66-b54c-db99deb01519,0.11,false,false,near_mint,es,EUR,2025-04-20T23:27:12.695Z
Salt Road Packbeast,TDM,Tarkir: Dragonstorm,23,normal,common,1,104327,98d548c9-42bc-4155-8211-0aea801c3724,0.03,false,false,near_mint,en,EUR,2025-04-20T23:27:12.695Z
Sami's Curiosity,EOE,Edge of Eternities,203,normal,common,2,107460,703ad0f3-bd05-42b0-85fb-0cd37807dc91,0.16,false,false,near_mint,en,EUR,2025-08-01T19:16:32.510Z
Samite Herbalist,DMU,Dominaria United,31,normal,common,2,71402,409189da-53c9-4daf-b6b2-d155fc14f91a,0.03,false,false,near_mint,es,EUR,2025-04-20T23:27:12.695Z
Sandbenders' Storm,TLA,Avatar: The Last Airbender,34,normal,common,1,109779,b3bf4a25-4329-4318-870a-2b06aa620dc4,0.08,false,false,near_mint,en,EUR,2025-11-26T15:34:18.488Z
Sandskitter Outrider,TDM,Tarkir: Dragonstorm,89,normal,common,1,105122,1c4bfebe-f10f-44bd-9368-33e273ba5a55,0.02,false,false,near_mint,en,EUR,2025-04-20T23:27:12.695Z
Sanguine Indulgence,M21,Core Set 2021,121,normal,common,1,50946,abfcd08a-cfb5-4d34-b950-f57a88c5cb8e,0.04,false,false,near_mint,es,EUR,2025-04-20T23:27:12.695Z
Sanguine Syphoner,FDN,Foundations,68,normal,common,3,101582,b1daf5bb-c8e9-4e79-a532-ca92a9a885cd,0.1,false,false,near_mint,en,EUR,2025-04-20T23:27:12.695Z
Sanitation Automaton,MKM,Murders at Karlov Manor,256,normal,common,1,90864,52608ba4-c47d-44e4-b624-dee2a3a42ae2,0.06,false,false,near_mint,en,EUR,2025-04-20T23:27:12.695Z
Sarkhan's Resolve,TDM,Tarkir: Dragonstorm,158,normal,common,1,104952,cae56fef-b661-4bc5-b9a1-3871ae06e491,0.04,false,false,near_mint,en,EUR,2025-04-20T23:27:12.695Z
Satyr Wayfinder,EOC,Edge of Eternities Commander,106,normal,common,1,107087,8bbbe65d-7162-42fb-94ee-d835d6c3f02a,0.2,false,false,near_mint,en,EUR,2025-08-06T14:50:32.528Z
Savage Mansion,SPM,Marvel's Spider-Man,183,normal,common,1,108647,855f59a5-17a8-4aca-8a4d-f98111eba14c,0.03,false,false,near_mint,en,EUR,2025-09-30T23:51:40.191Z
Savannah Lions,PLST,The List,A25-33,normal,common,1,49136,69da8664-c9b9-4f9c-b1c4-099990637646,0.09,false,false,near_mint,es,EUR,2025-04-20T23:27:12.695Z
Scarblade Scout,ECL,Lorwyn Eclipsed,118,normal,common,1,110833,c2412fea-4591-4345-913f-edc2da9ad975,0.07,false,false,near_mint,en,EUR,2026-01-25T20:47:46.757Z
Scarblade's Malice,ECL,Lorwyn Eclipsed,119,normal,common,1,110815,aea9b5c0-3b32-44be-9773-566b9daafa6b,0.04,false,false,near_mint,en,EUR,2026-01-25T20:47:46.742Z
Scorpion Sentinel,FIN,Final Fantasy,72,normal,common,1,106503,08ab5220-e5c1-472e-8217-97fd60e1773c,0.03,false,false,near_mint,en,EUR,2025-06-18T14:09:45.764Z
Scorpion's Sting,SPM,Marvel's Spider-Man,65,normal,common,1,107613,0fb03437-32cf-4c97-bf91-ea8b2ad3f964,0.07,false,false,near_mint,en,EUR,2025-09-30T23:51:40.191Z
Scoured Barrens,DFT,Aetherdrift,263,normal,common,1,103221,ac52be0c-49f4-4956-820e-bdd7d2744d2f,0.07,false,false,near_mint,en,EUR,2025-04-20T23:27:12.695Z
Scoured Barrens,FDN,Foundations,266,normal,common,1,100277,2632a4b2-9ca6-4b67-9a99-14f52ad3dc41,0.15,false,false,near_mint,en,EUR,2025-04-20T23:27:12.695Z
Scoured Barrens,PLST,The List,C18-276,normal,common,2,47668,6fad82a9-82c5-41d9-9eba-c0003370eb27,0.12,false,false,near_mint,es,EUR,2025-04-20T23:27:12.695Z
Scoured Barrens,TDM,Tarkir: Dragonstorm,267,normal,common,1,104346,b4b47b80-69ed-44b0-afa0-ca90206dc16d,0.06,false,false,near_mint,en,EUR,2025-04-20T23:27:12.695Z
Scout the City,SPM,Marvel's Spider-Man,113,normal,common,1,107653,90b9504d-d23d-402f-8b16-1964ebd8f6b9,0.07,false,false,near_mint,en,EUR,2025-09-30T23:51:40.191Z
Scrap Compactor,DFT,Aetherdrift,242,normal,common,2,103436,12ccd555-60d4-49a1-b022-1e119344172a,0.08,false,false,near_mint,en,EUR,2025-04-20T23:27:12.695Z
Scrapskin Drake,AVR,Avacyn Restored,73,normal,common,1,18205,c9f03bae-1d23-43ea-9079-4b09d61bbadd,0.04,false,false,near_mint,en,EUR,2025-04-20T23:27:12.695Z
Scroll Thief,M11,Magic 2011,72,normal,common,1,21317,6f3b2808-58d9-4e27-a6c2-6db66191151e,0.15,false,false,near_mint,en,EUR,2025-04-20T23:27:12.695Z
Scurrid Colony,STX,Strixhaven: School of Mages,142,normal,common,3,58319,c9c0a096-870d-443c-92d3-f7ec1f362616,0.07,false,false,near_mint,es,EUR,2025-04-20T23:27:12.695Z
Second Breakfast,LTR,The Lord of the Rings: Tales of Middle-earth,29,normal,common,1,82814,002f647a-25f8-461b-8617-52674f5d577c,0.05,false,false,near_mint,es,EUR,2025-04-20T23:27:12.695Z
Seeker of Sunlight,LCI,The Lost Caverns of Ixalan,210,normal,common,2,89068,ffcdb10f-4bad-4f89-8e7c-daa5c0c69230,0.06,false,false,near_mint,en,EUR,2025-06-16T17:24:56.249Z
Seize Opportunity,TDM,Tarkir: Dragonstorm,119,normal,common,1,104391,f7818d28-b9a5-4341-9adc-666070b8878d,0.02,false,false,near_mint,en,EUR,2025-04-20T23:27:12.695Z
Seize the Secrets,OTJ,Outlaws of Thunder Junction,64,normal,common,1,93076,1bdbdfa8-aa28-4b3d-95e7-3d0e7e37f982,0.09,false,false,near_mint,en,EUR,2025-10-27T10:57:33.331Z
Seize the Spoils,SOS,Secrets of Strixhaven,129,normal,common,1,111928,4ddf4e34-a1f9-4636-942d-0a08e9f94320,0.08,false,false,near_mint,en,EUR,2026-05-08T10:13:36.489Z
Selesnya Guildgate,C13,Commander 2013,321,normal,common,1,15065,44c9ebde-7af3-4390-a94a-3531e7d26c50,0.18,false,false,near_mint,es,EUR,2025-04-20T23:27:12.695Z
Selfcraft Mechan,EOE,Edge of Eternities,74,normal,common,1,107724,5b2de056-5c27-44d6-871d-909411bd52dd,0.08,false,false,near_mint,en,EUR,2025-08-01T19:16:32.510Z
Selfless Police Captain,SPM,Marvel's Spider-Man,12,normal,common,1,107685,fb0fd7bd-10d0-4d29-af88-387d1e07f3b7,0.05,false,false,near_mint,en,EUR,2025-09-30T23:51:40.191Z
Send in the Pest,SOS,Secrets of Strixhaven,100,normal,common,2,112576,283b508b-89f0-4c23-9686-b049e402b73c,0.1,false,false,near_mint,en,EUR,2026-05-08T10:13:36.476Z
Sephiroth's Intervention,FIN,Final Fantasy,116,normal,common,1,106297,cf7df82f-937a-443f-813f-2bcc6944c5c0,0.1,false,false,near_mint,en,EUR,2025-06-18T14:09:45.764Z
Seraph of Dawn,AVR,Avacyn Restored,35,normal,common,1,18243,5da345bd-8f2b-4966-97f5-c0e4c6cfe3b7,0.12,false,false,near_mint,en,EUR,2025-04-20T23:27:12.695Z
Serpentine Ambush,VOW,Innistrad: Crimson Vow,77,normal,common,3,64381,b8214b1c-29f8-4986-89ac-2d7fc929edf3,0.02,false,false,near_mint,es,EUR,2025-04-20T23:27:12.695Z
Seven-Tail Mentor,NEO,Kamigawa: Neon Dynasty,36,normal,common,3,66582,9d77d1e6-c804-46f7-ba00-6df6bca2ae08,0.02,false,false,near_mint,es,EUR,2025-04-20T23:27:12.695Z
Sewer-veillance Cam,TMT,Teenage Mutant Ninja Turtles,53,normal,common,1,111505,ab47a37b-b66d-4f70-9bf0-4d5ed6b518f3,0.17,false,false,near_mint,en,EUR,2026-03-06T23:49:55.842Z
Shady Informant,MKM,Murders at Karlov Manor,231,normal,common,2,90659,0de36e63-8190-415f-b65b-bae1e595845d,0.03,false,false,near_mint,en,EUR,2025-04-20T23:27:12.695Z
Shapeshifter,TECL,Lorwyn Eclipsed Tokens,1,normal,common,1,110407,c2963ce1-f9d8-437a-9489-e0913a8b8d26,,false,false,near_mint,en,EUR,2026-07-20T10:08:18.051Z
"Sharlayan, Nation of Scholars",FIN,Final Fantasy,288,normal,common,1,106579,7a745b5e-cdb8-4d05-ac5c-87be69536da6,0.1,false,false,near_mint,en,EUR,2025-06-18T14:09:45.764Z
Shattered Wings,EOE,Edge of Eternities,206,normal,common,2,107142,bbece737-bd4f-4dc8-bf5c-f77930246ab1,0.18,false,false,near_mint,en,EUR,2025-08-01T19:16:32.510Z
Shelob's Ambush,LTR,The Lord of the Rings: Tales of Middle-earth,108,normal,common,1,82941,25e69fa8-7339-4bfa-8e35-9cbfe0001d8b,0.11,false,false,near_mint,es,EUR,2025-04-20T23:27:12.695Z
Shinra Reinforcements,FIN,Final Fantasy,118,normal,common,1,106282,7367b257-1a8c-4593-a307-7116e36e0342,0.07,false,false,near_mint,en,EUR,2025-06-18T14:09:45.764Z
Shire Terrace,LTR,The Lord of the Rings: Tales of Middle-earth,261,normal,common,2,82936,25932483-58cd-4ae5-82bf-ab455177d117,0.13,false,false,near_mint,es,EUR,2025-04-20T23:27:12.695Z
Shock,SPM,Marvel's Spider-Man,88,normal,common,1,107645,760b41a1-c087-4b11-b8a0-fb01d8a4c0c6,0.05,false,false,near_mint,en,EUR,2025-09-30T23:51:40.191Z
Shock Brigade,TDM,Tarkir: Dragonstorm,120,normal,common,1,104700,66940466-8e9d-4a85-bfb0-e92189b7a121,0.06,false,false,near_mint,en,EUR,2025-04-20T23:27:12.695Z
Shopkeeper's Bane,SOS,Secrets of Strixhaven,159,normal,common,1,112651,97f7fbb9-228c-4a74-975b-38d3b6cecb32,0.08,false,false,near_mint,en,EUR,2026-05-08T10:13:36.507Z
Shredder's Revenge,TMT,Teenage Mutant Ninja Turtles,76,normal,common,2,111272,72fadf47-2e0b-4b24-b1bc-7c86780716b6,0.1,false,false,near_mint,en,EUR,2026-03-06T23:49:55.751Z
Shriek Raptor,NPH,New Phyrexia,24,normal,common,1,19861,73071a3b-9329-418e-9285-fa4765463d1f,0.12,false,false,near_mint,en,EUR,2025-04-20T23:27:12.695Z
Sibsig Appraiser,TDM,Tarkir: Dragonstorm,56,foil,common,1,105135,670c5b96-bac6-449b-a2bd-cb43750d3911,0.08,false,false,near_mint,en,EUR,2025-04-20T23:27:12.695Z
Sigiled Sentinel,MOM,March of the Machine,37,normal,common,2,81395,7f65b178-51d6-4dcb-a1cc-4b4dcb2237cd,0.07,false,false,near_mint,es,EUR,2025-04-20T23:27:12.695Z
Silken Strength,DFT,Aetherdrift,180,normal,common,2,103634,ce0e1ded-9b00-4d7b-884c-70a429783b1f,0.04,false,false,near_mint,en,EUR,2025-04-20T23:27:12.695Z
Silver Deputy,OTJ,Outlaws of Thunder Junction,248,normal,common,1,93124,39d2c11d-1eb8-4768-bc61-fa8f20a69462,0.04,false,false,near_mint,en,EUR,2025-10-27T10:57:33.331Z
Silvergill Peddler,ECL,Lorwyn Eclipsed,70,normal,common,1,110669,feba2bb6-6005-4ade-a4c5-97bbd54b43a3,0.12,false,false,near_mint,en,EUR,2026-01-25T20:47:46.784Z
Simic Guildgate,C19,Commander 2019,275,normal,common,1,45659,d4e7b715-38c5-406f-883c-9c174f87944e,0.08,false,false,near_mint,es,EUR,2025-04-20T23:27:12.695Z
Sinister Cryologist,EOE,Edge of Eternities,75,normal,common,2,107783,e8fbe740-05ec-4ced-bb9d-3084c8c2b631,0.04,false,false,near_mint,en,EUR,2025-08-01T19:16:32.510Z
Siren Lookout,XLN,Ixalan,78,normal,common,1,3934,0000cd57-91fe-411f-b798-646e965eec37,0.11,false,false,near_mint,es,EUR,2025-04-20T23:27:12.695Z
Skulduggery,OTJ,Outlaws of Thunder Junction,107,normal,common,1,93030,03709166-164a-4075-ad0d-ea3b516ab771,0.02,false,false,near_mint,en,EUR,2025-10-27T10:57:33.331Z
Skybox Ferry,DFT,Aetherdrift,243,normal,common,1,103542,75d9ef34-ae95-4465-a30c-372e231bd733,0.02,false,false,near_mint,en,EUR,2025-04-20T23:27:12.695Z
Skyshroud Claim,EOC,Edge of Eternities Commander,107,normal,common,1,107082,860c0808-3ec1-4182-bf83-783720a02780,1.09,false,false,near_mint,en,EUR,2025-08-06T14:50:32.528Z
Skystinger,EOE,Edge of Eternities,207,normal,common,2,107777,dfea9941-3675-4c0f-bc4d-981c28deed36,0.15,false,false,near_mint,en,EUR,2025-08-01T19:16:32.510Z
Skyward Spider,SPM,Marvel's Spider-Man,146,normal,common,1,108599,f5cbb580-cd02-4c60-acb7-b7ed1f1fce59,0.02,false,false,near_mint,en,EUR,2025-09-30T23:51:40.191Z
Slagdrill Scrapper,EOE,Edge of Eternities,160,normal,common,2,107694,155dcf54-8fdb-4715-97dc-4eb5d3d80d78,0.15,false,false,near_mint,en,EUR,2025-08-01T19:16:32.510Z
Slash of Light,FIN,Final Fantasy,32,normal,common,1,106662,da6d9529-3cb0-4adc-8209-b9b02db3bf54,0.05,false,false,near_mint,en,EUR,2025-06-18T14:09:45.764Z
Slash Panther,NPH,New Phyrexia,96,normal,common,3,19789,2f510946-34de-4c12-8998-f61887d1a0e1,0.12,false,false,near_mint,es,EUR,2025-04-20T23:27:12.695Z
Slice from the Shadows,MKM,Murders at Karlov Manor,103,normal,common,1,90770,317800b3-6b2d-4de6-8e44-7e54dd623055,0.12,false,false,near_mint,en,EUR,2025-04-20T23:27:12.695Z
Slime Against Humanity,MKM,Murders at Karlov Manor,177,normal,common,1,90698,1eb21318-d32e-4724-8908-c0d7613de2f4,0.84,false,false,near_mint,en,EUR,2025-04-20T23:27:12.695Z
Snakeskin Veil,KHM,Kaldheim,194,normal,common,1,57125,e692c208-c171-4964-9207-43c2cbc62845,0.12,false,false,near_mint,es,EUR,2025-04-20T23:27:12.695Z
Snakeskin Veil,OTJ,Outlaws of Thunder Junction,181,normal,common,1,93052,133fbdec-0d00-433f-9015-5eb091126e3a,0.08,false,false,near_mint,en,EUR,2025-10-27T10:57:33.331Z
Snakeskin Veil,TDM,Tarkir: Dragonstorm,159,normal,common,1,104856,a3d2c692-7566-468e-9c86-47a9f768fde2,0.04,false,false,near_mint,en,EUR,2025-04-20T23:27:12.695Z
Snarling Gorehound,MKM,Murders at Karlov Manor,105,normal,common,2,91055,93ab3e11-8584-406f-b9ae-9e1df4396cbc,0.15,false,false,near_mint,en,EUR,2025-04-20T23:27:12.695Z
Snarling Warg,LTR,The Lord of the Rings: Tales of Middle-earth,109,normal,common,1,83351,a1ad561c-ccb4-480a-88a4-0555d0ef245e,0.05,false,false,near_mint,es,EUR,2025-04-20T23:27:12.695Z
Sneering Shadewriter,SOS,Secrets of Strixhaven,101,normal,common,1,112608,4b4c120e-abe9-4f11-a7e4-bc3f723da4b2,0.18,false,false,near_mint,es,EUR,2026-04-19T19:45:43.773Z
Sold Out,TLA,Avatar: The Last Airbender,119,normal,common,1,109389,1affba6d-2cca-4cdf-8690-1e23ffbe8462,0.08,false,false,near_mint,en,EUR,2025-11-26T15:34:18.488Z
Soul of Migration,MH2,Modern Horizons 2,33,normal,common,1,59524,4541217f-5e86-491b-918b-ed7a2eb3e4eb,0.02,false,false,near_mint,en,EUR,2025-06-16T17:24:56.249Z
Soul-Shackled Zombie,FDN,Foundations,70,normal,common,1,101609,deea5690-6eb2-4353-b917-cbbf840e4e71,0.1,false,false,near_mint,en,EUR,2025-04-20T23:27:12.695Z
Sower of Chaos,FDN,Foundations,95,normal,common,1,101556,7ff50606-491c-4946-8d03-719b01cfad77,0.06,false,false,near_mint,en,EUR,2025-04-20T23:27:12.695Z
Spectacle Summit,SOS,Secrets of Strixhaven,262,normal,common,1,112055,a0a66f7b-eab4-45da-8895-c2c2c7eb05f8,0.15,false,false,near_mint,es,EUR,2026-04-19T19:45:43.808Z
Spectacle Summit,SOS,Secrets of Strixhaven,262,normal,common,1,112055,a0a66f7b-eab4-45da-8895-c2c2c7eb05f8,0.06,false,false,near_mint,en,EUR,2026-05-08T10:13:36.510Z
Spectacular Tactics,SPM,Marvel's Spider-Man,15,normal,common,2,107648,836b4246-f1f2-4495-8664-650dda70ed4f,0.09,false,false,near_mint,en,EUR,2025-09-30T23:51:40.191Z
Specter of the Fens,STX,Strixhaven: School of Mages,87,normal,common,2,58145,73e3cfbc-7177-4bbc-89c4-560c9c2f97db,0.02,false,false,near_mint,es,EUR,2025-04-20T23:27:12.695Z
Spectral Interference,DFT,Aetherdrift,63,normal,common,1,103556,860cb8af-a5f6-47e7-a34b-7b9f11ddc8c6,0.06,false,false,near_mint,en,EUR,2025-04-20T23:27:12.695Z
Spellbook Seeker // Careful Study,SOS,Secrets of Strixhaven,68,normal,common,1,112691,cc44eaa4-59a4-419e-b1d1-d92f354ff588,0.08,false,false,near_mint,es,EUR,2026-04-19T19:45:43.739Z
Spider,TSPM,Marvel's Spider-Man Tokens,3,normal,common,1,108635,4a40f6e1-3545-4503-af3e-f0acfb735e3a,,false,false,near_mint,en,EUR,2025-09-30T23:51:40.191Z
Spider-Bot,SPM,Marvel's Spider-Man,173,normal,common,1,107619,24df824a-c1d6-4f09-b866-313b31fec5fb,0.08,false,false,near_mint,en,EUR,2025-09-30T23:51:40.191Z
"Spider-Gwen, Free Spirit",SPM,Marvel's Spider-Man,90,normal,common,1,107626,3bc04fa7-6265-4549-91f6-eebdcd67398a,0.09,false,false,near_mint,en,EUR,2025-09-30T23:51:40.191Z
Spider-Islanders,SPM,Marvel's Spider-Man,91,normal,common,1,107672,c9132e45-4ddb-4565-ac45-86f1ecc6230d,0.04,false,false,near_mint,en,EUR,2025-09-30T23:51:40.191Z
Spider-Man No More,SPM,Marvel's Spider-Man,45,normal,common,1,108642,72dbab11-96ed-43db-8b59-ceca47c8cd22,0.04,false,false,near_mint,en,EUR,2025-09-30T23:51:40.191Z
"Spider-Man, Brooklyn Visionary",SPM,Marvel's Spider-Man,115,normal,common,1,107679,e19929bc-cbe1-4970-952d-8e9d0193ddce,0.08,false,false,near_mint,en,EUR,2025-09-30T23:51:40.191Z
"Spider-Man, Web-Slinger",SPM,Marvel's Spider-Man,16,normal,common,2,107651,897418bc-df8c-4c97-b6bf-7c9133a8a577,0.11,false,false,near_mint,en,EUR,2025-09-30T23:51:40.191Z
"Spider-Rex, Daring Dino",SPM,Marvel's Spider-Man,116,normal,common,2,107636,5b6e0bea-f126-4adb-8808-901950a77c7b,0.09,false,false,near_mint,en,EUR,2025-09-30T23:51:40.191Z
Spin Out,DFT,Aetherdrift,106,normal,common,1,103617,be722ac5-e8c4-4180-aed0-7c28895afc0d,0.04,false,false,near_mint,en,EUR,2025-04-20T23:27:12.695Z
Spinewoods Paladin,OTJ,Outlaws of Thunder Junction,183,normal,common,1,93075,1b2b432d-9e73-4ab2-a098-546d406df6c0,0.1,false,false,near_mint,en,EUR,2025-10-27T10:57:33.331Z
Spirit,TOTJ,Outlaws of Thunder Junction Tokens,5,normal,common,1,93735,8c15b18b-1ab1-44e9-b96f-c36d52f11ea0,0.14,false,false,near_mint,en,EUR,2025-10-27T10:57:33.331Z
Spirit Mascot,SOS,Secrets of Strixhaven,230,normal,common,1,111682,123f1fde-d8de-4640-baa1-bb3781713168,0.1,false,false,near_mint,en,EUR,2026-05-08T10:13:36.460Z
Spirited Companion,BLC,Bloomburrow Commander,155,normal,common,1,96423,ada3dc9c-2f83-4f52-8776-ef23d45cc4eb,0.19,false,false,near_mint,en,EUR,2025-11-06T20:40:57.429Z
Spitfire Lagac,FDN,Foundations,208,normal,common,1,101496,30f600cd-b696-4f49-9cbc-5a33aa43d04c,0.07,false,false,near_mint,en,EUR,2025-04-20T23:27:12.695Z
Spore Crawler,VOW,Innistrad: Crimson Vow,222,normal,common,3,64242,628dbc4c-3640-44a9-8439-873103989409,0.03,false,false,near_mint,es,EUR,2025-04-20T23:27:12.695Z
Spotcycle Scouter,DFT,Aetherdrift,297,normal,common,1,103250,c0303505-d6f1-4626-a932-0e577d9572fe,0.11,false,false,near_mint,en,EUR,2025-04-20T23:27:12.695Z
Spotcycle Scouter,DFT,Aetherdrift,30,normal,common,2,103346,f0489108-75b7-441c-888d-12987c0c1080,0.05,false,false,near_mint,en,EUR,2025-04-20T23:27:12.695Z
Spring Splasher,OTJ,Outlaws of Thunder Junction,69,normal,common,2,93315,b6822d12-1a25-42e7-94cc-71bd29daed93,0.02,false,false,near_mint,en,EUR,2025-10-27T10:57:33.331Z
Springbloom Druid,EOC,Edge of Eternities Commander,51,normal,common,1,107042,6520f5dc-ead8-40c5-af1c-411fea2ba268,0.2,false,false,near_mint,en,EUR,2025-08-06T14:50:32.528Z
Springbloom Druid,FDN,Foundations,646,normal,common,1,101381,fa87cb5f-4dc9-49a4-9ae6-ebc7fedac018,0.21,false,false,near_mint,es,EUR,2025-04-20T23:27:12.695Z
Squad Rallier,FDN,Foundations,24,normal,common,2,101534,65e1ee86-6f08-4aa0-bf63-ae12028ef080,0.03,false,false,near_mint,en,EUR,2025-04-20T23:27:12.695Z
Squire's Lightblade,EOE,Edge of Eternities,36,normal,common,2,107699,2a0accba-85d4-4aa4-a70c-80fcce48c261,0.1,false,false,near_mint,en,EUR,2025-08-01T19:16:32.510Z
Squirrelanoids,TMT,Teenage Mutant Ninja Turtles,81,normal,common,1,111597,be08d2b0-375b-434f-9e6d-060809e0ed34,0.03,false,false,near_mint,en,EUR,2026-03-06T23:49:55.828Z
Stab,FDN,Foundations,71,foil,common,1,101538,6859a5ba-1c1c-4631-bba8-f9900b827178,0.07,false,false,near_mint,en,EUR,2025-04-20T23:27:12.695Z
Stab,FDN,Foundations,71,normal,common,2,101538,6859a5ba-1c1c-4631-bba8-f9900b827178,0.08,false,false,near_mint,en,EUR,2025-04-20T23:27:12.695Z
Stadium Tidalmage,SOS,Secrets of Strixhaven,232,normal,common,1,112658,a689289e-7141-4950-8a87-82e9bd6846fe,0.22,false,false,near_mint,es,EUR,2026-04-19T19:45:43.816Z
Stagecoach Security,OTJ,Outlaws of Thunder Junction,30,normal,common,1,93086,21301998-b3e6-4f3d-89f4-5e17aeb79a1e,0.05,false,false,near_mint,en,EUR,2025-10-27T10:57:33.331Z
Stall Out,DFT,Aetherdrift,66,normal,common,1,103500,4ea0e0d3-833f-4353-b648-57b0b657cc1c,0.04,false,false,near_mint,en,EUR,2025-04-20T23:27:12.695Z
Stampeding Scurryfoot,DFT,Aetherdrift,181,normal,common,2,103551,7fc713d7-4a7e-4f1f-b461-e89bb1457d7d,0.05,false,false,near_mint,en,EUR,2025-04-20T23:27:12.695Z
Starbreach Whale,EOE,Edge of Eternities,77,normal,common,2,107085,8a1a0476-7145-4493-97e5-4fc05c85e476,0.18,false,false,near_mint,en,EUR,2025-08-01T19:16:32.510Z
Starfighter Pilot,EOE,Edge of Eternities,38,normal,common,2,106970,1e571246-aadc-4d1f-a284-9a529e150fe0,0.17,false,false,near_mint,en,EUR,2025-08-01T19:16:32.510Z
"Starling, Aerial Ally",SPM,Marvel's Spider-Man,18,normal,common,1,107667,babbf53d-3e10-4110-8725-91f766c8cdad,0.04,false,false,near_mint,en,EUR,2025-09-30T23:51:40.191Z
Starport Security,EOE,Edge of Eternities,39,normal,common,1,107244,238cb1db-6c41-4fe1-bc34-340048dfde18,0.13,false,false,near_mint,en,EUR,2025-08-01T19:16:32.510Z
Start Your Engines! // Max Speed,TDFT,Aetherdrift Tokens,14,normal,common,1,103135,82613de6-ed37-48c1-8d2f-d91a3f496794,0.09,false,false,near_mint,en,EUR,2025-04-20T23:27:12.695Z
Stasis Field,MOM,March of the Machine,79,normal,common,3,81329,38211d78-ebac-4150-ac11-7613a0e9e1bc,0.12,false,false,near_mint,es,EUR,2025-04-20T23:27:12.695Z
Steel Wrecking Ball,SPM,Marvel's Spider-Man,177,normal,common,1,108453,7f2c74f5-1cfe-4918-a86b-0d58ac8b7469,0.06,false,false,near_mint,en,EUR,2025-09-30T23:51:40.191Z
Steer Clear,OTJ,Outlaws of Thunder Junction,31,normal,common,1,93160,523a4d6e-122b-49b4-bf3d-17d29c0007fb,0.04,false,false,near_mint,en,EUR,2025-10-27T10:57:33.331Z
Stegron the Dinosaur Man,SPM,Marvel's Spider-Man,95,normal,common,1,107631,485ceacb-fa76-4517-8466-c3c6bf6bcd6e,0.05,false,false,near_mint,en,EUR,2025-09-30T23:51:40.191Z
Sterling Hound,OTJ,Outlaws of Thunder Junction,249,normal,common,1,93284,9e5bfcf5-6e5c-47fe-af6c-6b18938261c6,0.03,false,false,near_mint,en,EUR,2025-10-27T10:57:33.331Z
Stoic Grove-Guide,ECL,Lorwyn Eclipsed,243,normal,common,1,110730,3d5a3e25-c17a-47b1-a36d-d24d50e5bab3,0.05,false,false,near_mint,en,EUR,2026-01-25T20:47:46.707Z
Stolen Stark Tech,MSH,Marvel Super Heroes,114,normal,common,1,114027,db4557ad-4141-4dae-870e-a587506f4914,0.02,false,false,near_mint,es,EUR,2026-06-20T00:03:25.252Z
Stomped by the Foot,TMT,Teenage Mutant Ninja Turtles,82,normal,common,1,111566,3fdec16f-77f5-4792-9698-b9099a204028,0.15,false,false,near_mint,en,EUR,2026-03-06T23:49:55.811Z
Stop Cold,OTJ,Outlaws of Thunder Junction,72,normal,common,1,93288,9ff9c158-0080-427c-8cf9-0289011ea63e,0.02,false,false,near_mint,en,EUR,2025-10-27T10:57:33.331Z
Stormkeld Prowler,WOE,Wilds of Eldraine,71,normal,common,4,85866,ff065dbf-77e3-45a8-bcca-aff9eaeb151f,0.02,false,false,near_mint,es,EUR,2025-04-20T23:27:12.695Z
Stormrider Spirit,SOI,Shadows over Innistrad,91,normal,common,2,8905,9c0fb4be-df73-43a9-bd48-fd47a4190fc1,0.03,false,false,near_mint,es,EUR,2025-04-20T23:27:12.695Z
Stormshriek Feral // Flush Out,TDM,Tarkir: Dragonstorm,124,normal,common,1,104447,0ec92c44-7cf0-48a5-a3ca-bc633496d887,0.06,false,false,near_mint,en,EUR,2025-04-20T23:27:12.695Z
Stratosoarer,ECL,Lorwyn Eclipsed,72,normal,common,2,110746,4f607889-6f3f-4511-8920-88a39f3b28ca,0.03,false,false,near_mint,en,EUR,2026-01-25T20:47:46.693Z
Streaking Oilgorger,DFT,Aetherdrift,107,normal,common,2,103097,6ff120a2-e2bb-42a2-bcb7-a48eb7a6d9b2,0.1,false,false,near_mint,en,EUR,2025-04-20T23:27:12.695Z
Strife Scholar // Awaken the Ages,SOS,Secrets of Strixhaven,131,normal,common,1,112644,8de79312-2046-425e-9919-49afe19be81b,0.15,false,false,near_mint,es,EUR,2026-04-19T19:45:43.738Z
Strife Scholar // Awaken the Ages,SOS,Secrets of Strixhaven,131,normal,common,3,112644,8de79312-2046-425e-9919-49afe19be81b,0.04,false,false,near_mint,en,EUR,2026-05-08T10:13:36.466Z
Strix Lookout,FDN,Foundations,52,normal,common,2,101627,fbd2422e-8e84-4c39-af29-3b4d38baee63,0.07,false,false,near_mint,en,EUR,2025-04-20T23:27:12.695Z
Studious First-Year // Rampant Growth,SOS,Secrets of Strixhaven,162,normal,common,1,111693,24f888dd-785c-4089-a89c-03f9080130ed,0.13,false,false,near_mint,es,EUR,2026-04-19T19:45:43.784Z
Subway Train,SPM,Marvel's Spider-Man,178,normal,common,2,108552,96f869f7-db88-4580-82b7-8749a55e525c,0.02,false,false,near_mint,en,EUR,2025-09-30T23:51:40.191Z
Sultai Devotee,TDM,Tarkir: Dragonstorm,160,normal,common,1,104358,c32487e9-f3ac-472e-b6ea-81bd9254770c,0.05,false,false,near_mint,en,EUR,2025-04-20T23:27:12.695Z
Summit Intimidator,TDM,Tarkir: Dragonstorm,125,normal,common,1,104373,e3cba0b1-7c22-4e51-b9cf-5bf01e67a222,0.02,false,false,near_mint,en,EUR,2025-04-20T23:27:12.695Z
Summit Sentinel,ECL,Lorwyn Eclipsed,73,normal,common,1,110776,81251057-f270-4f05-9dc5-205c70e1f295,0.03,false,false,near_mint,en,EUR,2026-01-25T20:47:46.681Z
Summon: Fat Chocobo,FIN,Final Fantasy,202,normal,common,1,106533,32eb192b-de6b-4814-8077-628d343d014e,0.09,false,false,near_mint,en,EUR,2025-06-18T14:09:45.764Z
Summon: G.F. Ifrit,FIN,Final Fantasy,163,normal,common,1,106648,c6c73092-5195-4bdc-b039-a699f6e297b2,0.09,false,false,near_mint,en,EUR,2025-06-18T14:09:45.764Z
Sun-Blessed Peak,TLA,Avatar: The Last Airbender,280,normal,common,1,109515,ae04c862-095f-41d2-8aef-21036d5a0cdc,0.07,false,false,near_mint,en,EUR,2025-11-26T15:34:18.488Z
Sun-Dappled Celebrant,ECL,Lorwyn Eclipsed,37,normal,common,1,110376,91c715a5-6643-4064-a8a8-3e05dce15979,0.06,false,false,near_mint,en,EUR,2026-01-25T20:47:46.697Z
Suplex,FIN,Final Fantasy,164,normal,common,2,106376,f61693a2-7042-44e0-85ba-9bf12ab94e7e,0.03,false,false,near_mint,en,EUR,2025-06-18T14:09:45.764Z
Sure Strike,FDN,Foundations,209,normal,common,2,101525,5de6a1e4-5c66-43e6-9f2a-2635bdab03f6,0.03,false,false,near_mint,en,EUR,2025-04-20T23:27:12.695Z
Sure Strike,M21,Core Set 2021,163,normal,common,1,50694,064a6f1c-a058-4cc8-b467-5dbecb5eeb99,0.03,false,false,near_mint,es,EUR,2025-04-20T23:27:12.695Z
Surly Farrier,ECL,Lorwyn Eclipsed,196,normal,common,1,110431,056f7f51-18a9-4d80-8928-decaf4d12c0d,0.02,false,false,near_mint,en,EUR,2026-01-25T20:47:46.783Z
Suspicious Shambler,J22,Jumpstart 2022,27,normal,common,1,76894,ff36347c-1fc1-4493-8e45-ef3372ecce45,0.13,false,false,near_mint,es,EUR,2025-04-20T23:27:12.695Z
Swamp,ECL,Lorwyn Eclipsed,271,normal,common,1,110305,1dd4d605-02a2-4183-b191-0bca8dfbf962,0.1,false,false,near_mint,en,EUR,2026-01-25T20:47:46.731Z
Swamp,ELD,Throne of Eldraine,258,normal,common,35,46080,e4f184c5-4f3c-4aea-afa1-f0903d3cc71a,0.12,false,false,near_mint,es,EUR,2025-04-20T23:27:12.695Z
Swamp,EOE,Edge of Eternities,272,normal,common,6,106944,07ab266b-ad6a-422e-9277-27d9f48d2c29,0.1,false,false,near_mint,en,EUR,2025-08-01T19:16:32.510Z
Swamp,EOE,Edge of Eternities,264,normal,common,1,106778,3e724e54-a622-4c77-8183-5a397a7c14a9,0.33,false,false,near_mint,en,EUR,2025-08-01T19:16:32.510Z
Swamp,EOE,Edge of Eternities,271,normal,common,2,107024,58496a56-437f-4204-9691-f63795e5cdab,0.16,false,false,near_mint,en,EUR,2025-08-02T12:05:52.876Z
Swamp,FIN,Final Fantasy,301,normal,common,2,105684,a7f56d20-16dc-4b7f-98bf-124817a83bae,0.11,false,false,near_mint,en,EUR,2025-06-18T14:09:45.764Z
Swamp,FIN,Final Fantasy,300,normal,common,2,105758,f66094ef-059b-4511-aa6e-835906736de4,0.16,false,false,near_mint,en,EUR,2025-06-18T14:09:45.764Z
Swamp,FIN,Final Fantasy,302,normal,common,2,105546,08ec1e4f-e284-4216-a022-bd94c4dae02b,0.1,false,false,near_mint,en,EUR,2025-06-18T14:09:45.764Z
Swamp,MKM,Murders at Karlov Manor,282,normal,common,7,91136,b1cbccfc-3585-4895-94d1-c3a67205e5fe,0.15,false,false,near_mint,en,EUR,2025-04-20T23:27:12.695Z
Swamp,OTJ,Outlaws of Thunder Junction,274,normal,common,3,91801,3b383b16-8128-4d9e-a0d0-9b8ccc9ad6df,0.32,false,false,near_mint,en,EUR,2025-10-27T10:57:33.331Z
Swamp,OTJ,Outlaws of Thunder Junction,281,normal,common,2,93917,eb7dc259-9949-4673-a8f1-874396948392,0.12,false,false,near_mint,en,EUR,2025-10-27T10:57:33.331Z
Swamp,OTJ,Outlaws of Thunder Junction,282,normal,common,2,93653,5c2c9dc0-7f3a-4f3a-ba08-5c2f87e252bc,0.12,false,false,near_mint,en,EUR,2025-10-27T10:57:33.331Z
Swamp,SOS,Secrets of Strixhaven,269,normal,common,1,111786,1797d5c7-d3fa-4184-85ae-46db14ddf523,0.43,false,false,near_mint,en,EUR,2026-05-08T10:13:36.452Z
Swamp,SOS,Secrets of Strixhaven,276,normal,common,2,111936,51fe930f-2b5a-4b1e-9007-6ee74fb44715,0.07,false,false,near_mint,en,EUR,2026-05-08T10:13:36.539Z
Swamp,SPM,Marvel's Spider-Man,191,normal,common,1,107864,5cb03b18-d74c-4c89-9539-3549d2e8ff5f,0.16,false,false,near_mint,en,EUR,2025-09-30T23:51:40.191Z
Swamp,SPM,Marvel's Spider-Man,196,normal,common,2,107661,a7150a6e-240f-4628-acdc-153d404370ff,0.14,false,false,near_mint,en,EUR,2025-09-30T23:51:40.191Z
Swamp,TLA,Avatar: The Last Airbender,284,normal,common,2,108302,f0b234d8-d6bb-48ec-8a4d-d8a570a69c62,0.09,false,false,near_mint,en,EUR,2025-11-26T15:34:18.488Z
Swampsnare Trap,TLA,Avatar: The Last Airbender,120,normal,common,2,109709,6348b6bf-08a7-45f0-8b2d-2827ab89f21c,0.05,false,false,near_mint,en,EUR,2025-11-26T15:34:18.488Z
Swarm Culler,EOE,Edge of Eternities,119,normal,common,3,107700,2a8f583c-88b6-4797-b93e-3086845fc326,0.07,false,false,near_mint,en,EUR,2025-08-01T19:16:32.510Z
"Swarm, Being of Bees",SPM,Marvel's Spider-Man,69,normal,common,1,108576,cb83d54e-6641-4929-99ad-c0ba5b610902,0.02,false,false,near_mint,en,EUR,2025-09-30T23:51:40.191Z
Swarming of Moria,LTR,The Lord of the Rings: Tales of Middle-earth,150,normal,common,1,82842,0a1bd073-4351-4c56-9b07-4430d0d83084,0.18,false,false,near_mint,es,EUR,2025-04-20T23:27:12.695Z
Swashbuckling,PLST,The List,XLN-167,normal,common,1,48279,c08d3b3a-6923-4891-b545-51cfe65e4c7d,0.03,false,false,near_mint,es,EUR,2025-04-20T23:27:12.695Z
Swiftwater Cliffs,DFT,Aetherdrift,265,normal,common,1,103181,949bf6bb-1e97-48a3-8547-0a780664c275,0.02,false,false,near_mint,en,EUR,2025-04-20T23:27:12.695Z
Swiftwater Cliffs,FDN,Foundations,268,normal,common,1,101389,fb88667d-7088-4889-960f-317486ebe856,0.06,false,false,near_mint,en,EUR,2025-04-20T23:27:12.695Z
Swiftwater Cliffs,PLST,The List,C18-284,normal,common,10,47665,a3004cc8-24f5-4690-9d2f-6a33c84d686a,0.11,false,false,near_mint,es,EUR,2025-04-20T23:27:12.695Z
Syphon Fuel,DFT,Aetherdrift,108,normal,common,1,103493,4af17ae0-1035-4cb2-8974-98b377bfaa48,0.02,false,false,near_mint,en,EUR,2025-04-20T23:27:12.695Z
Tackle Artist,SOS,Secrets of Strixhaven,133,normal,common,1,112672,b87e2474-98c1-4c1a-91ed-340b72d31653,0.05,false,false,near_mint,en,EUR,2026-05-08T10:13:36.533Z
Take the Fall,OTJ,Outlaws of Thunder Junction,73,normal,common,1,93287,9fea80c4-923c-40a1-9363-bfa4c267a024,0.04,false,false,near_mint,en,EUR,2025-10-27T10:57:33.331Z
Take Up the Shield,OTJ,Outlaws of Thunder Junction,34,normal,common,1,93224,76a31968-ba6d-4c01-838f-4cb8c64e73fb,0.05,false,false,near_mint,en,EUR,2025-10-27T10:57:33.331Z
Taxi Driver,SPM,Marvel's Spider-Man,97,normal,common,2,107663,a80d3ed9-5e81-41b7-bb74-ab86cba841c8,0.04,false,false,near_mint,en,EUR,2025-09-30T23:51:40.191Z
TCRI Building,TMT,Teenage Mutant Ninja Turtles,189,normal,common,2,111586,8817a1d6-ef39-4e7c-8277-74aea012803b,0.06,false,false,near_mint,en,EUR,2026-03-06T23:49:55.729Z
Teach by Example,STX,Strixhaven: School of Mages,241,normal,common,1,58260,aa7fbb9b-50a8-4d18-a667-fe965468ca16,0.08,false,false,near_mint,es,EUR,2025-04-20T23:27:12.695Z
Teeterpeak Ambusher,ZNR,Zendikar Rising,169,normal,common,4,54691,ad57c2f3-d9cb-4165-bb39-897b5b12689e,0.05,false,false,near_mint,es,EUR,2025-04-20T23:27:12.695Z
Tempest Hawk,TDM,Tarkir: Dragonstorm,31,normal,common,2,104587,422f9453-ab12-4e3c-8c51-be87391395a1,0.02,false,false,near_mint,en,EUR,2025-04-20T23:27:12.695Z
Temporal Cleansing,ECL,Lorwyn Eclipsed,78,normal,common,1,110498,50ee7315-ec53-43d2-841e-8ec192b850f1,0.03,false,false,near_mint,en,EUR,2026-01-25T20:47:46.713Z
Temporal Intervention,EOE,Edge of Eternities,120,normal,common,2,107064,79f9525a-4cb7-411e-b7b5-2113e93bcbc3,0.22,false,false,near_mint,en,EUR,2025-08-01T19:16:32.510Z
Temur Devotee,TDM,Tarkir: Dragonstorm,61,normal,common,2,104333,a2ef698e-5466-43bd-985d-020f2e5d8205,0.04,false,false,near_mint,en,EUR,2025-04-20T23:27:12.695Z
Temur Tawnyback,TDM,Tarkir: Dragonstorm,229,normal,common,1,104566,3cdb383f-bc04-46d1-aa3a-7459d57f1fec,0.04,false,false,near_mint,en,EUR,2025-04-20T23:27:12.695Z
Tend the Sprigs,ECL,Lorwyn Eclipsed,197,normal,common,2,110324,388f6d9d-bb9a-4a3d-93c5-701db194863c,0.05,false,false,near_mint,en,EUR,2026-01-25T20:47:46.770Z
Tenderize,TMT,Teenage Mutant Ninja Turtles,133,normal,common,3,111511,bc19807b-09e8-4923-abc3-d4bbe8cde5fc,0.08,false,false,near_mint,en,EUR,2026-03-06T23:49:55.740Z
Terramorphic Expanse,BLC,Bloomburrow Commander,345,normal,common,1,96204,21bb96d8-483c-4fde-97ea-08be9570c289,0.12,false,false,near_mint,en,EUR,2025-11-06T20:40:57.429Z
Terramorphic Expanse,EOC,Edge of Eternities Commander,62,normal,common,1,107056,7102269a-e0d1-42a0-aa9d-fdd53b5aaebe,0.19,false,false,near_mint,en,EUR,2025-08-06T14:50:32.528Z
Terramorphic Expanse,SOS,Secrets of Strixhaven,265,normal,common,1,112047,9a4c5629-fadd-42b9-850f-9f8586a2ca50,0.05,false,false,near_mint,en,EUR,2026-05-08T10:13:36.503Z
Territorial Hammerskull,PLST,The List,XLN-41,normal,common,1,49096,507fb744-c6dc-4ff2-a329-872bd8c4d39c,0.1,false,false,near_mint,es,EUR,2025-04-20T23:27:12.695Z
Textbook Tabulator,SOS,Secrets of Strixhaven,70,normal,common,1,112615,56f54fee-b48d-4582-8982-ca4c7b8ef553,0.2,false,false,near_mint,es,EUR,2026-04-19T19:45:43.804Z
Thaumaton Torpedo,EOE,Edge of Eternities,246,normal,common,3,107695,1817f1b5-960a-435c-bdec-8cc8cbcb3358,0.11,false,false,near_mint,en,EUR,2025-08-01T19:16:32.510Z
Thawbringer,EOE,Edge of Eternities,211,normal,common,1,107691,0b7f934f-8eb4-408b-a55f-245ec5cc4a8a,0.11,false,false,near_mint,en,EUR,2025-08-01T19:16:32.510Z
The Black Breath,LTR,The Lord of the Rings: Tales of Middle-earth,78,normal,common,1,82916,1e63983d-c36b-4440-b9e1-baaa6c7c0ba9,0.03,false,false,near_mint,en,EUR,2026-04-19T14:28:02.873Z
The Chase Is On,MKM,Murders at Karlov Manor,304,normal,common,1,91027,87d5d312-8664-4690-9823-8be4d1c06cd0,0.05,false,false,near_mint,en,EUR,2025-04-20T23:27:12.695Z
They Went This Way,MKM,Murders at Karlov Manor,178,normal,common,1,91307,f4a31d4a-34bc-46b4-b20f-a5460191b35d,0.04,false,false,near_mint,en,EUR,2025-04-20T23:27:12.695Z
Thieving Otter,IKO,Ikoria: Lair of Behemoths,69,normal,common,3,50008,07f84b0a-37d9-4b0f-8d75-1fab45a12d44,0.15,false,false,near_mint,es,EUR,2025-04-20T23:27:12.695Z
Think Twice,C19,Commander 2019,99,normal,common,2,45835,7b93726a-9ee7-4010-9db1-1e1ac5955398,0.17,false,false,near_mint,es,EUR,2025-04-20T23:27:12.695Z
Think Twice,FDN,Foundations,165,foil,common,1,101202,d88faaa1-eb41-40f7-991c-5c06e1138f3d,0.08,false,false,near_mint,en,EUR,2025-04-20T23:27:12.695Z
Think Twice,FDN,Foundations,165,normal,common,2,101202,d88faaa1-eb41-40f7-991c-5c06e1138f3d,0.05,false,false,near_mint,en,EUR,2025-04-20T23:27:12.695Z
Thornweald Archer,PLST,The List,CMA-154,normal,common,1,47999,182c14ac-82dd-4588-858a-b720247df410,0.13,false,false,near_mint,es,EUR,2025-04-20T23:27:12.695Z
Thornwood Falls,DFT,Aetherdrift,266,normal,common,1,103015,4723a303-7f20-4399-8bc6-6a27a61a3532,0.03,false,false,near_mint,en,EUR,2025-04-20T23:27:12.695Z
Thornwood Falls,ELD,Throne of Eldraine,313,normal,common,2,46058,f5159db6-a87f-40eb-8c5c-821dfb67ff6d,0.11,false,false,near_mint,es,EUR,2025-04-20T23:27:12.695Z
Thornwood Falls,FDN,Foundations,269,foil,common,1,100424,42799f51-0f8c-444b-974e-dae281a5c697,0.12,false,false,near_mint,en,EUR,2025-04-20T23:27:12.695Z
Thornwood Falls,FDN,Foundations,269,normal,common,1,100424,42799f51-0f8c-444b-974e-dae281a5c697,0.09,false,false,near_mint,en,EUR,2025-04-20T23:27:12.695Z
Thornwood Falls,TDM,Tarkir: Dragonstorm,269,normal,common,1,104376,ebb502c2-5fd0-46a9-b77d-010f4a942056,0.02,false,false,near_mint,en,EUR,2025-04-20T23:27:12.695Z
Thrash of Raptors,XLN,Ixalan,168,normal,common,1,3844,2a03b859-811c-45ff-8d8a-9e87e4bbf113,0.08,false,false,near_mint,es,EUR,2025-04-20T23:27:12.695Z
Thrashing Frontliner,MOM,March of the Machine,167,normal,common,1,81388,77fd9ccb-2cb0-4fe1-9eb0-ba929bb527be,0.03,false,false,near_mint,en,EUR,2025-06-16T17:24:56.249Z
Three Tree Mascot,BLB,Bloomburrow,251,normal,common,1,96100,aaced75b-6e07-457c-8ea2-f74d99710d15,0.06,false,false,near_mint,es,EUR,2025-04-20T23:27:12.695Z
Thrill of Possibility,ELD,Throne of Eldraine,146,normal,common,1,46192,c9021f85-7ab4-4a78-a398-1611fe09cd14,0.09,false,false,near_mint,es,EUR,2025-04-20T23:27:12.695Z
Thrill of Possibility,FDN,Foundations,210,normal,common,2,101561,882b348c-076b-41d8-b505-063480636669,0.06,false,false,near_mint,en,EUR,2025-04-20T23:27:12.695Z
Thriving Bluff,BLC,Bloomburrow Commander,346,normal,common,1,96539,fe1789e8-fc45-45f5-8d98-1efce606efc4,0.11,false,false,near_mint,en,EUR,2025-11-06T20:40:57.429Z
Thriving Heath,BLC,Bloomburrow Commander,348,normal,common,1,96365,84edcf5a-9622-4c9d-885a-f2403b436069,0.11,false,false,near_mint,en,EUR,2025-11-06T20:40:57.429Z
Thriving Isle,BLC,Bloomburrow Commander,349,normal,common,1,96425,af188959-16f3-4482-a110-c22d0863f6c7,0.08,false,false,near_mint,en,EUR,2025-11-06T20:40:57.429Z
Throw from the Saddle,OTJ,Outlaws of Thunder Junction,185,normal,common,1,93225,775874cc-4b78-4904-9c97-431c2e400c64,0.04,false,false,near_mint,en,EUR,2025-10-27T10:57:33.331Z
Thunder Magic,FIN,Final Fantasy,165,normal,common,1,106610,9f2b202c-91da-40ec-8324-6b6be7cb3bc8,0.09,false,false,near_mint,en,EUR,2025-06-18T14:09:45.764Z
Thunder Salvo,OTJ,Outlaws of Thunder Junction,150,normal,common,1,93289,a0bf0ea9-0929-4d33-815a-6df29c399e7e,0.03,false,false,near_mint,en,EUR,2025-10-27T10:57:33.331Z
Thunderhead Gunner,DFT,Aetherdrift,148,normal,common,1,103669,ef537868-b2cb-4bbd-a935-b7f73f19bd06,0.04,false,false,near_mint,en,EUR,2025-04-20T23:27:12.695Z
Thwip!,SPM,Marvel's Spider-Man,20,normal,common,2,107666,b2dac88e-1204-4640-94ce-e1aff434ea06,0.06,false,false,near_mint,en,EUR,2025-09-30T23:51:40.191Z
Ticket Tortoise,DFT,Aetherdrift,245,normal,common,2,103674,fa178ed7-8f3a-45f0-817d-5fbc7993b04a,0.07,false,false,near_mint,en,EUR,2025-04-20T23:27:12.695Z
Timberland Guide,AVR,Avacyn Restored,197,normal,common,1,18081,ae80fefb-af78-4f98-8058-71b61e91842f,0.04,false,false,near_mint,en,EUR,2025-04-20T23:27:12.695Z
Timberland Guide,AVR,Avacyn Restored,197,normal,common,4,18081,ae80fefb-af78-4f98-8058-71b61e91842f,0.04,false,false,near_mint,es,EUR,2025-04-20T23:27:12.695Z
Timid Shieldbearer,ECL,Lorwyn Eclipsed,39,normal,common,1,110699,1c672d38-a1a6-4912-a9a6-b11e7bf0cc67,0.04,false,false,near_mint,en,EUR,2026-01-25T20:47:46.758Z
Titan's Grave,SOS,Secrets of Strixhaven,266,normal,common,1,112068,a9ab41c8-3ee2-4676-9b8b-20c34d9f5f21,0.06,false,false,near_mint,en,EUR,2026-05-08T10:13:36.422Z
Titanic Growth,PLST,The List,M19-205,normal,common,1,47992,b0d513a9-c292-46a3-be06-d29d7090dc92,0.05,false,false,near_mint,es,EUR,2025-04-20T23:27:12.695Z
Tolarian Terror,FDN,Foundations,167,normal,common,1,100270,2569d4f3-55ed-4f99-9592-34c7df0aab72,0.22,false,false,near_mint,es,EUR,2025-04-20T23:27:12.695Z
Tome Blast,SOS,Secrets of Strixhaven,135,normal,common,1,112630,72a3b17d-1e00-48e9-8402-c81bacd595a7,0.06,false,false,near_mint,en,EUR,2026-05-08T10:13:36.519Z
Topiary Panther,MKM,Murders at Karlov Manor,179,normal,common,1,90623,03d0365e-6dee-4236-a997-6761e3cde90d,0.06,false,false,near_mint,en,EUR,2025-04-20T23:27:12.695Z
Town Greeter,FIN,Final Fantasy,209,normal,common,1,105610,49cd4efa-4df4-4257-9a42-60330f7781e2,0.02,false,false,near_mint,en,EUR,2025-06-18T14:09:45.764Z
Toxin Analysis,MKM,Murders at Karlov Manor,107,normal,common,5,90660,0eda1aff-c1f4-4171-a800-605396cc8168,0.23,false,false,near_mint,en,EUR,2025-04-20T23:27:12.695Z
Trade Route Envoy,TDM,Tarkir: Dragonstorm,163,normal,common,2,105174,f0c89d95-d697-4cfa-9dfa-52d7adb96176,0.04,false,false,near_mint,en,EUR,2025-04-20T23:27:12.695Z
Trained Arynx,OTJ,Outlaws of Thunder Junction,36,normal,common,1,93415,ef32a5f8-f69d-47dc-a800-4f0ddf4eada5,0.05,false,false,near_mint,en,EUR,2025-10-27T10:57:33.331Z
Tranquil Cove,FDN,Foundations,270,normal,common,1,100719,7c9cabca-5bcc-4b97-b2ac-a345ad3ee43c,0.11,false,false,near_mint,en,EUR,2025-04-20T23:27:12.695Z
Tranquil Cove,M21,Core Set 2021,258,normal,common,6,50710,0fee9b4b-1510-4b78-bdde-2e0bb319ee33,0.07,false,false,near_mint,es,EUR,2025-04-20T23:27:12.695Z
Treasure,TOTJ,Outlaws of Thunder Junction Tokens,18,normal,common,1,93713,7ec6f053-96f7-4e57-b2eb-4e7699a40a4f,0.07,false,false,near_mint,en,EUR,2025-10-27T10:57:33.331Z
Treasure,TSPM,Marvel's Spider-Man Tokens,7,normal,common,1,108663,d52efeb3-661d-45e9-97c3-af167f889684,,false,false,near_mint,en,EUR,2025-09-30T23:51:40.191Z
Treeguard Duo,BLB,Bloomburrow,200,normal,common,3,96077,89c8456e-c971-42b7-abf3-ff5ae1320abe,0.07,false,false,near_mint,es,EUR,2025-04-20T23:27:12.695Z
Treetop Snarespinner,FDN,Foundations,114,normal,common,1,101562,88e68fa3-159d-49a6-8ac6-afc9bd6f1718,0.11,false,false,near_mint,en,EUR,2025-04-20T23:27:12.695Z
Tributary Vaulter,ECL,Lorwyn Eclipsed,40,normal,common,2,110802,a1db2c83-41d1-4cc6-b9a3-fed504b01127,0.04,false,false,near_mint,en,EUR,2026-01-25T20:47:46.773Z
Trick Shot,OTJ,Outlaws of Thunder Junction,151,normal,common,1,93351,cd3c2d02-67ca-4858-9b7a-3cfe8a08356c,0.03,false,false,near_mint,en,EUR,2025-10-27T10:57:33.331Z
Trip Up,DFT,Aetherdrift,71,normal,common,2,103451,273061f3-7aa7-4cb0-afd6-616252b88948,0.03,false,false,near_mint,en,EUR,2025-04-20T23:27:12.695Z
Trusted Forcemage,AVR,Avacyn Restored,199,normal,common,1,18079,3ee66ef9-10a7-4aab-88f7-84956811cc6c,0.02,false,false,near_mint,en,EUR,2025-04-20T23:27:12.695Z
Tunnel Rats,TMT,Teenage Mutant Ninja Turtles,84,normal,common,1,111582,70faf7d8-008a-454a-a21b-702aa661b8f9,0.06,false,false,near_mint,en,EUR,2026-03-06T23:49:55.758Z
Tunnel Tipster,MKM,Murders at Karlov Manor,180,normal,common,2,90811,3e29b890-35b9-4e2a-9b4c-9417ca7db31d,0.1,false,false,near_mint,en,EUR,2025-04-20T23:27:12.695Z
Tweeze,ECL,Lorwyn Eclipsed,162,normal,common,1,110483,3ceab0e6-1bb8-487d-ab4b-2da8457b970a,0.06,false,false,near_mint,en,EUR,2026-01-25T20:47:46.786Z
Twin Bolt,TDM,Tarkir: Dragonstorm,128,normal,common,1,105137,688d8e93-d071-4089-9ef9-565ac4ae9ae0,0.05,false,false,near_mint,en,EUR,2025-04-20T23:27:12.695Z
Ulna Alley Shopkeep,SOS,Secrets of Strixhaven,103,normal,common,1,112681,c25e1ae5-f17c-4eee-98f1-5681981af31c,0.04,false,false,near_mint,en,EUR,2026-05-08T10:13:36.535Z
Unauthorized Exit,MKM,Murders at Karlov Manor,74,normal,common,1,91033,8a458474-d721-46d7-b487-6a47dc063cfd,0.1,false,false,near_mint,en,EUR,2025-04-20T23:27:12.695Z
Unburied Earthcarver,TDM,Tarkir: Dragonstorm,95,normal,common,1,105126,3ab5e71e-dc8d-4ed8-bcef-6497177c4a9d,0.02,false,false,near_mint,en,EUR,2025-04-20T23:27:12.695Z
Uncharted Voyage,FDN,Foundations,53,normal,common,3,101611,e0846820-e595-4743-8a28-29c57d728677,0.06,false,false,near_mint,en,EUR,2025-04-20T23:27:12.695Z
Undead Executioner,AVR,Avacyn Restored,123,normal,common,2,18155,8d330058-16af-4486-aa89-b6be759e35d4,0.05,false,false,near_mint,es,EUR,2025-04-20T23:27:12.695Z
Undercity Dire Rat,FIN,Final Fantasy,123,normal,common,2,106270,274788f4-fbf3-4a15-bdc0-f513a2fde30d,0.05,false,false,near_mint,en,EUR,2025-06-18T14:09:45.764Z
Undercover Crocodelf,MKM,Murders at Karlov Manor,239,foil,common,1,90902,5bc669c8-6f39-4d52-82d3-a4005d41c8a5,0.05,false,false,near_mint,en,EUR,2025-04-20T23:27:12.695Z
Undercover Crocodelf,MKM,Murders at Karlov Manor,239,normal,common,1,90902,5bc669c8-6f39-4d52-82d3-a4005d41c8a5,0.06,false,false,near_mint,en,EUR,2025-04-20T23:27:12.695Z
Underfoot Underdogs,TDM,Tarkir: Dragonstorm,129,normal,common,1,104431,049acc79-1d68-410f-a081-88a7d40e823a,0.03,false,false,near_mint,en,EUR,2025-04-20T23:27:12.695Z
Undergrowth Leopard,TDM,Tarkir: Dragonstorm,165,foil,common,1,104307,67ab8f9a-b17c-452f-b4ef-a3f91909e3de,0.11,false,false,near_mint,en,EUR,2025-04-20T23:27:12.695Z
Undergrowth Leopard,TDM,Tarkir: Dragonstorm,165,normal,common,1,104307,67ab8f9a-b17c-452f-b4ef-a3f91909e3de,0.07,false,false,near_mint,en,EUR,2025-04-20T23:27:12.695Z
Undying Malice,VOW,Innistrad: Crimson Vow,134,normal,common,1,64310,8eb38041-043a-4b18-9d9a-f1283684e8f1,0.57,false,false,near_mint,es,EUR,2025-04-20T23:27:12.695Z
Uneasy Alliance,TMT,Teenage Mutant Ninja Turtles,28,normal,common,1,111575,5d9a4f9a-1e3a-4de8-a7c0-7158c6703b4e,0.07,false,false,near_mint,en,EUR,2026-03-06T23:49:55.859Z
Unending Whisper,TDM,Tarkir: Dragonstorm,62,foil,common,1,105070,fc48180a-ccac-469f-938d-c050821d0160,0.03,false,false,near_mint,en,EUR,2025-04-20T23:27:12.695Z
Unending Whisper,TDM,Tarkir: Dragonstorm,62,normal,common,1,105070,fc48180a-ccac-469f-938d-c050821d0160,0.02,false,false,near_mint,en,EUR,2025-04-20T23:27:12.695Z
Unexpected Assistance,ECL,Lorwyn Eclipsed,80,normal,common,1,110077,7b540a5f-7f1b-421a-864f-5af469556fc6,0.11,false,false,near_mint,en,EUR,2026-01-25T20:47:46.729Z
Unforgiving Aim,ECL,Lorwyn Eclipsed,200,normal,common,1,110680,0bef3905-24f8-419b-aeca-396adfc6d0dc,0.04,false,false,near_mint,en,EUR,2026-01-25T20:47:46.740Z
Unholy Officiant,VOW,Innistrad: Crimson Vow,286,normal,common,2,64266,722b6cc7-16f2-43cd-bac6-42f5e7962d99,0.06,false,false,near_mint,es,EUR,2025-04-20T23:27:12.695Z
University Campus,SPM,Marvel's Spider-Man,186,normal,common,1,108624,2752f21c-f535-4772-a8b3-e97e1339e9c9,0.05,false,false,near_mint,en,EUR,2025-09-30T23:51:40.191Z
Unlucky Drop,LCI,The Lost Caverns of Ixalan,82,normal,common,1,88607,76ebb2df-8891-434e-9cd0-f25b848cb754,0.02,false,false,near_mint,en,EUR,2025-06-16T17:24:56.249Z
Unstable Experiment,SPM,Marvel's Spider-Man,47,normal,common,1,107669,be9d5985-0a39-4ee3-80de-30d17d08f404,0.07,false,false,near_mint,en,EUR,2025-09-30T23:51:40.191Z
Unsubtle Mockery,SOS,Secrets of Strixhaven,136,normal,common,2,112580,2b7cb1a3-761e-470e-a164-6e29dd9448cd,,false,false,near_mint,es,EUR,2026-04-19T19:45:43.787Z
Unsubtle Mockery,SOS,Secrets of Strixhaven,136,normal,common,1,112580,2b7cb1a3-761e-470e-a164-6e29dd9448cd,0.05,false,false,near_mint,en,EUR,2026-05-08T10:13:36.461Z
Unsummon,M20,Core Set 2020,78,normal,common,1,45383,7a960516-3864-4a7a-8117-d25dec0dd665,0.11,false,false,near_mint,es,EUR,2025-04-20T23:27:12.695Z
Uruk-hai Berserker,LTR,The Lord of the Rings: Tales of Middle-earth,112,normal,common,1,83302,936421a0-2c2a-4410-941d-4e6b88166bd1,0.06,false,false,near_mint,en,EUR,2026-04-19T14:28:02.872Z
Utrom Scientists,TMT,Teenage Mutant Ninja Turtles,56,normal,common,1,111478,6da89625-5278-49d4-813b-a1a631f114f5,0.02,false,false,near_mint,en,EUR,2026-03-06T23:49:55.827Z
Vampire Soulcaller,FDN,Foundations,75,foil,common,2,101495,2d076293-3b45-4878-8f67-978927cc1f68,0.05,false,false,near_mint,en,EUR,2025-04-20T23:27:12.695Z
Vampire Soulcaller,FDN,Foundations,75,normal,common,1,101495,2d076293-3b45-4878-8f67-978927cc1f68,0.05,false,false,near_mint,en,EUR,2025-04-20T23:27:12.695Z
Vampire Spawn,AFR,Adventures in the Forgotten Realms,123,normal,common,3,60396,b8975c72-b2ec-4c5f-86a4-4e1e3bb41c15,0.08,false,false,near_mint,es,EUR,2025-04-20T23:27:12.695Z
Vanguard Seraph,FDN,Foundations,28,normal,common,2,101503,4329c861-fc16-4a96-9c03-25af6ac2adc8,0.04,false,false,near_mint,en,EUR,2025-04-20T23:27:12.695Z
Vanquish the Weak,XLN,Ixalan,127,normal,common,1,3885,e599ed0b-4b3b-4341-b6ac-7fdfdc6799a3,0.03,false,false,near_mint,es,EUR,2025-04-20T23:27:12.695Z
Vayne's Treachery,FIN,Final Fantasy,124,normal,common,1,106569,6de6d23b-7d42-41c1-be1c-010fe43ee586,0.07,false,false,near_mint,en,EUR,2025-06-18T14:09:45.764Z
"Vector, Imperial Capital",FIN,Final Fantasy,291,normal,common,1,106512,10e5648e-4884-41e3-95f8-c76f6bca01e2,0.09,false,false,near_mint,en,EUR,2025-06-18T14:09:45.764Z
Veloheart Bike,DFT,Aetherdrift,184,normal,common,1,103144,85edde1a-f05c-4ce8-bedd-88359647aa0d,0.04,false,false,near_mint,en,EUR,2025-04-20T23:27:12.695Z
Vengeful Creeper,MKM,Murders at Karlov Manor,182,normal,common,1,90987,7a914416-effd-4eda-b609-2773c53a08ec,0.13,false,false,near_mint,en,EUR,2025-04-20T23:27:12.695Z
Vengeful Townsfolk,OTJ,Outlaws of Thunder Junction,37,normal,common,2,93102,2df404af-571a-4867-83f5-bb4163b433ff,0.04,false,false,near_mint,en,EUR,2025-10-27T10:57:33.331Z
Venom's Hunger,SPM,Marvel's Spider-Man,73,normal,common,1,107611,01d276cd-e4ad-488f-8447-004aefad1ebb,0.07,false,false,near_mint,en,EUR,2025-09-30T23:51:40.191Z
"Venom, Evil Unleashed",SPM,Marvel's Spider-Man,71,normal,common,1,107664,ab3d51a4-40f0-4606-b5f9-2686c12fd54b,0.08,false,false,near_mint,en,EUR,2025-09-30T23:51:40.191Z
Venomized Cat,SPM,Marvel's Spider-Man,72,normal,common,2,108527,6330f3e9-e031-4d55-b5d8-536c16bba063,0.03,false,false,near_mint,en,EUR,2025-09-30T23:51:40.191Z
Venomsac Lagac,DFT,Aetherdrift,185,normal,common,3,103171,9142b1c9-09d7-42e4-8138-6c15d31f2470,0.08,false,false,near_mint,en,EUR,2025-04-20T23:27:12.695Z
Viashino Pyromancer,M19,Core Set 2019,166,normal,common,1,1146,a82fdb2f-b199-44ff-9615-90fc074cb8b0,0.09,false,false,near_mint,es,EUR,2025-04-20T23:27:12.695Z
Vincent's Limit Break,FIN,Final Fantasy,126,normal,common,1,106499,0502c426-5271-4989-8598-5bc159afe79c,0.09,false,false,near_mint,en,EUR,2025-06-18T14:09:45.764Z
Virus Beetle,EOE,Edge of Eternities,124,normal,common,3,107570,e96c986c-684c-4546-a9c9-b6b903bda101,0.12,false,false,near_mint,en,EUR,2025-08-01T19:16:32.510Z
Visionary's Dance,SOS,Secrets of Strixhaven,242,normal,common,1,112638,846a0e79-a530-429e-8f7f-4b87f1b0156e,0.12,false,false,near_mint,es,EUR,2026-04-19T19:45:43.813Z
Vitu-Ghazi Inspector,MKM,Murders at Karlov Manor,183,normal,common,1,90927,664d15d7-2724-4a9b-b5a7-8042d4b7da7b,0.05,false,false,near_mint,en,EUR,2025-04-20T23:27:12.695Z
Voldaren Stinger,MID,Innistrad: Midnight Hunt,167,normal,common,2,63504,f27a7c78-3a64-42fc-8808-15b1f41976a1,0.09,false,false,near_mint,es,EUR,2025-04-20T23:27:12.695Z
Voracious Varmint,OTJ,Outlaws of Thunder Junction,188,normal,common,1,93279,99b74fa3-c1d7-4780-977d-f2d6663a529a,0.11,false,false,near_mint,en,EUR,2025-10-27T10:57:33.331Z
Vortex Runner,STX,Strixhaven: School of Mages,60,normal,common,2,58289,bab4a68d-5d26-42d8-bc51-15e3c1f95ebe,0.05,false,false,near_mint,es,EUR,2025-04-20T23:27:12.695Z
Walking Sarcophagus,DFT,Aetherdrift,246,normal,common,1,103562,89ccbd73-9414-48a3-bdcf-e838fcffc08f,0.07,false,false,near_mint,en,EUR,2025-04-20T23:27:12.695Z
Wander Off,SOS,Secrets of Strixhaven,104,normal,common,1,112597,3d409512-50b9-4a38-91b0-19ba25227992,0.2,false,false,near_mint,es,EUR,2026-04-19T19:45:43.735Z
Wander Off,SOS,Secrets of Strixhaven,104,normal,common,2,112597,3d409512-50b9-4a38-91b0-19ba25227992,0.05,false,false,near_mint,en,EUR,2026-05-08T10:13:36.550Z
Wanderwine Distracter,ECL,Lorwyn Eclipsed,82,normal,common,1,110624,cbf593a7-d4ae-4771-926a-3c1b2c8c901a,0.13,false,false,near_mint,en,EUR,2026-01-25T20:47:46.698Z
Wanted Griffin,OTJ,Outlaws of Thunder Junction,38,normal,common,1,93187,624a176b-fe24-4441-8877-464cf172ccff,0.02,false,false,near_mint,en,EUR,2025-10-27T10:57:33.331Z
Warren Elder,BLB,Bloomburrow,37,normal,common,3,96030,4bf20069-5a20-4f95-976b-6af2b69f3ad0,0.07,false,false,near_mint,es,EUR,2025-04-20T23:27:12.695Z
Wary Thespian,FDN,Foundations,235,normal,common,3,101574,a3d62d04-0974-4cb5-9a35-5e996c6456e2,0.02,false,false,near_mint,en,EUR,2025-04-20T23:27:12.695Z
Wastes,EOC,Edge of Eternities Commander,191,normal,common,1,107141,baf8f4f2-9f25-4cd2-8d78-1041e134aeac,0.23,false,false,near_mint,en,EUR,2025-08-06T14:50:32.528Z
Wastes,FIN,Final Fantasy,309,normal,common,1,105711,c61feafd-ef09-437c-a12c-fd7d6cb8c15a,0.08,false,false,near_mint,en,EUR,2025-06-18T14:09:45.764Z
Watcher of the Wayside,TDM,Tarkir: Dragonstorm,249,foil,common,1,104262,2dcafdac-a293-4adc-a540-3b3f469cf6f3,0.05,false,false,near_mint,en,EUR,2025-04-20T23:27:12.695Z
Watcher of the Wayside,TDM,Tarkir: Dragonstorm,249,normal,common,1,104262,2dcafdac-a293-4adc-a540-3b3f469cf6f3,0.03,false,false,near_mint,en,EUR,2025-04-20T23:27:12.695Z
Waterbending Lesson,TLA,Avatar: The Last Airbender,80,normal,common,1,108207,4f81e3b5-a0a9-4764-8c2d-b499ce1740b4,0.09,false,false,near_mint,en,EUR,2025-11-26T15:34:18.488Z
Waterspout Warden,BLB,Bloomburrow,80,normal,common,3,95909,35898b39-98e2-405b-8f18-0e054bd2c29e,0.06,false,false,near_mint,es,EUR,2025-04-20T23:27:12.695Z
Weapons Vendor,FIN,Final Fantasy,40,normal,common,1,106651,c9e6b374-3e44-4df7-b0a3-4ef98dc08267,0.07,false,false,near_mint,en,EUR,2025-06-18T14:09:45.764Z
Web Up,SPM,Marvel's Spider-Man,21,normal,common,1,107616,1ab7c1e6-54af-4002-8a81-23a1ccafa3ff,0.08,false,false,near_mint,en,EUR,2025-09-30T23:51:40.191Z
Weftblade Enhancer,EOE,Edge of Eternities,44,normal,common,2,107745,8d72b00c-5043-4630-949a-fc17eeb962bc,0.04,false,false,near_mint,en,EUR,2025-08-01T19:16:32.510Z
Westfold Rider,LTR,The Lord of the Rings: Tales of Middle-earth,37,normal,common,1,83187,71ed2e4b-c732-472a-a589-f1f53086d9ee,0.15,false,false,near_mint,es,EUR,2025-04-20T23:27:12.695Z
White Auracite,FIN,Final Fantasy,41,normal,common,1,105873,2df6f515-9d21-4769-b1c4-c219611bccbb,0.03,false,false,near_mint,en,EUR,2025-06-18T14:09:45.764Z
White Mage's Staff,FIN,Final Fantasy,42,normal,common,1,105584,30db372e-0b4c-4e16-9667-bf3fda666f72,0.03,false,false,near_mint,en,EUR,2025-06-18T14:09:45.764Z
Whitesun's Passage,SOM,Scars of Mirrodin,27,normal,common,2,21005,a74d1bf3-4630-4be0-af5f-590789d27a0c,0.18,false,false,near_mint,es,EUR,2025-04-20T23:27:12.695Z
Whoosh!,SPM,Marvel's Spider-Man,48,normal,common,1,107673,ccc05deb-ad8d-4fae-a7a4-2b2a118fc696,0.05,false,false,near_mint,en,EUR,2025-09-30T23:51:40.191Z
Wild Hypothesis,SOS,Secrets of Strixhaven,167,normal,common,1,112559,04fdfabc-c247-4384-a5bb-f49035f8aae0,0.18,false,false,near_mint,es,EUR,2026-04-19T19:45:43.757Z
Wild Hypothesis,SOS,Secrets of Strixhaven,167,normal,common,1,112559,04fdfabc-c247-4384-a5bb-f49035f8aae0,0.04,false,false,near_mint,en,EUR,2026-05-08T10:13:36.449Z
Wild Pack Squad,SPM,Marvel's Spider-Man,23,normal,common,2,107647,7b0eda7c-e44d-4d9b-9042-4a1eb8c4ed4a,0.04,false,false,near_mint,en,EUR,2025-09-30T23:51:40.191Z
Wild Ride,TDM,Tarkir: Dragonstorm,132,normal,common,1,105154,abc8c6f5-6135-428e-8476-1751f82623f9,0.09,false,false,near_mint,en,EUR,2025-04-20T23:27:12.695Z
Wildvine Pummeler,ECL,Lorwyn Eclipsed,203,normal,common,1,110689,11bad5c7-fe9a-4d89-a531-8d4f03d5a0e4,0.03,false,false,near_mint,en,EUR,2026-01-25T20:47:46.801Z
Wilt in the Heat,SOS,Secrets of Strixhaven,243,normal,common,1,112715,f63f7209-fc0f-400c-8076-125f3131cb32,0.05,false,false,near_mint,en,EUR,2026-07-20T10:08:18.028Z
Wind-Scarred Crag,ELD,Throne of Eldraine,308,normal,common,2,46063,75f5875e-487f-4586-95f3-3627050a6744,0.2,false,false,near_mint,es,EUR,2025-04-20T23:27:12.695Z
Wind-Scarred Crag,TDM,Tarkir: Dragonstorm,271,normal,common,1,104286,4912e4d0-b16a-4aa6-a583-3430d26bd591,0.02,false,false,near_mint,en,EUR,2025-04-20T23:27:12.695Z
"Windurst, Federation Center",FIN,Final Fantasy,292,normal,common,1,106649,c74024bd-b383-468d-9cf5-d112a29f6457,0.09,false,false,near_mint,en,EUR,2025-06-18T14:09:45.764Z
Wingspan Stride,TDM,Tarkir: Dragonstorm,66,normal,common,1,104541,339a0e24-c332-4558-bb60-f5504ddde88c,0.02,false,false,near_mint,en,EUR,2025-04-20T23:27:12.695Z
Witch's Web,VOW,Innistrad: Crimson Vow,227,normal,common,3,64088,0d021207-76be-4bc9-bb71-df991a04d8d8,0.06,false,false,near_mint,es,EUR,2025-04-20T23:27:12.695Z
Witness Protection,FDN,Foundations,168,normal,common,2,101621,f231e981-0069-43ce-ac1c-c85ced613e93,0.12,false,false,near_mint,en,EUR,2025-04-20T23:27:12.695Z
Witness Protection,SNC,Streets of New Capenna,66,normal,common,1,67923,a2be6f2c-8ad0-402d-a7ca-9fe817e83b72,0.52,false,false,near_mint,es,EUR,2025-04-20T23:27:12.695Z
Wizard,TFIN,Final Fantasy Tokens,14,normal,common,1,105559,187fe54c-7d0c-4225-9d46-3affbead897d,0.43,false,false,near_mint,en,EUR,2025-06-18T14:09:45.764Z
World Map,FIN,Final Fantasy,270,normal,common,1,106572,70d9ab99-ec8a-402e-ba1d-ffa6c4c84a3f,0.07,false,false,near_mint,en,EUR,2025-06-18T14:09:45.764Z
Worthy Cost,TDM,Tarkir: Dragonstorm,99,normal,common,1,104883,adc18edc-01d8-4a7e-a87b-a854e50aa75e,0.07,false,false,near_mint,en,EUR,2025-04-20T23:27:12.695Z
Wose Pathfinder,LTR,The Lord of the Rings: Tales of Middle-earth,190,normal,common,2,83144,6589b339-9067-4e9b-bfdb-c49f8b3ef2d4,0.05,false,false,near_mint,es,EUR,2025-04-20T23:27:12.695Z
Wreck Remover,DFT,Aetherdrift,247,normal,common,1,103318,e3151960-cc0c-47b5-b476-295d7a17ae14,0.03,false,false,near_mint,en,EUR,2025-04-20T23:27:12.695Z
Wreckage Wickerfolk,DFT,Aetherdrift,110,normal,common,2,103602,aeff3db7-81ac-4c51-9954-bc1dbcb8c4e3,0.09,false,false,near_mint,en,EUR,2025-04-20T23:27:12.695Z
Wretched Throng,VOW,Innistrad: Crimson Vow,91,normal,common,4,64458,eb3991f0-76b8-4f77-9d67-0e2b11fda750,0.04,false,false,near_mint,es,EUR,2025-04-20T23:27:12.695Z
Wurmwall Sweeper,EOE,Edge of Eternities,249,normal,common,2,107105,9ace282a-5901-4d36-ad21-17eb88bc5138,0.08,false,false,near_mint,en,EUR,2025-08-01T19:16:32.510Z
Yavimaya Wurm,M11,Magic 2011,200,normal,common,1,21189,4516b135-3691-4be5-ab73-91fbdc6b24b6,0.03,false,false,near_mint,en,EUR,2025-04-20T23:27:12.695Z
You're Not Alone,FIN,Final Fantasy,44,normal,common,1,106327,1867b5cb-2bb0-4f49-b302-036fdffa2344,0.04,false,false,near_mint,en,EUR,2025-06-18T14:09:45.764Z
Yuyan Archers,TLA,Avatar: The Last Airbender,161,normal,common,1,108250,99244462-a996-4a5b-91fb-947045647d6d,0.06,false,false,near_mint,en,EUR,2025-11-26T15:34:18.488Z
Zealous Display,EOE,Edge of Eternities,45,normal,common,2,107787,f5973fd3-d6bc-48f1-8a44-57d2a6dda228,0.09,false,false,near_mint,en,EUR,2025-08-01T19:16:32.510Z
Zealous Lorecaster,SOS,Secrets of Strixhaven,137,normal,common,1,112590,36ab2130-9f21-4d30-873a-aa72d3d15fa8,0.02,false,false,near_mint,en,EUR,2026-05-08T10:13:36.548Z
"Zog, Triceraton Castaway",TMT,Teenage Mutant Ninja Turtles,111,normal,common,1,111502,a83a70ba-448e-45f3-b23b-6f38af54811f,0.08,false,false,near_mint,en,EUR,2026-03-06T23:49:55.856Z
Zoo Escapees,TMT,Teenage Mutant Ninja Turtles,138,normal,common,1,111542,f57ba8ff-2f8c-4ca1-9b13-42a7cc213e99,0.05,false,false,near_mint,en,EUR,2026-03-06T23:49:55.840Z
Zookeeper Mechan,EOE,Edge of Eternities,170,normal,common,2,107744,8d5cd0be-4337-4aba-a4f6-5adab7735a73,0.09,false,false,near_mint,en,EUR,2025-08-01T19:16:32.510Z
Zuko's Exile,TLA,Avatar: The Last Airbender,3,normal,common,1,109489,9090b055-3406-4fed-a8c6-3f6353a9600e,0.08,false,false,near_mint,en,EUR,2025-11-26T15:34:18.488Z
