Name,Set code,Set name,Collector number,Foil,Rarity,Quantity,ManaBox ID,Scryfall ID,Purchase price,Misprint,Altered,Condition,Language,Purchase price currency,Added
Abrade,HOU,Hour of Devastation,83,normal,uncommon,4,4592,84319dfb-eaf7-4b98-8c4f-30f5e779591b,0.19,false,false,near_mint,es,EUR,2025-04-20T23:27:12.695Z
Absolving Lammasu,MKM,Murders at Karlov Manor,2,normal,uncommon,1,91163,bd6e71a1-713e-4eca-bd65-9f0638c16794,0.07,false,false,near_mint,en,EUR,2025-04-20T23:27:12.695Z
Abstract Paintmage,SOS,Secrets of Strixhaven,171,normal,uncommon,1,112708,ea008094-d995-4740-9b39-c61049356c55,0.22,false,false,near_mint,es,EUR,2026-04-19T19:45:43.814Z
Abstract Paintmage,SOS,Secrets of Strixhaven,171,normal,uncommon,2,112708,ea008094-d995-4740-9b39-c61049356c55,0.09,false,false,near_mint,en,EUR,2026-05-08T10:13:36.486Z
Access Tunnel,TDC,Tarkir: Dragonstorm Commander,337,normal,uncommon,1,104625,4bef5957-71a4-4fe0-b2ce-dff8e8690bd9,0.57,false,false,near_mint,es,EUR,2026-04-19T19:50:14.772Z
Acidic Slime,M12,Magic 2012,161,normal,uncommon,1,19106,ae8e5876-3eff-4075-9fa2-3ab6030848e9,0.1,false,false,near_mint,en,EUR,2025-04-20T23:27:12.695Z
Act of Aggression,NPH,New Phyrexia,78,normal,uncommon,2,19807,61a9f30b-d154-49a4-ad6b-f05601992de3,0.28,false,false,near_mint,es,EUR,2025-04-20T23:27:12.695Z
Adrenaline Jockey,DFT,Aetherdrift,112,normal,uncommon,2,103626,c8655373-320d-440d-b700-d03413f743fd,0.06,false,false,near_mint,en,EUR,2025-04-20T23:27:12.695Z
Adventuring Gear,FDN,Foundations,249,foil,uncommon,1,100358,361f9b99-5b5d-40da-b4b9-5ad90f6280ee,0.1,false,false,near_mint,en,EUR,2025-04-20T23:27:12.695Z
Adventuring Gear,FDN,Foundations,249,normal,uncommon,1,100358,361f9b99-5b5d-40da-b4b9-5ad90f6280ee,0.05,false,false,near_mint,en,EUR,2025-04-20T23:27:12.695Z
Aetherize,BLC,Bloomburrow Commander,161,normal,uncommon,1,96268,468aeb4d-d970-4332-8e8b-a3d57cb661a9,0.32,false,false,near_mint,en,EUR,2025-11-06T20:40:57.429Z
Affectionate Indrik,FDN,Foundations,211,normal,uncommon,1,100310,2da8347d-06a4-46e0-a55e-cc2da4660263,0.05,false,false,near_mint,en,EUR,2025-04-20T23:27:12.695Z
Aftermath Analyst,EOC,Edge of Eternities Commander,91,normal,uncommon,1,107046,66f135b4-8cb3-4a4e-86ae-81a3cf4b7259,1.75,false,false,near_mint,en,EUR,2025-08-06T14:50:32.528Z
Aggravate,AVR,Avacyn Restored,125,normal,uncommon,1,18153,999f40a7-b723-42e1-83c1-f45a72a26dd4,0.15,false,false,near_mint,en,EUR,2025-04-20T23:27:12.695Z
Airbender's Reversal,TLA,Avatar: The Last Airbender,7,normal,uncommon,1,109715,6b7078e4-2892-4b5f-83ab-90369e0d6dba,0.18,false,false,near_mint,en,EUR,2025-11-26T15:34:18.488Z
Ajani's Pridemate,FDN,Foundations,135,normal,uncommon,2,100255,222c1a68-e34c-4103-b1be-17d4ceaef6ce,0.11,false,false,near_mint,en,EUR,2025-04-20T23:27:12.695Z
Ajani's Pridemate,FDN,Foundations,293,normal,uncommon,1,101180,d4cfb9bc-4273-4e5f-a7ac-2006a8345a4e,0.29,false,false,near_mint,en,EUR,2025-04-20T23:27:12.695Z
Ajani's Pridemate,PLST,The List,WAR-4,normal,uncommon,2,49340,3a558693-629f-4921-ae82-396c133f9117,0.14,false,false,near_mint,es,EUR,2025-04-20T23:27:12.695Z
Alacrian Armory,DFT,Aetherdrift,2,normal,uncommon,1,103641,d39f7f98-ad5e-4e5e-9f7b-abe0984ffe17,0.1,false,false,near_mint,en,EUR,2025-04-20T23:27:12.695Z
Alien Symbiosis,SPM,Marvel's Spider-Man,50,normal,uncommon,1,108656,b898ccb7-758e-4f11-95e0-b412721d8bf9,0.09,false,false,near_mint,en,EUR,2025-09-30T23:51:40.191Z
All-Fates Scroll,EOE,Edge of Eternities,234,normal,uncommon,1,107407,3a5ed010-cb17-45df-b169-ebc807dae534,0.22,false,false,near_mint,en,EUR,2025-08-02T12:05:52.876Z
"Alpharael, Dreaming Acolyte",EOE,Edge of Eternities,212,normal,uncommon,1,106884,349a2211-2b23-418d-a1ef-1c72ad2e171d,0.14,false,false,near_mint,en,EUR,2025-08-02T12:05:52.876Z
An Offer You Can't Refuse,FDN,Foundations,160,normal,uncommon,2,100948,a829747f-cf9b-4d81-ba66-9f0630ed4565,1.28,false,false,near_mint,en,EUR,2025-04-20T23:27:12.695Z
Angel of Finality,FDN,Foundations,136,normal,uncommon,1,101057,baaabd52-3aa9-4e2f-9369-d4db8b405ba8,0.11,false,false,near_mint,en,EUR,2025-04-20T23:27:12.695Z
Angel of Finality,FDN,Foundations,136,normal,uncommon,1,101057,baaabd52-3aa9-4e2f-9369-d4db8b405ba8,0.11,false,false,near_mint,es,EUR,2025-04-20T23:27:12.695Z
Angel of Vitality,J25,Foundations Jumpstart,162,normal,uncommon,1,100974,aba6ecdb-ec04-4d2b-beec-733cf112f290,0.36,false,false,near_mint,es,EUR,2025-04-20T23:27:12.695Z
Arbiter of Woe,FDN,Foundations,55,normal,uncommon,1,101008,b2496c4a-df03-4583-bd76-f98ed5cb61ee,0.08,false,false,near_mint,es,EUR,2025-04-20T23:27:12.695Z
Arcane Omens,SOS,Secrets of Strixhaven,73,normal,uncommon,1,111654,d357d997-9d4e-4ade-81f2-37629853f13a,0.23,false,false,near_mint,es,EUR,2026-04-19T19:45:43.771Z
Arcane Omens,SOS,Secrets of Strixhaven,73,normal,uncommon,1,111654,d357d997-9d4e-4ade-81f2-37629853f13a,0.04,false,false,near_mint,en,EUR,2026-05-08T10:13:36.456Z
Arcane Signet,FDC,Foundations Commander,1,foil,uncommon,1,100713,7b4b3e1c-1dc4-46d9-9234-f9d1d2ebb8f8,1.54,false,false,near_mint,en,EUR,2025-04-20T23:27:12.695Z
Archive Dragon,WOE,Wilds of Eldraine,41,normal,uncommon,2,85313,2979104f-7570-487c-8024-131d7ee3ab91,0.11,false,false,near_mint,es,EUR,2025-04-20T23:27:12.695Z
Archway Angel,RNA,Ravnica Allegiance,3,normal,uncommon,1,43861,b209d219-b946-4226-a8b4-65a5f3837fac,0.12,false,false,near_mint,es,EUR,2025-04-20T23:27:12.695Z
Armament Dragon,TDM,Tarkir: Dragonstorm,168,foil,uncommon,1,104469,17f61c01-0a41-4fa1-ac34-ffa83baad989,0.07,false,false,near_mint,en,EUR,2025-04-20T23:27:12.695Z
"Arnyn, Deathbloom Botanist",SOS,Secrets of Strixhaven,74,normal,uncommon,1,112621,6168b472-0930-4db5-9920-407340b99050,0.32,false,false,near_mint,es,EUR,2026-04-19T19:45:43.754Z
Auron's Inspiration,FIN,Final Fantasy,8,normal,uncommon,1,106349,77d82764-563c-4bc2-b568-625ec7215e0d,0.07,false,false,near_mint,en,EUR,2025-06-18T14:09:45.764Z
Auroral Procession,TDM,Tarkir: Dragonstorm,169,foil,uncommon,2,104701,672f94ad-65d6-4c7d-925d-165ef264626f,0.25,false,false,near_mint,en,EUR,2025-04-20T23:27:12.695Z
Avarice Totem,5DN,Fifth Dawn,104,normal,uncommon,1,29391,53a5cfa8-4091-445c-8641-64402cca7d2d,0.27,false,false,near_mint,en,EUR,2025-06-16T17:24:56.249Z
Azorius Signet,BLC,Bloomburrow Commander,265,normal,uncommon,1,96158,0c9d0822-a6df-4cd4-80d6-520ea627791d,0.19,false,false,near_mint,en,EUR,2025-11-06T20:40:57.429Z
Banishing Light,CM2,Commander Anthology Volume II,18,normal,uncommon,2,1719,e45da7c2-d869-4b51-956c-287d0b0d2df4,0.19,false,false,near_mint,es,EUR,2025-04-20T23:27:12.695Z
Battle Menu,FIN,Final Fantasy,9,normal,uncommon,1,106523,240e1466-bd02-423d-b829-234dcd2bfab2,0.09,false,false,near_mint,en,EUR,2025-06-18T14:09:45.764Z
Battlesong Berserker,FDN,Foundations,78,normal,uncommon,1,100917,a1f8b199-5d62-485f-b1c3-b30aa550595b,0.08,false,false,near_mint,en,EUR,2025-04-20T23:27:12.695Z
Baxter Stockman,TMT,Teenage Mutant Ninja Turtles,139,normal,uncommon,1,111555,117b1341-2cf0-466e-b3a8-7e1afa42cd4c,0.09,false,false,near_mint,en,EUR,2026-03-06T23:49:55.822Z
Beast Within,EOC,Edge of Eternities Commander,93,normal,uncommon,1,107164,ccac70d4-6e04-4802-8bb8-021368a40e14,0.9,false,false,near_mint,en,EUR,2025-08-06T14:50:32.528Z
Benevolent River Spirit,TLA,Avatar: The Last Airbender,45,normal,uncommon,1,109731,7ffb79cd-d170-4047-89c8-6e85188f30da,0.13,false,false,near_mint,en,EUR,2025-11-26T15:34:18.488Z
Bespoke Bō,TMT,Teenage Mutant Ninja Turtles,31,normal,uncommon,1,111580,6c517308-831b-4e41-a82c-02ddf6383a0c,0.11,false,false,near_mint,en,EUR,2026-03-06T23:49:55.764Z
Billowing Shriekmass,FDN,Foundations,56,normal,uncommon,1,100711,7b3587a9-0667-4d53-807b-c437bcb1d7b3,0.08,false,false,near_mint,en,EUR,2025-04-20T23:27:12.695Z
Binding the Old Gods,EOC,Edge of Eternities Commander,52,normal,uncommon,1,107044,65b3df37-8dea-4486-8904-55372b93c66f,0.21,false,false,near_mint,en,EUR,2025-08-06T14:50:32.528Z
Black Dragon,AFR,Adventures in the Forgotten Realms,90,normal,uncommon,2,60372,aaca283a-39f1-4ae7-98fb-7821a927ef86,0.15,false,false,near_mint,es,EUR,2025-04-20T23:27:12.695Z
Blade of the Swarm,EOE,Edge of Eternities,90,normal,uncommon,1,107604,b157330a-2652-4ed9-b8fa-8e72b4eda15c,0.11,false,false,near_mint,en,EUR,2025-08-06T14:50:32.528Z
Blessings of Nature,AVR,Avacyn Restored,168,normal,uncommon,1,18110,d16453f1-c6ca-4288-ab72-315ed9bb0ab0,0.2,false,false,near_mint,en,EUR,2025-04-20T23:27:12.695Z
Boggart Cursecrafter,ECL,Lorwyn Eclipsed,206,normal,uncommon,1,110820,b0b67eb9-0d88-4f2c-8063-e8bedfa78556,0.2,false,false,near_mint,en,EUR,2026-01-25T20:47:46.720Z
Bolt Bend,FDN,Foundations,619,normal,uncommon,1,101152,cf01af2c-68e5-4bb5-81de-f3a1b860fb2e,3.02,false,false,near_mint,es,EUR,2025-04-20T23:27:12.695Z
Boltwave,FDN,Foundations,79,normal,uncommon,2,100810,8d1ec351-5e70-4eb2-b590-6bff94ef8178,2.92,false,false,near_mint,en,EUR,2025-04-20T23:27:12.695Z
Boosted Sloop,DFT,Aetherdrift,190,normal,uncommon,1,102977,3563cb48-9dcb-4b92-af3a-4793adf03125,0.08,false,false,near_mint,en,EUR,2025-04-20T23:27:12.695Z
Boros Charm,GK1,GRN Guild Kit,84,normal,uncommon,1,62,4cf1419c-11fa-46a1-89e0-11b14ec40fa7,3.95,false,false,near_mint,es,EUR,2025-04-20T23:27:12.695Z
Boros Signet,BLC,Bloomburrow Commander,128,normal,uncommon,1,96148,03c9e279-861a-416b-99fb-68f752882ac2,0.41,false,false,near_mint,en,EUR,2025-11-06T20:40:57.429Z
Bounding Felidar,OTJ,Outlaws of Thunder Junction,5,normal,uncommon,1,93247,8925279f-c16a-43b4-b791-ce450157275b,0.11,false,false,near_mint,en,EUR,2025-10-27T10:57:33.331Z
Branch of Vitu-Ghazi,MKM,Murders at Karlov Manor,258,normal,uncommon,1,90969,73a8169f-b858-47a5-9c76-2e7c50ad4ecd,0.08,false,false,near_mint,en,EUR,2025-04-20T23:27:12.695Z
Brilliance Unleashed,TMT,Teenage Mutant Ninja Turtles,141,normal,uncommon,1,111595,b7ab2110-5aad-46c9-8dc4-1eac24b6f46b,0.1,false,false,near_mint,en,EUR,2026-03-06T23:49:55.852Z
Brimstone Roundup,OTJ,Outlaws of Thunder Junction,115,normal,uncommon,1,93325,bd13011e-a4fc-4107-988f-60cfc851ecd3,0.07,false,false,near_mint,en,EUR,2025-10-27T10:57:33.331Z
Brineborn Cutthroat,M20,Core Set 2020,50,normal,uncommon,2,45411,0857765f-afd7-418a-a93b-c0bd1b1f037e,0.11,false,false,near_mint,es,EUR,2025-04-20T23:27:12.695Z
Broodguard Elite,EOE,Edge of Eternities,175,normal,uncommon,1,106945,08b1d019-65ab-4dea-9076-041fd6338a35,0.15,false,false,near_mint,en,EUR,2025-08-01T19:16:32.510Z
Broodheart Engine,DFT,Aetherdrift,193,foil,uncommon,1,103667,ed09139b-a66e-4cd1-b45a-23a4648d3401,0.18,false,false,near_mint,en,EUR,2025-04-20T23:27:12.695Z
Broodheart Engine,DFT,Aetherdrift,193,normal,uncommon,2,103667,ed09139b-a66e-4cd1-b45a-23a4648d3401,0.13,false,false,near_mint,en,EUR,2025-04-20T23:27:12.695Z
Brush Off,SOS,Secrets of Strixhaven,39,normal,uncommon,1,112323,151eab82-d20f-433b-b3bb-1d44e2871d5c,0.08,false,false,near_mint,en,EUR,2026-05-08T10:13:36.515Z
Bucolic Ranch,OTJ,Outlaws of Thunder Junction,265,normal,uncommon,1,93202,6c4f6b81-53d0-49fb-b404-c2ad67de7493,0.06,false,false,near_mint,en,EUR,2025-10-27T10:57:33.331Z
Builder's Blessing,AVR,Avacyn Restored,8,normal,uncommon,2,18270,2ad27af1-b482-40d5-9dbb-11201ffa0410,0.14,false,false,near_mint,en,EUR,2025-04-20T23:27:12.695Z
Bulk Up,SOA,Secrets of Strixhaven Mystical Archive,40,normal,uncommon,1,112533,e86fcad5-8150-4a76-b27e-47a9f05745c1,0.02,false,false,near_mint,en,EUR,2026-05-08T10:13:36.541Z
"Bumi, King of Three Trials",TLA,Avatar: The Last Airbender,169,normal,uncommon,1,109758,a268697b-22b0-4e1b-a5b6-d9be95025e57,0.09,false,false,near_mint,en,EUR,2025-11-26T15:34:18.488Z
Buried in the Garden,MKM,Murders at Karlov Manor,191,normal,uncommon,1,90999,7e144609-e1f6-4bdc-8d14-b735ef4140d3,0.12,false,false,near_mint,en,EUR,2025-04-20T23:27:12.695Z
Burnished Hart,PLST,The List,C15-248,normal,uncommon,1,47799,d892efa7-5805-4c20-9b1f-0a0d0ebdbc17,0.22,false,false,near_mint,es,EUR,2025-04-20T23:27:12.695Z
Burrowguard Mentor,BLB,Bloomburrow,206,normal,uncommon,2,95945,87138ace-3594-499e-bad5-ec76148613ea,0.13,false,false,near_mint,es,EUR,2025-04-20T23:27:12.695Z
Bushwhack,J25,Foundations Jumpstart,641,normal,uncommon,1,101366,f6b92766-1ab8-462d-bd45-ccd6f55cbe14,0.23,false,false,near_mint,es,EUR,2025-04-20T23:27:12.695Z
"Butterbur, Bree Innkeeper",LTR,The Lord of the Rings: Tales of Middle-earth,197,normal,uncommon,1,83640,f3fd9ff1-278b-4e6a-b30b-90250d8b5762,0.05,false,false,near_mint,es,EUR,2025-04-20T23:27:12.695Z
Buzzard-Wasp Colony,TLA,Avatar: The Last Airbender,88,normal,uncommon,1,108195,42d83229-0555-4361-8964-4b525c825843,0.07,false,false,near_mint,en,EUR,2025-11-26T15:34:18.488Z
"Caelorna, Coral Tyrant",DFT,Aetherdrift,40,normal,uncommon,1,103657,e8654e38-4230-4094-b815-778bfb5d06f2,0.16,false,false,near_mint,en,EUR,2025-04-20T23:27:12.695Z
Candlestick,MKM,Murders at Karlov Manor,43,normal,uncommon,1,90898,5aeae6fb-3834-4891-924e-3d1fb3e19e09,0.05,false,false,near_mint,en,EUR,2025-04-20T23:27:12.695Z
Case File Auditor,MKM,Murders at Karlov Manor,7,normal,uncommon,1,90959,70a52038-9d1c-4be1-8dbe-6f0ee916ba94,0.04,false,false,near_mint,en,EUR,2025-04-20T23:27:12.695Z
Case of the Filched Falcon,MKM,Murders at Karlov Manor,44,normal,uncommon,1,90729,266be5bd-71ba-4511-8b71-d0b03885a28d,0.08,false,false,near_mint,en,EUR,2025-04-20T23:27:12.695Z
Case of the Shattered Pact,MKM,Murders at Karlov Manor,1,normal,uncommon,1,90745,2a70f0ae-d49b-4cc8-9f76-895039c3dc39,0.15,false,false,near_mint,en,EUR,2025-04-20T23:27:12.695Z
Cat Collector,FDN,Foundations,4,normal,uncommon,1,100507,526fe356-bff1-4211-9e88-bf913ac76b1d,0.13,false,false,near_mint,es,EUR,2025-04-20T23:27:12.695Z
Cat Collector,FDN,Foundations,4,normal,uncommon,1,100507,526fe356-bff1-4211-9e88-bf913ac76b1d,0.13,false,false,near_mint,en,EUR,2025-04-20T23:27:12.695Z
Cathedral Membrane,NPH,New Phyrexia,5,normal,uncommon,2,19880,07592731-68be-4218-bb2c-c2523c5a27f1,0.56,false,false,near_mint,es,EUR,2025-04-20T23:27:12.695Z
Caught in the Crossfire,OTJ,Outlaws of Thunder Junction,117,normal,uncommon,1,93127,3a2fd0c4-509e-49c2-ad57-f772efcbc207,0.08,false,false,near_mint,en,EUR,2025-10-27T10:57:33.331Z
Cephalid Inkmage,FDN,Foundations,32,normal,uncommon,1,101040,b7e47680-18c7-4ffb-aac4-c5db6e7095ba,0.07,false,false,near_mint,en,EUR,2025-04-20T23:27:12.695Z
Cerebral Download,EOE,Edge of Eternities,48,normal,uncommon,1,107429,4d3b5d73-694c-4f9a-8b4f-d8d8c58c8d65,0.15,false,false,near_mint,en,EUR,2025-08-01T19:16:32.510Z
Channeled Dragonfire,TDM,Tarkir: Dragonstorm,102,normal,uncommon,1,104499,24204881-690c-4043-8771-20cb93385072,0.12,false,false,near_mint,en,EUR,2025-04-20T23:27:12.695Z
Char-Rumbler,FUT,Future Sight,96,normal,uncommon,1,26241,ae256118-3a7c-4b6e-b716-ba1ddfb4fb85,0.1,false,false,near_mint,en,EUR,2025-06-16T17:24:56.249Z
Charging Strifeknight,SOS,Secrets of Strixhaven,110,normal,uncommon,1,112652,9940d992-1ba1-40ec-9b93-17d773452c4b,0.04,false,false,near_mint,en,EUR,2026-05-08T10:13:36.530Z
Chart a Course,BLC,Bloomburrow Commander,110,normal,uncommon,1,96427,b005b866-b83c-4413-9db7-465f614a4029,0.17,false,false,near_mint,en,EUR,2025-11-06T20:40:57.429Z
Chart a Course,PLST,The List,XLN-48,normal,uncommon,1,49042,98f091ee-70c5-4878-9b11-43df85e1d5de,0.22,false,false,near_mint,es,EUR,2025-04-20T23:27:12.695Z
Choco-Comet,FIN,Final Fantasy,132,normal,uncommon,1,106592,8d8d3903-a7f4-4cd8-8d29-b4a173e4fbb2,0.08,false,false,near_mint,en,EUR,2025-06-18T14:09:45.764Z
Circuit Mender,BLC,Bloomburrow Commander,267,normal,uncommon,1,96505,e572c156-3b1b-4b89-b9aa-5992aaa01d4c,0.19,false,false,near_mint,en,EUR,2025-11-06T20:40:57.429Z
Circuitous Route,FDN,Foundations,635,normal,uncommon,2,100946,a806dec2-d4f9-4f8d-a1dd-170777941131,0.35,false,false,near_mint,es,EUR,2025-04-20T23:27:12.695Z
Claim the Kingdom,MSH,Marvel Super Heroes,163,normal,uncommon,1,113428,cf13bfb1-5b44-4363-8de9-ece234233870,0.02,false,false,near_mint,es,EUR,2026-06-20T00:03:25.262Z
Clifftop Lookout,BLB,Bloomburrow,168,normal,uncommon,2,95931,662d3bcc-65f3-4c69-8ea1-446870a1193d,0.19,false,false,near_mint,es,EUR,2025-04-20T23:27:12.695Z
Clinquant Skymage,FDN,Foundations,33,normal,uncommon,1,100357,36012810-0e83-4640-8ba7-7262229f1b84,0.12,false,false,near_mint,en,EUR,2025-04-20T23:27:12.695Z
Clinquant Skymage,FDN,Foundations,33,normal,uncommon,1,100357,36012810-0e83-4640-8ba7-7262229f1b84,0.12,false,false,near_mint,es,EUR,2025-04-20T23:27:12.695Z
Cloudblazer,BLC,Bloomburrow Commander,249,normal,uncommon,1,96154,0a346703-7ba4-4a4e-af14-7d4d1022ea93,0.17,false,false,near_mint,en,EUR,2025-11-06T20:40:57.429Z
Cloudblazer,KLD,Kaladesh,176,normal,uncommon,1,7467,3cb12355-abd8-4bf3-aac1-f710ac162585,0.16,false,false,near_mint,es,EUR,2025-04-20T23:27:12.695Z
Cloudspire Coordinator,DFT,Aetherdrift,196,normal,uncommon,1,103344,eef16cda-9150-4e7d-8490-d9f287b81b62,0.08,false,false,near_mint,en,EUR,2025-04-20T23:27:12.695Z
Codecracker Hound,EOE,Edge of Eternities,50,normal,uncommon,1,107598,6723b891-6013-4ec6-b439-2233d270dc48,0.1,false,false,near_mint,en,EUR,2025-08-01T19:16:32.510Z
Coerced to Kill,MKM,Murders at Karlov Manor,192,normal,uncommon,1,90759,2dc9f352-5076-4b5f-9815-cf47abb63d5b,0.09,false,false,near_mint,en,EUR,2025-04-20T23:27:12.695Z
Coliseum Behemoth,FIN,Final Fantasy,181,normal,uncommon,1,106594,900206f1-7dd6-4db9-a430-73e560fd196b,0.02,false,false,near_mint,en,EUR,2025-06-18T14:09:45.764Z
Combustion Technique,TLA,Avatar: The Last Airbender,301,normal,uncommon,1,109641,17d97052-e153-42d8-beb6-6d85815c9b59,0.2,false,false,near_mint,en,EUR,2025-11-26T15:34:18.488Z
Confiscate,8ED,Eighth Edition,69,normal,uncommon,1,30467,48acfd80-eba3-4aa9-804c-563259ca84de,0.17,false,false,near_mint,es,EUR,2025-04-20T23:27:12.695Z
Controlled Instincts,CON,Conflux,23,normal,uncommon,1,23706,b04e58e8-cb01-49b0-89b7-26536eb44e97,0.03,false,false,near_mint,en,EUR,2025-06-16T17:24:56.249Z
Cori Mountain Stalwart,TDM,Tarkir: Dragonstorm,175,normal,uncommon,1,104902,b6cbf54e-f30e-4e7b-b17c-217fa424971c,0.09,false,false,near_mint,en,EUR,2025-04-20T23:27:12.695Z
Corpse Traders,DDM,Duel Decks: Jace vs. Vraska,58,normal,uncommon,1,14692,005ae9a2-b235-49ee-ae54-6875e087f43d,0.06,false,false,near_mint,es,EUR,2025-04-20T23:27:12.695Z
Coruscation Mage,BLB,Bloomburrow,131,normal,uncommon,2,95972,dc2c1de0-6233-469a-be72-a050b97d2c8f,0.45,false,false,near_mint,es,EUR,2025-04-20T23:27:12.695Z
Council's Deliberation,LTR,The Lord of the Rings: Tales of Middle-earth,46,normal,uncommon,1,83142,651503a2-5d1e-408a-9cdc-0cee05ab3ef0,0.09,false,false,near_mint,en,EUR,2026-04-19T14:28:02.871Z
Cryptic Caves,M20,Core Set 2020,244,normal,uncommon,1,45216,fde9e9cb-68ab-4856-8ad6-30f66666dd93,0.15,false,false,near_mint,es,EUR,2025-04-20T23:27:12.695Z
Cuboid Colony,SOS,Secrets of Strixhaven,183,normal,uncommon,1,111705,6384d135-7780-4d75-9e95-71bce506948e,0.02,false,false,near_mint,en,EUR,2026-05-08T10:13:36.500Z
Culvert Ambusher,MKM,Murders at Karlov Manor,158,normal,uncommon,1,90756,2ccdc58b-1e7e-402c-88f9-c789ff1dae31,0.07,false,false,near_mint,en,EUR,2025-04-20T23:27:12.695Z
Cunning Coyote,OTJ,Outlaws of Thunder Junction,118,normal,uncommon,1,93176,5b4ac6ea-c67b-4f90-be4f-aa25882f5794,0.17,false,false,near_mint,en,EUR,2025-10-27T10:57:33.331Z
Curious Cadaver,MKM,Murders at Karlov Manor,194,normal,uncommon,1,90737,2893aef8-835d-4935-b532-d8670585e489,0.05,false,false,near_mint,en,EUR,2025-04-20T23:27:12.695Z
Curious Inquiry,MKM,Murders at Karlov Manor,51,normal,uncommon,1,90896,5a3603c6-92df-45c7-b402-1f0a552ea398,0.1,false,false,near_mint,en,EUR,2025-04-20T23:27:12.695Z
Cut a Deal,BLC,Bloomburrow Commander,105,normal,uncommon,1,96213,27a233b3-aeb3-4bc4-8c81-fcca514c3eb5,0.2,false,false,near_mint,en,EUR,2025-11-06T20:40:57.429Z
Dakmor Salvage,EOC,Edge of Eternities Commander,156,normal,uncommon,1,107057,72474b66-1dda-409d-8703-b026c1777081,0.19,false,false,near_mint,en,EUR,2025-08-06T14:50:32.528Z
Damage Control Crew,SPM,Marvel's Spider-Man,99,normal,uncommon,1,108565,ad2cab87-691d-44fe-ab2f-33760b1feb0f,0.07,false,false,near_mint,en,EUR,2025-09-30T23:51:40.191Z
Dark Knight's Greatsword,FIN,Final Fantasy,95,normal,uncommon,1,106634,b50dcc7c-260f-4d8c-9a9e-9244ec23a91e,0.02,false,false,near_mint,en,EUR,2025-06-18T14:09:45.764Z
Dauntless Scrapbot,EOE,Edge of Eternities,237,normal,uncommon,1,107374,0efe5342-42b7-4f49-b4b4-d77055508c4d,0.18,false,false,near_mint,en,EUR,2025-08-01T19:16:32.510Z
Dauntless Veteran,FDN,Foundations,8,normal,uncommon,1,100704,7a136f26-ac66-407f-b389-357222d2c4a2,0.06,false,false,near_mint,en,EUR,2025-04-20T23:27:12.695Z
Dawn-Blessed Pennant,ECL,Lorwyn Eclipsed,254,normal,uncommon,1,110312,294266b6-0343-4fa5-90b8-0adf7df490e4,0.02,false,false,near_mint,en,EUR,2026-01-25T20:47:46.794Z
Dawnstrike Vanguard,EOE,Edge of Eternities,10,normal,uncommon,1,107723,5a041722-9483-469f-9c17-7f0253b0db50,0.14,false,false,near_mint,en,EUR,2025-08-01T19:16:32.510Z
Dawnwing Marshal,J25,Foundations Jumpstart,1,normal,uncommon,1,100495,51258ab9-25f6-4617-9499-b17cf7a8db06,0.25,false,false,near_mint,es,EUR,2025-04-20T23:27:12.695Z
Daydream,SOS,Secrets of Strixhaven,9,normal,uncommon,1,112304,e2b16cb2-b8b2-45df-9695-3c16e9d89e28,0.08,false,false,near_mint,es,EUR,2026-04-19T19:45:43.745Z
Daydream,SOS,Secrets of Strixhaven,9,normal,uncommon,1,112304,e2b16cb2-b8b2-45df-9695-3c16e9d89e28,0.13,false,false,near_mint,en,EUR,2026-05-08T10:13:36.516Z
Deadly Brew,FDN,Foundations,654,normal,uncommon,1,100474,4cd4d5a4-4342-49fb-b1e4-7d08e6cf5376,0.25,false,false,near_mint,es,EUR,2025-04-20T23:27:12.695Z
Deadly Dispute,FCA,Final Fantasy: Through the Ages,33,normal,uncommon,1,106355,a4e0b297-6d33-4e2b-b497-aa952dcf2141,0.02,false,false,near_mint,en,EUR,2025-06-18T14:09:45.764Z
Deathmark,M11,Magic 2011,91,normal,uncommon,1,21298,77b32384-985b-484a-a96f-66b23f3d0208,0.05,false,false,near_mint,es,EUR,2025-04-20T23:27:12.695Z
Debris Field Crusher,EOE,Edge of Eternities,131,normal,uncommon,1,107197,ea713f35-6442-4388-8839-2714374fb4b6,0.12,false,false,near_mint,en,EUR,2025-08-01T19:16:32.510Z
Decisive Denial,OTP,Breaking News,42,normal,uncommon,1,93164,54ee0802-62c1-46ac-907e-82ace59fbddb,0.1,false,false,near_mint,en,EUR,2025-10-27T10:57:33.331Z
Deduce,SOA,Secrets of Strixhaven Mystical Archive,16,normal,uncommon,1,111808,a6813cd2-7151-459a-a2f1-52808584de53,0.06,false,false,near_mint,en,EUR,2026-05-08T10:13:36.439Z
Deepchannel Duelist,ECL,Lorwyn Eclipsed,333,normal,uncommon,1,110685,0fe0730e-a549-427d-99be-68d6fded5ac5,0.35,false,false,near_mint,en,EUR,2026-01-25T20:47:46.781Z
Deepmuck Desperado,OTJ,Outlaws of Thunder Junction,42,normal,uncommon,1,93435,f95ee726-7465-40f8-a954-19b19e636c12,0.11,false,false,near_mint,en,EUR,2025-10-27T10:57:33.331Z
Defend the Rider,DFT,Aetherdrift,157,normal,uncommon,1,103057,59ed23a2-6153-47b2-ab73-062195cafb74,0.4,false,false,near_mint,en,EUR,2025-04-20T23:27:12.695Z
Defibrillating Current,TDM,Tarkir: Dragonstorm,177,normal,uncommon,1,104925,bf3a18cf-03db-4eb0-8d53-0c1a71e184da,0.02,false,false,near_mint,en,EUR,2025-04-20T23:27:12.695Z
Defy Death,AVR,Avacyn Restored,16,normal,uncommon,1,18262,028028d7-80ff-4d63-8b84-795f257a3456,0.21,false,false,near_mint,en,EUR,2025-04-20T23:27:12.695Z
Demolition Field,BRO,The Brothers' War,260,normal,uncommon,1,75820,d9c88546-13c9-4d7e-a618-cb2ccd1dbc0f,0.78,false,false,near_mint,es,EUR,2025-04-20T23:27:12.695Z
Descendant of Storms,TDM,Tarkir: Dragonstorm,8,normal,uncommon,1,105056,f632be90-9e7f-41f8-a52e-a2952354d730,0.11,false,false,near_mint,en,EUR,2025-04-20T23:27:12.695Z
Desperate Measures,TDM,Tarkir: Dragonstorm,78,normal,uncommon,1,104959,ccbc6fd0-42bc-4e8b-96bc-69a631ba7106,0.05,false,false,near_mint,en,EUR,2025-04-20T23:27:12.695Z
Detention Chariot,DFT,Aetherdrift,12,normal,uncommon,1,103541,75d5e64f-7af2-4cb4-abd1-23992e346bee,0.06,false,false,near_mint,en,EUR,2025-04-20T23:27:12.695Z
Devout Decree,M20,Core Set 2020,13,normal,uncommon,1,45448,2dcde8fe-d4a4-4c6e-926e-c4a1b45045e4,0.19,false,false,near_mint,es,EUR,2025-04-20T23:27:12.695Z
Diamond Mare,FDN,Foundations,672,normal,uncommon,1,100669,721463ad-9531-487f-bd82-5e638c4fc35f,0.1,false,false,near_mint,es,EUR,2025-04-20T23:27:12.695Z
Dimensional Exile,TMT,Teenage Mutant Ninja Turtles,4,normal,uncommon,1,111349,be8d96fb-a1be-4fff-b844-e38d185884e1,0.12,false,false,near_mint,en,EUR,2026-03-06T23:49:55.851Z
Diversion Unit,DFT,Aetherdrift,41,normal,uncommon,1,103652,e04d4fa6-1fa3-4bfd-a462-47c23ccf9124,0.18,false,false,near_mint,en,EUR,2025-04-20T23:27:12.695Z
Divine Resilience,FDN,Foundations,10,normal,uncommon,1,101347,f3a08245-a535-4d24-b8c0-78759bb9c4b0,0.2,false,false,near_mint,es,EUR,2025-04-20T23:27:12.695Z
Divine Resilience,FDN,Foundations,10,normal,uncommon,1,101347,f3a08245-a535-4d24-b8c0-78759bb9c4b0,0.2,false,false,near_mint,en,EUR,2025-04-20T23:27:12.695Z
Dragon Mage,SCD,Starter Commander Decks,132,normal,uncommon,1,77280,2847214c-f435-42db-80db-f3ca8bfb8567,0.35,false,false,near_mint,es,EUR,2025-04-20T23:27:12.695Z
Dragon Sniper,TDM,Tarkir: Dragonstorm,139,normal,uncommon,1,105120,074b1e00-45bb-4436-8f5e-058512b2d08a,0.22,false,false,near_mint,en,EUR,2025-04-20T23:27:12.695Z
Dragon Whelp,PLST,The List,CMA-81,normal,uncommon,3,48443,6955b7fb-cdef-4fcf-98ff-fb4e2a331e0f,0.06,false,false,near_mint,es,EUR,2025-04-20T23:27:12.695Z
Dragon's Claw,M12,Magic 2012,206,normal,uncommon,1,19061,0d732b87-08e5-41b6-8448-62dd6bf20d9c,0.12,false,false,near_mint,en,EUR,2025-04-20T23:27:12.695Z
Dragonfly Swarm,TLA,Avatar: The Last Airbender,215,normal,uncommon,1,109387,16be5cc4-b15a-4c5e-8a6e-05c87b519127,0.17,false,false,near_mint,en,EUR,2025-11-26T15:34:18.488Z
Dreadwing Scavenger,FDN,Foundations,118,normal,uncommon,1,101252,e24d838b-ab48-410a-9a50-dbfea5da089b,0.21,false,false,near_mint,es,EUR,2025-04-20T23:27:12.695Z
Dreadwing Scavenger,FDN,Foundations,118,normal,uncommon,2,101252,e24d838b-ab48-410a-9a50-dbfea5da089b,0.18,false,false,near_mint,en,EUR,2025-04-20T23:27:12.695Z
Dream Beavers,TMT,Teenage Mutant Ninja Turtles,62,normal,uncommon,2,111576,600e3bc1-9777-4057-a11e-4f61582636c6,0.21,false,false,near_mint,en,EUR,2026-03-06T23:49:55.777Z
Dredger's Insight,DFT,Aetherdrift,159,normal,uncommon,2,102925,148400a0-7819-4551-9815-9357eed1db4d,0.33,false,false,near_mint,en,EUR,2025-04-20T23:27:12.695Z
Dryad Militant,GK1,GRN Guild Kit,111,normal,uncommon,1,35,3ba06012-ef77-4cc1-a795-eb50612d247f,0.25,false,false,near_mint,es,EUR,2025-04-20T23:27:12.695Z
Dubious Delicacy,EOE,Edge of Eternities,96,normal,uncommon,1,107377,153265b4-0ca4-4245-9226-dd1a083ec91c,0.15,false,false,near_mint,en,EUR,2025-08-01T19:16:32.510Z
Dundoolin Weaver,ECL,Lorwyn Eclipsed,175,normal,uncommon,2,110701,2260912b-4dfb-49dd-bf95-060d44333645,0.09,false,false,near_mint,en,EUR,2026-01-25T20:47:46.717Z
Dune Drifter,DFT,Aetherdrift,200,normal,uncommon,1,103471,36185de4-55c2-4e5d-9bcc-ea12b7052728,0.09,false,false,near_mint,en,EUR,2025-04-20T23:27:12.695Z
Duskdale Wurm,M11,Magic 2011,170,normal,uncommon,1,21219,6a9e14ba-2279-4b27-ae49-5276691eeae5,0.05,false,false,near_mint,en,EUR,2025-04-20T23:27:12.695Z
Dwynen's Elite,JMP,Jumpstart,389,normal,uncommon,2,51525,d95d4f15-613c-42f1-a49b-f4f604e69feb,0.17,false,false,near_mint,es,EUR,2025-04-20T23:27:12.695Z
Earth Rumble,TLA,Avatar: The Last Airbender,174,normal,uncommon,1,108218,62730505-56f1-4043-a8b9-4fb7bc508b47,0.09,false,false,near_mint,en,EUR,2025-11-26T15:34:18.488Z
Eclipsed Kithkin,ECL,Lorwyn Eclipsed,220,normal,uncommon,1,110709,29e1cfa4-0ad8-4228-9f7e-cbab114d1d5f,0.06,false,false,near_mint,en,EUR,2026-01-25T20:47:46.704Z
Eclipsed Merrow,ECL,Lorwyn Eclipsed,221,normal,uncommon,1,110704,2352750d-404d-4928-9bdb-1b0db599b70f,0.09,false,false,near_mint,en,EUR,2026-01-25T20:47:46.792Z
Eddymurk Crab,BLB,Bloomburrow,48,foil,uncommon,1,96132,e6d45abe-4962-47d9-a54e-7e623ea8647c,0.36,false,false,near_mint,en,EUR,2025-11-06T20:40:57.429Z
"Eden, Seat of the Sanctum",FIN,Final Fantasy,277,normal,uncommon,1,106674,e28eac1e-adc7-4f8d-b206-bef09ba07d38,0.12,false,false,near_mint,en,EUR,2025-06-18T14:09:45.764Z
Elixir,FIN,Final Fantasy,256,normal,uncommon,1,106616,a4b05d37-df62-475c-8371-735ed2fa1b05,0.11,false,false,near_mint,en,EUR,2025-06-18T14:09:45.764Z
Elvish Regrower,FDN,Foundations,104,normal,uncommon,1,100278,2694e3cd-26ed-4a10-ae55-fb84d7800253,0.04,false,false,near_mint,es,EUR,2025-04-20T23:27:12.695Z
Emancipation Angel,AVR,Avacyn Restored,19,normal,uncommon,1,18259,7a4bc00e-28ca-4152-b832-f36425d2b615,0.17,false,false,near_mint,en,EUR,2025-04-20T23:27:12.695Z
Ember Island Production,TLA,Avatar: The Last Airbender,48,normal,uncommon,1,109379,0f79a7fc-36b1-4397-8e67-6638379d3a38,0.13,false,false,near_mint,en,EUR,2025-11-26T15:34:18.488Z
Emergency Eject,EOE,Edge of Eternities,14,normal,uncommon,1,107216,fc98b2d4-86fc-4c47-b2a7-1f3c89463607,0.23,false,false,near_mint,en,EUR,2025-08-01T19:16:32.510Z
Emergent Haunting,OTJ,Outlaws of Thunder Junction,46,normal,uncommon,1,93186,623053a8-7abe-45ec-9f26-97e1c037120b,0.04,false,false,near_mint,en,EUR,2025-10-27T10:57:33.331Z
Empyrean Eagle,FDN,Foundations,239,normal,uncommon,2,100533,577e99a7-4a55-4314-8f08-2ae0c33b85c7,0.12,false,false,near_mint,en,EUR,2025-04-20T23:27:12.695Z
Empyrean Eagle,FDN,Foundations,239,normal,uncommon,1,100533,577e99a7-4a55-4314-8f08-2ae0c33b85c7,0.12,false,false,near_mint,es,EUR,2025-04-20T23:27:12.695Z
Encouraging Aviator // Jump,SOS,Secrets of Strixhaven,46,normal,uncommon,1,112361,72654b84-9902-41db-92ab-a3499c31221c,0.05,false,false,near_mint,en,EUR,2026-05-08T10:13:36.540Z
Encroaching Dragonstorm,TDM,Tarkir: Dragonstorm,142,normal,uncommon,1,104630,4ddd4477-f8c9-4d05-9177-f8344ba8f40b,0.06,false,false,near_mint,en,EUR,2025-04-20T23:27:12.695Z
Energybending,TLA,Avatar: The Last Airbender,2,normal,uncommon,1,109456,6c085441-e023-4032-89a0-d24ce5060ac3,0.02,false,false,near_mint,en,EUR,2025-11-26T15:34:18.488Z
Enigma Drake,AKH,Amonkhet,198,normal,uncommon,1,5487,66286631-c16e-410c-b963-25cfe8005d8f,0.17,false,false,near_mint,es,EUR,2025-04-20T23:27:12.695Z
"Ennis, Debate Moderator",SOS,Secrets of Strixhaven,14,normal,uncommon,1,112521,d2ef31b4-24fa-4443-9f05-c8e99c3522e5,0.15,false,false,near_mint,es,EUR,2026-04-19T19:45:43.752Z
"Ennis, Debate Moderator",SOS,Secrets of Strixhaven,14,normal,uncommon,1,112521,d2ef31b4-24fa-4443-9f05-c8e99c3522e5,0.03,false,false,near_mint,en,EUR,2026-05-08T10:13:36.459Z
Epic Downfall,TLA,Avatar: The Last Airbender,96,normal,uncommon,2,108189,3b4a6804-04f5-4467-bb1c-9466a47bc55f,0.07,false,false,near_mint,en,EUR,2025-11-26T15:34:18.488Z
Essence Scatter,FDN,Foundations,153,normal,uncommon,1,101226,dd05c850-f91e-4ffb-b4cc-8418d49dad90,0.1,false,false,near_mint,en,EUR,2025-04-20T23:27:12.695Z
Essenceknit Scholar,SOS,Secrets of Strixhaven,187,normal,uncommon,1,112578,2a3cba55-3fae-4d45-ae03-4d662ec13718,0.12,false,false,near_mint,en,EUR,2026-05-08T10:13:36.543Z
Eternal Student,SOS,Secrets of Strixhaven,82,normal,uncommon,1,112720,f97fac69-3e77-4150-9702-cc726daa6d21,0.17,false,false,near_mint,es,EUR,2026-04-19T19:45:43.731Z
Eumidian Terrabotanist,EOE,Edge of Eternities,180,normal,uncommon,1,107729,64fb2981-86ed-478a-89cd-c6bb078a5bc7,0.16,false,false,near_mint,en,EUR,2025-08-02T12:05:52.876Z
Evershrike's Gift,ECL,Lorwyn Eclipsed,15,normal,uncommon,1,110702,231e46b6-b91a-4582-8894-e7de1c50213f,0.04,false,false,near_mint,en,EUR,2026-07-20T10:08:18.045Z
Everything Pizza,TMT,Teenage Mutant Ninja Turtles,173,normal,uncommon,1,111373,df2cdaa5-9ea0-4aa5-89d3-9edf40fa2a39,0.06,false,false,near_mint,en,EUR,2026-03-06T23:49:55.749Z
Exhumer Thrull,GPT,Guildpact,50,normal,uncommon,1,27545,c8c53fda-3768-4cc5-8ca3-a60805c340ba,0.11,false,false,near_mint,en,EUR,2025-06-16T17:24:56.249Z
Expedition Map,MM2,Modern Masters 2015,213,normal,uncommon,1,11004,c708dbd5-1d7b-4ed3-b5a7-93a02d8355ee,1.5,false,false,near_mint,es,EUR,2025-04-20T23:27:12.695Z
Expose the Culprit,MKM,Murders at Karlov Manor,307,normal,uncommon,1,91240,dbaae9b6-510f-4039-8cca-fe7d7c57f1c5,0.17,false,false,near_mint,en,EUR,2025-04-20T23:27:12.695Z
Exsanguinate,FDN,Foundations,173,normal,uncommon,2,101330,f11d7311-4066-4a5d-ba28-9857fa707a0b,0.4,false,false,near_mint,en,EUR,2025-04-20T23:27:12.695Z
Exsanguinate,PLST,The List,SOM-61,normal,uncommon,1,48703,18a67eaf-b02a-4c01-a007-6c1ea96a5c08,0.84,false,false,near_mint,es,EUR,2025-04-20T23:27:12.695Z
Faceless Butcher,DMR,Dominaria Remastered,84,normal,uncommon,1,77841,2e5511e2-a218-411e-aea3-96461e9c5fdd,0.05,false,false,near_mint,en,EUR,2025-06-16T17:24:56.249Z
Fading Hope,J25,Foundations Jumpstart,310,normal,uncommon,2,100491,502beb34-279f-4c75-bb95-6b9aba94ab6f,0.3,false,false,near_mint,es,EUR,2025-04-20T23:27:12.695Z
Fae Flight,MKM,Murders at Karlov Manor,295,normal,uncommon,1,90861,51724cc6-edf7-490d-8039-b11b91ae1eb4,0.22,false,false,near_mint,en,EUR,2025-04-20T23:27:12.695Z
Faebloom Trick,FDN,Foundations,38,normal,uncommon,1,100148,0c3bee8f-f5be-4404-a696-c902637799c3,0.2,false,false,near_mint,es,EUR,2025-04-20T23:27:12.695Z
Faebloom Trick,FDN,Foundations,38,normal,uncommon,1,100148,0c3bee8f-f5be-4404-a696-c902637799c3,0.2,false,false,near_mint,en,EUR,2025-04-20T23:27:12.695Z
Fairgrounds Trumpeter,KLD,Kaladesh,155,normal,uncommon,2,7488,65983338-8806-4386-94a6-4670eb853848,0.11,false,false,near_mint,es,EUR,2025-04-20T23:27:12.695Z
Faller's Faithful,EOE,Edge of Eternities,100,normal,uncommon,1,107607,cbb1b46f-72e0-4c2f-8012-74529bd29a0d,0.19,false,false,near_mint,en,EUR,2025-08-01T19:16:32.510Z
Fang-Druid Summoner,DFT,Aetherdrift,163,foil,uncommon,1,103490,496442f6-48c7-464e-bcf3-4c14f49fa065,0.16,false,false,near_mint,en,EUR,2025-04-20T23:27:12.695Z
Felling Blow,FDN,Foundations,105,normal,uncommon,1,100854,96948ae3-b15d-4d6d-aa73-9f52084cd903,0.1,false,false,near_mint,en,EUR,2025-04-20T23:27:12.695Z
Fellwar Stone,BLC,Bloomburrow Commander,269,normal,uncommon,1,96512,e99c4fec-eb21-4288-a12f-1c58c4946bae,1.11,false,false,near_mint,en,EUR,2025-11-06T20:40:57.429Z
Fettergeist,AVR,Avacyn Restored,52,normal,uncommon,2,18226,8e89ef0e-1bfe-4e12-90ee-38f993cd8110,0.04,false,false,near_mint,es,EUR,2025-04-20T23:27:12.695Z
Fiendish Panda,FDN,Foundations,120,normal,uncommon,2,100483,4e434d74-cad0-45f5-bc8d-f34aa5e1d879,0.14,false,false,near_mint,en,EUR,2025-04-20T23:27:12.695Z
Fiendish Panda,FDN,Foundations,120,normal,uncommon,1,100483,4e434d74-cad0-45f5-bc8d-f34aa5e1d879,0.14,false,false,near_mint,es,EUR,2025-04-20T23:27:12.695Z
Fierce Retribution,OTP,Breaking News,2,normal,uncommon,1,93264,92270719-352d-426f-b498-fbeaf8fd087b,0.04,false,false,near_mint,en,EUR,2025-10-27T10:57:33.331Z
Fiery Annihilation,FDN,Foundations,86,normal,uncommon,2,100523,54fe00aa-d284-48f9-b5a2-1bd4c5fa8e58,0.12,false,false,near_mint,en,EUR,2025-04-20T23:27:12.695Z
Fire Nation Attacks,TLA,Avatar: The Last Airbender,133,normal,uncommon,1,108131,9cc10845-8989-46ca-a57a-fd728fca0729,0.11,false,false,near_mint,en,EUR,2025-11-26T15:34:18.488Z
Fire Sages,TLA,Avatar: The Last Airbender,136,normal,uncommon,1,108225,71a9fa44-306f-417a-a9d9-991aff95025c,0.12,false,false,near_mint,en,EUR,2025-11-26T15:34:18.488Z
Fireshrieker,J25,Foundations Jumpstart,750,normal,uncommon,1,101105,c48f5d22-a06c-4e91-ba24-3d7cde68808e,0.17,false,false,near_mint,es,EUR,2025-04-20T23:27:12.695Z
Firespitter Whelp,FDN,Foundations,197,normal,uncommon,2,100463,4b3a4c7d-3126-4bde-9dca-cb6a1e2f37c9,0.16,false,false,near_mint,en,EUR,2025-04-20T23:27:12.695Z
Fishing Pole,FDN,Foundations,128,normal,uncommon,2,101128,c95ab836-3277-4223-9aaa-ef2c77256b65,0.12,false,false,near_mint,en,EUR,2025-04-20T23:27:12.695Z
"Flash Thompson, Spider-Fan",SPM,Marvel's Spider-Man,7,normal,uncommon,1,108513,44cf372b-f668-45e9-981e-4533295dcc74,0.07,false,false,near_mint,en,EUR,2025-09-30T23:51:40.191Z
Flashfreeze,PLST,The List,MM2-45,normal,uncommon,1,48976,81db0226-23de-4180-9926-b61fa910820e,0.11,false,false,near_mint,es,EUR,2025-04-20T23:27:12.695Z
Flock Impostor,ECL,Lorwyn Eclipsed,16,normal,uncommon,1,110413,d32d0336-5140-41f9-bc67-f3d743b9231d,0.11,false,false,near_mint,en,EUR,2026-01-25T20:47:46.734Z
Flotsam // Jetsam,MKM,Murders at Karlov Manor,247,normal,uncommon,1,91177,c1500cbf-5619-465e-a97b-75e676ce789b,0.15,false,false,near_mint,en,EUR,2025-04-20T23:27:12.695Z
Flourishing Bloom-Kin,MKM,Murders at Karlov Manor,160,normal,uncommon,1,90911,5ddcb31e-9301-44f1-b138-0573fbf56a47,0.18,false,false,near_mint,en,EUR,2025-04-20T23:27:12.695Z
Flow State,SOS,Secrets of Strixhaven,49,normal,uncommon,1,112343,47d6093b-b1b6-4956-8bfd-02cce899f832,5.1,false,false,near_mint,en,EUR,2026-05-08T10:13:36.545Z
Fog Bank,PLST,The List,BBD-117,normal,uncommon,1,48972,d134eeed-61ee-4b18-b720-7d10438eb2ff,0.14,false,false,near_mint,es,EUR,2025-04-20T23:27:12.695Z
Foolish Fate,SOS,Secrets of Strixhaven,83,normal,uncommon,1,112693,d278f4c9-d20b-4a76-8c5c-4d3e985948b9,0.21,false,false,near_mint,es,EUR,2026-04-19T19:45:43.762Z
Foolish Fate,SOS,Secrets of Strixhaven,83,normal,uncommon,1,112693,d278f4c9-d20b-4a76-8c5c-4d3e985948b9,0.1,false,false,near_mint,en,EUR,2026-05-08T10:13:36.444Z
Foray of Orcs,LTR,The Lord of the Rings: Tales of Middle-earth,128,normal,uncommon,2,83116,5fea0c66-c776-4dc7-a235-f3822521cacd,0.15,false,false,near_mint,es,EUR,2025-04-20T23:27:12.695Z
Formation Breaker,TDM,Tarkir: Dragonstorm,143,normal,uncommon,1,105136,67ab8e8f-3ef6-4339-8c66-68c5aca4867a,0.07,false,false,near_mint,en,EUR,2025-04-20T23:27:12.695Z
Forsaken Miner,OTJ,Outlaws of Thunder Junction,88,normal,uncommon,1,93059,1679f74d-00f8-436c-9f8c-aa3f843a546c,1.26,false,false,near_mint,en,EUR,2025-10-27T10:57:33.331Z
Fractal Anomaly,SOS,Secrets of Strixhaven,50,normal,uncommon,1,112303,e1975a61-aef0-49a6-a6d6-c3a37e2e2b22,0.22,false,false,near_mint,es,EUR,2026-04-19T19:45:43.733Z
Fractal Tender,SOS,Secrets of Strixhaven,190,normal,uncommon,1,112314,ea7f5262-4ddb-410a-be72-4bac6af9b4ec,0.15,false,false,near_mint,es,EUR,2026-04-19T19:45:43.770Z
Fractal Tender,SOS,Secrets of Strixhaven,190,normal,uncommon,2,112314,ea7f5262-4ddb-410a-be72-4bac6af9b4ec,0.06,false,false,near_mint,en,EUR,2026-05-08T10:13:36.472Z
Freya Crescent,FIN,Final Fantasy,138,normal,uncommon,1,106289,9921f646-e893-44db-ac89-0633c1009788,0.08,false,false,near_mint,en,EUR,2025-06-18T14:09:45.764Z
Full Bore,EOE,Edge of Eternities,135,normal,uncommon,2,107549,cfee64ef-d22d-4024-bc65-59cbd1731d1c,0.15,false,false,near_mint,en,EUR,2025-08-01T19:16:32.510Z
Full Steam Ahead,OTJ,Outlaws of Thunder Junction,164,normal,uncommon,1,93037,084748d8-7169-4e86-a69c-631c6d7d3a1e,0.11,false,false,near_mint,en,EUR,2025-10-27T10:57:33.331Z
Furtive Courier,MKM,Murders at Karlov Manor,59,normal,uncommon,1,90953,6f359fc2-b9e4-4a01-9d04-442bb160b01e,0.14,false,false,near_mint,en,EUR,2025-04-20T23:27:12.695Z
"Fynn, the Fangbearer",KHM,Kaldheim,170,normal,uncommon,1,56946,7d7a8a90-13c1-4b0c-ab2e-fc8d91ccefd9,0.26,false,false,near_mint,es,EUR,2025-04-20T23:27:12.695Z
Gaius van Baelsar,FIN,Final Fantasy,102,normal,uncommon,1,106446,a4ee8ba5-6a79-4652-b2a4-a3dae804bc28,0.14,false,false,near_mint,en,EUR,2025-06-18T14:09:45.764Z
Gallant Strike,DFT,Aetherdrift,13,normal,uncommon,2,103584,9bdb58b7-e1ef-496b-b8dd-d1fabf3d2e7a,0.09,false,false,near_mint,en,EUR,2025-04-20T23:27:12.695Z
Galvanizing Sawship,EOE,Edge of Eternities,136,normal,uncommon,1,107273,5bbce9fb-401f-4e78-acd5-9d3b506687fd,0.08,false,false,near_mint,en,EUR,2025-08-01T19:16:32.510Z
"Garland, Knight of Cornelia // Chaos, the Endless",FIN,Final Fantasy,221,normal,uncommon,1,103808,dd463dbe-5f2c-4d4f-86f8-ad8ff407af62,0.13,false,false,near_mint,en,EUR,2025-06-18T14:09:45.764Z
"Garna, Bloodfist of Keld",DMU,Dominaria United,299,normal,uncommon,1,71281,18b8721c-371b-454c-8ccd-5e57779fc4d0,0.1,false,false,near_mint,es,EUR,2025-04-20T23:27:12.695Z
Garruk's Uprising,FDN,Foundations,220,normal,uncommon,2,100447,4805c303-e73b-443b-a09f-49d2c2c88bb5,0.38,false,false,near_mint,en,EUR,2025-04-20T23:27:12.695Z
Garruk's Uprising,FDN,Foundations,220,normal,uncommon,1,100447,4805c303-e73b-443b-a09f-49d2c2c88bb5,0.38,false,false,near_mint,es,EUR,2025-04-20T23:27:12.695Z
Gastal Raider,DFT,Aetherdrift,86,normal,uncommon,1,103532,6e4877b5-4ce5-466a-810f-6501f2a0f217,0.07,false,false,near_mint,en,EUR,2025-04-20T23:27:12.695Z
Gastal Thrillseeker,DFT,Aetherdrift,205,normal,uncommon,1,103595,a8e5205d-d734-4292-a3c8-70cf5f131289,0.12,false,false,near_mint,en,EUR,2025-04-20T23:27:12.695Z
Gate Colossus,RNA,Ravnica Allegiance,232,normal,uncommon,1,43633,99767e2f-a558-4d63-b9b6-923d15b433e1,0.11,false,false,near_mint,es,EUR,2025-04-20T23:27:12.695Z
Gatekeeper of Malakir,ZEN,Zendikar,89,normal,uncommon,1,22535,71db3698-a45c-4eaf-87e6-30502c0c10f4,0.36,false,false,near_mint,es,EUR,2025-04-20T23:27:12.695Z
Gateway Sneak,RNA,Ravnica Allegiance,40,normal,uncommon,1,43824,edc0229d-05e6-41b7-b7a9-2a8b2b258add,0.16,false,false,near_mint,es,EUR,2025-04-20T23:27:12.695Z
Gather the White Lotus,TLA,Avatar: The Last Airbender,20,normal,uncommon,1,109495,96e2b3d0-f060-4f3c-9d12-a0444b202008,0.1,false,false,near_mint,en,EUR,2025-11-26T15:34:18.488Z
"General Traag, Heart of Stone",TMT,Teenage Mutant Ninja Turtles,90,normal,uncommon,1,111529,e02e971f-6008-4c82-acd2-2aed13009ccb,0.03,false,false,near_mint,en,EUR,2026-03-06T23:49:55.836Z
Genghis Frog,TMT,Teenage Mutant Ninja Turtles,148,normal,uncommon,1,111283,7df26085-eedb-4bdd-a60a-aabfbe9c3157,0.08,false,false,near_mint,en,EUR,2026-03-06T23:49:55.776Z
Giant Cindermaw,BRO,The Brothers' War,136,normal,uncommon,1,75301,1349465f-d29f-4d4b-a653-f4388574c336,0.09,false,false,near_mint,es,EUR,2025-04-20T23:27:12.695Z
Giant Growth,SOA,Secrets of Strixhaven Mystical Archive,52,normal,uncommon,1,111801,62652aa9-57e7-42a7-8f2f-62e9a6aefb16,0.03,false,false,near_mint,en,EUR,2026-05-08T10:13:36.438Z
Giantfall,ECL,Lorwyn Eclipsed,141,normal,uncommon,2,110697,1ac52728-adb3-4220-8392-73f7bd379ab4,0.05,false,false,near_mint,en,EUR,2026-01-25T20:47:46.780Z
Gigastorm Titan,EOE,Edge of Eternities,57,normal,uncommon,1,107603,abc83e0a-0ae5-4087-a751-058a1ba6a920,0.1,false,false,near_mint,en,EUR,2025-08-01T19:16:32.510Z
"Giott, King of the Dwarves",FIN,Final Fantasy,223,normal,uncommon,1,106565,6a7784de-a10d-4ce6-98a5-aaf3e85773b6,0.07,false,false,near_mint,en,EUR,2025-06-18T14:09:45.764Z
Glacial Dragonhunt,TDM,Tarkir: Dragonstorm,188,normal,uncommon,1,104814,95994c88-e404-4a4f-8be6-b99d703d4609,0.17,false,false,near_mint,en,EUR,2025-04-20T23:27:12.695Z
Glacier Godmaw,EOE,Edge of Eternities,188,normal,uncommon,1,107608,d3291c51-e963-4970-813d-9a06a47aa71e,0.17,false,false,near_mint,en,EUR,2025-08-02T12:05:52.876Z
Gladiolus Amicitia,FIN,Final Fantasy,224,normal,uncommon,1,105177,442957fc-045d-4db6-b82a-445f172d23e4,0.08,false,false,near_mint,en,EUR,2025-06-18T14:09:45.764Z
Glider Staff,TLA,Avatar: The Last Airbender,22,normal,uncommon,1,109467,7517f2eb-a24d-49f6-82bf-08de55d3789a,0.13,false,false,near_mint,en,EUR,2025-11-26T15:34:18.488Z
Gnarlback Rhino,M20,Core Set 2020,300,normal,uncommon,1,45160,68a69558-aca0-413d-9762-2fa115b44abd,0.18,false,false,near_mint,es,EUR,2025-04-20T23:27:12.695Z
Gnarlbark Elm,ECL,Lorwyn Eclipsed,103,normal,uncommon,1,110700,1e9d65b6-22ff-49f2-8b2a-aeaef91088d3,0.09,false,false,near_mint,en,EUR,2026-07-20T10:08:18.044Z
Goblin Fireleaper,LTR,The Lord of the Rings: Tales of Middle-earth,133,normal,uncommon,1,83620,ec120dae-8c40-4053-9341-1f7774464634,0.1,false,false,near_mint,es,EUR,2025-04-20T23:27:12.695Z
Goblin Negotiation,FDN,Foundations,88,normal,uncommon,1,101335,f2016585-e26c-4d13-b09f-af6383c192f7,0.13,false,false,near_mint,en,EUR,2025-04-20T23:27:12.695Z
Goblin Negotiation,FDN,Foundations,88,normal,uncommon,1,101335,f2016585-e26c-4d13-b09f-af6383c192f7,0.13,false,false,near_mint,es,EUR,2025-04-20T23:27:12.695Z
Golem's Heart,SOM,Scars of Mirrodin,161,normal,uncommon,2,20871,647ecb81-2d23-40f3-8570-0b86e2ed1c5e,0.1,false,false,near_mint,es,EUR,2025-04-20T23:27:12.695Z
"Gothmog, Morgul Lieutenant",LTR,The Lord of the Rings: Tales of Middle-earth,87,normal,uncommon,1,83353,a1c10e93-88eb-46b9-8adc-583661807990,0.09,false,false,near_mint,es,EUR,2025-04-20T23:27:12.695Z
Graduation Day,SOS,Secrets of Strixhaven,16,normal,uncommon,1,111755,db1cea01-123e-4b23-8b98-f94cabce3912,0.16,false,false,near_mint,en,EUR,2026-07-20T10:08:18.031Z
Grappling Kraken,FDN,Foundations,39,normal,uncommon,1,101165,d1f5cab3-3fc0-448d-8252-cd55abf5b596,0.15,false,false,near_mint,en,EUR,2025-04-20T23:27:12.695Z
Graypelt Refuge,PLST,The List,C17-253,normal,uncommon,2,47680,80df5fcd-da0a-470f-ac21-511f9f54ee27,0.14,false,false,near_mint,es,EUR,2025-04-20T23:27:12.695Z
Greasewrench Goblin,DFT,Aetherdrift,132,normal,uncommon,1,103267,c8f0b123-fdb0-4f3e-ba78-fa155c227e20,0.11,false,false,near_mint,en,EUR,2025-04-20T23:27:12.695Z
Greater Forgeling,RAV,Ravnica: City of Guilds,129,normal,uncommon,1,27881,eef8ad11-4ffa-4878-9354-737be6f9e90c,0.04,false,false,near_mint,en,EUR,2025-06-16T17:24:56.249Z
Greenbelt Guardian,DFT,Aetherdrift,164,normal,uncommon,1,103459,2f6b0000-5fd3-483b-bac5-f9b888d8755b,0.09,false,false,near_mint,en,EUR,2025-04-20T23:27:12.695Z
"Grishnákh, Brash Instigator",LTR,The Lord of the Rings: Tales of Middle-earth,134,normal,uncommon,1,83136,6385e769-f805-499d-9f47-494533362152,0.14,false,false,near_mint,es,EUR,2025-04-20T23:27:12.695Z
Groundskeeper,EOC,Edge of Eternities Commander,97,normal,uncommon,1,106988,30444f88-5a7e-46bc-ab0c-17e62fae2457,0.08,false,false,near_mint,en,EUR,2025-08-06T14:50:32.528Z
Group Project,SOS,Secrets of Strixhaven,17,normal,uncommon,1,112305,e8abc1eb-6225-4b18-8502-b5324b818aed,0.02,false,false,near_mint,en,EUR,2026-05-08T10:13:36.529Z
Growth Curve,SOS,Secrets of Strixhaven,193,normal,uncommon,1,112325,1675a445-86ae-413b-b95a-a1c254a7f252,0.21,false,false,near_mint,es,EUR,2026-04-19T19:45:43.761Z
Guidelight Pathmaker,DFT,Aetherdrift,206,normal,uncommon,2,103228,b2e00cd7-925e-4bab-b064-c96aa2935f8c,0.11,false,false,near_mint,en,EUR,2025-04-20T23:27:12.695Z
Gutsplitter Gang,ECL,Lorwyn Eclipsed,106,normal,uncommon,1,110578,9ff74349-693d-4373-a194-9796316dd1f1,0.02,false,false,near_mint,en,EUR,2026-01-25T20:47:46.751Z
Guttersnipe,PLST,The List,IMA-131,normal,uncommon,1,48384,6d5a14b4-e67c-4129-91dc-9e2fefbe27d2,0.27,false,false,near_mint,es,EUR,2025-04-20T23:27:12.695Z
"Haliya, Ascendant Cadet",EOE,Edge of Eternities,218,normal,uncommon,1,107451,683d6eba-7f98-4105-b318-7f2290012f32,0.16,false,false,near_mint,en,EUR,2025-08-01T19:16:32.510Z
Hankyu,CHK,Champions of Kamigawa,253,normal,uncommon,1,28972,6f22a88a-4f04-4500-9e05-909b54ad43e3,0.16,false,false,near_mint,en,EUR,2025-06-16T17:24:56.249Z
Hard-Hitting Question,MKM,Murders at Karlov Manor,164,normal,uncommon,1,91036,8ad807c2-14a7-4464-bf57-c323fb3c0bd0,0.08,false,false,near_mint,en,EUR,2025-04-20T23:27:12.695Z
Hardened Tactician,TDM,Tarkir: Dragonstorm,191,normal,uncommon,1,104780,86b225cb-5c45-4da1-a64e-b04091e483e8,0.19,false,false,near_mint,en,EUR,2025-04-20T23:27:12.695Z
Harried Dronesmith,MKM,Murders at Karlov Manor,131,normal,uncommon,1,90787,36cb25ee-3c84-40a8-ba45-7e44893deecf,0.11,false,false,near_mint,en,EUR,2025-04-20T23:27:12.695Z
Heartfire Immolator,FDN,Foundations,201,normal,uncommon,1,100390,3ca38f4d-01f5-4a02-9000-01261a440dbf,0.18,false,false,near_mint,en,EUR,2025-04-20T23:27:12.695Z
Heartfire Immolator,M21,Core Set 2021,150,normal,uncommon,2,50883,869fb9f1-0d59-4874-aa52-ac665c3cc0e8,0.06,false,false,near_mint,es,EUR,2025-04-20T23:27:12.695Z
Heartless Act,TLA,Avatar: The Last Airbender,103,normal,uncommon,1,108268,b57c57a8-d72b-4c6c-a2db-a7ef61190f42,0.14,false,false,near_mint,en,EUR,2025-11-26T15:34:18.488Z
Heartless Pillage,OTP,Breaking News,14,normal,uncommon,1,93355,d06a1a70-aa26-4178-8486-e0a25c907cdb,0.16,false,false,near_mint,en,EUR,2025-10-27T10:57:33.331Z
Hedron Archive,C19,Commander 2019,214,normal,uncommon,1,45720,8c7d1fa1-e393-4eae-8c8e-449d5d253bbc,0.23,false,false,near_mint,es,EUR,2025-04-20T23:27:12.695Z
Hellish Sideswipe,DFT,Aetherdrift,90,normal,uncommon,2,103544,7a9db650-47f9-46d7-ac17-8d19fef6d6b0,0.08,false,false,near_mint,en,EUR,2025-04-20T23:27:12.695Z
Helping Hand,SOA,Secrets of Strixhaven Mystical Archive,5,normal,uncommon,1,112526,da5e29a8-a8fb-452b-9973-61ad613f9907,0.06,false,false,near_mint,en,EUR,2026-05-08T10:13:36.497Z
Hemosymbic Mite,EOE,Edge of Eternities,190,normal,uncommon,1,107324,c14137a4-2d44-444c-ad50-e2edf9380571,0.12,false,false,near_mint,en,EUR,2025-08-01T19:16:32.510Z
Henchbots,TMT,Teenage Mutant Ninja Turtles,174,normal,uncommon,1,111524,d77aa46e-fa57-4427-b0a3-0a957dc994dc,0.05,false,false,near_mint,en,EUR,2026-03-06T23:49:55.744Z
Heraldic Banner,FDN,Foundations,254,normal,uncommon,1,100678,743ea709-dbb3-4db8-a2ce-544f47eb6339,0.25,false,false,near_mint,es,EUR,2025-04-20T23:27:12.695Z
Hero's Downfall,FDN,Foundations,175,normal,uncommon,2,97185,ad2c01d9-8f54-46c0-9dc9-d4d4764ce1c9,0.13,false,false,near_mint,en,EUR,2025-04-20T23:27:12.695Z
Hero's Downfall,FDN,Foundations,175,normal,uncommon,2,97185,ad2c01d9-8f54-46c0-9dc9-d4d4764ce1c9,0.13,false,false,near_mint,es,EUR,2025-04-20T23:27:12.695Z
Heroes' Bane,C20,Commander 2020,175,normal,uncommon,1,50243,247e2b05-b1bb-4ee0-bbac-21e903e51a38,0.22,false,false,near_mint,es,EUR,2025-04-20T23:27:12.695Z
Heroes' Hangout,SPM,Marvel's Spider-Man,79,normal,uncommon,1,108506,4148d7e8-6371-468c-858b-35254995409a,0.12,false,false,near_mint,en,EUR,2025-09-30T23:51:40.191Z
Heroic Reinforcements,M19,Core Set 2019,217,normal,uncommon,1,1095,33c35bf8-ae43-41aa-aae9-4d7513f9058c,0.11,false,false,near_mint,es,EUR,2025-04-20T23:27:12.695Z
Hidetsugu's Second Rite,FDN,Foundations,202,normal,uncommon,2,100577,609421da-8d89-4365-b18b-778832d91482,0.07,false,false,near_mint,en,EUR,2025-04-20T23:27:12.695Z
Hidetsugu's Second Rite,FDN,Foundations,202,normal,uncommon,1,100577,609421da-8d89-4365-b18b-778832d91482,0.08,false,false,near_mint,es,EUR,2025-04-20T23:27:12.695Z
Hoarding Dragon,IMA,Iconic Masters,134,normal,uncommon,1,3491,5c6cd59a-f184-4e8e-885e-36fbceddfc06,0.12,false,false,near_mint,es,EUR,2025-04-20T23:27:12.695Z
"Hobgoblin, Mantled Marauder",SPM,Marvel's Spider-Man,80,normal,uncommon,1,108636,50716fe3-7a19-431e-8758-984fc48d714e,0.08,false,false,near_mint,en,EUR,2025-09-30T23:51:40.191Z
Hollow Marauder,OTJ,Outlaws of Thunder Junction,90,normal,uncommon,1,93380,df2913d5-57c7-4f9b-bc96-8a46beef2563,0.16,false,false,near_mint,en,EUR,2025-10-27T10:57:33.331Z
Holy Justiciar,AVR,Avacyn Restored,25,normal,uncommon,1,18253,640cad49-1db3-4611-a80d-7ce95f000fad,0.05,false,false,near_mint,en,EUR,2025-04-20T23:27:12.695Z
Homesickness,SOS,Secrets of Strixhaven,53,normal,uncommon,1,112358,6e4a1f82-b0b1-4608-91f8-130bee731435,0.19,false,false,near_mint,es,EUR,2026-04-19T19:45:43.789Z
Homicidal Seclusion,AVR,Avacyn Restored,108,normal,uncommon,1,18170,022960a1-8223-4b83-aea2-85359c39f3b8,0.09,false,false,near_mint,es,EUR,2025-04-20T23:27:12.695Z
Honest Work,TLA,Avatar: The Last Airbender,55,normal,uncommon,1,109439,57e0ccb0-22f0-4e4d-9a47-c4fec2c7f251,0.08,false,false,near_mint,en,EUR,2025-11-26T15:34:18.488Z
Honored Knight-Captain,EOE,Edge of Eternities,22,normal,uncommon,1,107362,05a6ab03-f0b9-4738-a5f9-5d95bb22de75,0.19,false,false,near_mint,en,EUR,2025-08-02T12:05:52.876Z
Hop to It,BLB,Bloomburrow,16,normal,uncommon,2,95851,ee7207f8-5daa-42af-aeea-7a489047110b,0.13,false,false,near_mint,es,EUR,2025-04-20T23:27:12.695Z
Hop to It,SOA,Secrets of Strixhaven Mystical Archive,6,normal,uncommon,1,112422,16fabbbf-e35b-468c-9aea-09aa6a388dee,0.21,false,false,near_mint,es,EUR,2026-04-19T19:45:43.759Z
"Hulk, Gamma Goliath",MSH,Marvel Super Heroes,215,normal,uncommon,1,113201,682b9f91-18bb-4113-9d5c-a381c191def9,0.17,false,false,near_mint,es,EUR,2026-06-20T00:03:25.259Z
Hustle // Bustle,MKM,Murders at Karlov Manor,249,normal,uncommon,1,90913,5f664827-e22e-43af-82f1-861b3c7607f1,0.05,false,false,near_mint,en,EUR,2025-04-20T23:27:12.695Z
Hylderblade,EOE,Edge of Eternities,106,normal,uncommon,1,107517,ac80cf18-0707-4358-bdd4-0c2b90d0a1d9,0.12,false,false,near_mint,en,EUR,2025-08-02T12:05:52.876Z
Hymn of the Faller,EOE,Edge of Eternities,107,normal,uncommon,1,107568,e468d528-6cf0-4563-9da2-e388ba56cb9d,0.25,false,false,near_mint,en,EUR,2025-08-02T12:05:52.876Z
Hypothesizzle,OTP,Breaking News,48,normal,uncommon,1,93142,4448d31e-faf4-4281-af48-4f638b939a62,0.06,false,false,near_mint,en,EUR,2025-10-27T10:57:33.331Z
Illusion Spinners,ECL,Lorwyn Eclipsed,55,normal,uncommon,2,110862,eb4229a9-8df4-4adc-9d3e-acd2221fa3e9,0.07,false,false,near_mint,en,EUR,2026-01-25T20:47:46.750Z
Illusory Ambusher,BLC,Bloomburrow Commander,167,normal,uncommon,1,96504,e4f6a399-a5af-4f8a-ac57-c26fd3fb033b,0.12,false,false,near_mint,en,EUR,2025-11-06T20:40:57.429Z
Imperious Perfect,PLST,The List,CMA-118,normal,uncommon,2,48112,3b2e604b-5ca5-4b17-834c-9067f1605147,0.27,false,false,near_mint,es,EUR,2025-04-20T23:27:12.695Z
Imprisoned in the Moon,FDN,Foundations,156,foil,uncommon,1,101313,ee28e147-6622-4399-a314-c14a5c912dd0,0.18,false,false,near_mint,en,EUR,2025-04-20T23:27:12.695Z
Infernal Grasp,EOC,Edge of Eternities Commander,84,normal,uncommon,1,106941,060b7e5f-5b40-4efc-9fad-4cebf40b654b,0.27,false,false,near_mint,en,EUR,2025-08-06T14:50:32.528Z
Infernal Vessel,FDN,Foundations,63,normal,uncommon,1,101560,877b6330-2d0b-4f2f-a848-f10b06fb4ef5,0.11,false,false,near_mint,en,EUR,2025-04-20T23:27:12.695Z
Inkshape Demonstrator,SOS,Secrets of Strixhaven,21,normal,uncommon,1,112505,bcfac992-9984-4529-b9ff-a42d58832b34,0.06,false,false,near_mint,en,EUR,2026-05-08T10:13:36.485Z
Inquisitor Exarch,NPH,New Phyrexia,12,normal,uncommon,1,19873,49e241a0-a027-494b-8187-6ecb006d1d33,0.18,false,false,near_mint,es,EUR,2025-04-20T23:27:12.695Z
Insidious Roots,MKM,Murders at Karlov Manor,208,normal,uncommon,1,90648,0bb91a22-2040-4a37-85f8-5f22de8c5907,1.37,false,false,near_mint,en,EUR,2025-04-20T23:27:12.695Z
Inspiring Call,FDN,Foundations,226,foil,uncommon,1,100400,3e241642-5172-4437-b694-f6aa159d5cd9,0.4,false,false,near_mint,en,EUR,2025-04-20T23:27:12.695Z
Inspirited Vanguard,TDM,Tarkir: Dragonstorm,146,normal,uncommon,1,105165,c642d6ac-f0f0-4b4c-a7ee-50631531f6d1,0.08,false,false,near_mint,en,EUR,2025-04-20T23:27:12.695Z
Into the Void,M15,Magic 2015,60,normal,uncommon,2,13792,7021c9f7-82f3-4470-aaa1-8fa25e207069,0.02,false,false,near_mint,es,EUR,2025-04-20T23:27:12.695Z
Intrepid Stablemaster,OTJ,Outlaws of Thunder Junction,169,normal,uncommon,1,93153,4d6cdf2a-026a-41ba-87d9-8fcd8a67f06e,0.13,false,false,near_mint,en,EUR,2025-10-27T10:57:33.331Z
Invasion Submersible,TLA,Avatar: The Last Airbender,57,normal,uncommon,1,109516,af5299f5-1633-4c07-ade5-fd47e29ea4aa,0.07,false,false,near_mint,en,EUR,2025-11-26T15:34:18.488Z
Invasion Tactics,TLA,Avatar: The Last Airbender,183,normal,uncommon,1,109403,27c6330d-49f6-4707-b4d4-d1411fa422eb,0.09,false,false,near_mint,en,EUR,2025-11-26T15:34:18.488Z
Invasive Maneuvers,EOE,Edge of Eternities,137,normal,uncommon,1,107524,b68010e2-7810-43cb-a52e-e73b1834e54e,0.14,false,false,near_mint,en,EUR,2025-08-02T12:05:52.876Z
Iridescent Tiger,TDM,Tarkir: Dragonstorm,109,normal,uncommon,1,105170,e3abbc8b-2bf8-478e-a541-f8019d150054,0.04,false,false,near_mint,en,EUR,2025-04-20T23:27:12.695Z
Izzet Signet,BLC,Bloomburrow Commander,278,normal,uncommon,1,96409,a39b4b15-cd3e-4d30-8de2-8e584524d018,0.32,false,false,near_mint,en,EUR,2025-11-06T20:40:57.429Z
Jace's Ingenuity,M11,Magic 2011,60,normal,uncommon,1,21329,b79bea30-3210-4944-b146-3624c9869f45,0.16,false,false,near_mint,en,EUR,2025-04-20T23:27:12.695Z
Jeskai Shrinekeeper,TDM,Tarkir: Dragonstorm,197,normal,uncommon,1,104722,6ec8fa0b-c695-4326-aebd-042cb1974925,0.08,false,false,near_mint,en,EUR,2025-04-20T23:27:12.695Z
"Joo Dee, One of Many",TLA,Avatar: The Last Airbender,105,normal,uncommon,1,109730,7ae1439f-a0c4-42c2-a4f3-8851defa981e,0.16,false,false,near_mint,en,EUR,2025-11-26T15:34:18.488Z
Joust Through,FDN,Foundations,19,normal,uncommon,1,100767,846adb38-f9bb-4fed-b8ed-36ec7885f989,0.14,false,false,near_mint,es,EUR,2025-04-20T23:27:12.695Z
Joust Through,FDN,Foundations,19,normal,uncommon,2,100767,846adb38-f9bb-4fed-b8ed-36ec7885f989,0.15,false,false,near_mint,en,EUR,2025-04-20T23:27:12.695Z
Judge Magister Gabranth,FIN,Final Fantasy,230,normal,uncommon,1,106688,f9e64cb6-48f7-41d3-99e7-4b0bc3b33fd7,0.12,false,false,near_mint,en,EUR,2025-06-18T14:09:45.764Z
Juggernaut,FDN,Foundations,255,foil,uncommon,1,101351,f4468fff-cd6f-428c-b7a0-ff89f5bbea2e,0.02,false,false,near_mint,en,EUR,2025-04-20T23:27:12.695Z
"June, Bounty Hunter",TLA,Avatar: The Last Airbender,106,normal,uncommon,1,109385,148bbaab-bc7b-46ab-8e18-ade69d71d847,0.1,false,false,near_mint,en,EUR,2025-11-26T15:34:18.488Z
Junk Winder,BLC,Bloomburrow Commander,169,normal,uncommon,1,96168,0ee1b75a-18e3-43ce-a1db-b27fd1771279,0.19,false,false,near_mint,en,EUR,2025-11-06T20:40:57.429Z
"Juri, Master of the Revue",EOC,Edge of Eternities Commander,119,normal,uncommon,1,107018,5006eae5-3b77-45ab-a907-f5094b2eaf1f,0.13,false,false,near_mint,en,EUR,2025-08-06T14:50:32.528Z
"Kalakscion, Hunger Tyrant",DFT,Aetherdrift,93,normal,uncommon,1,103435,1214fc6d-ae47-418d-88cc-58633ec2ac7a,0.22,false,false,near_mint,en,EUR,2025-04-20T23:27:12.695Z
Kami of Lunacy,CHK,Champions of Kamigawa,119,normal,uncommon,1,29107,4baef070-d265-4c6d-9b4b-3cafbd3b34c3,0.08,false,false,near_mint,en,EUR,2025-06-16T17:24:56.249Z
"Kang, Temporal Tyrant",MSH,Marvel Super Heroes,217,normal,uncommon,1,113289,fb96ee86-5139-472a-9c4b-8a8a4280fc7e,0.13,false,false,near_mint,es,EUR,2026-06-20T00:03:25.261Z
Kavaron Harrier,EOE,Edge of Eternities,139,normal,uncommon,1,107383,1da2a740-e4ff-4661-ba57-39b15c58e26e,0.18,false,false,near_mint,en,EUR,2025-08-02T12:05:52.876Z
Killian's Confidence,SOS,Secrets of Strixhaven,197,normal,uncommon,1,112443,55ff776a-fc3b-4338-8864-d57a85b3f123,0.02,false,false,near_mint,en,EUR,2026-05-08T10:13:36.442Z
Kin-Tree Severance,TDM,Tarkir: Dragonstorm,200,normal,uncommon,1,104896,b577e246-3377-42aa-856e-b9fa89f3603a,0.09,false,false,near_mint,en,EUR,2025-04-20T23:27:12.695Z
Kindle the Inner Flame,ECL,Lorwyn Eclipsed,147,normal,uncommon,1,110796,9a2adcea-f6b1-4611-b8b8-f19fdee2c571,0.02,false,false,near_mint,en,EUR,2026-01-25T20:47:46.692Z
"Kirol, History Buff // Pack a Punch",SOS,Secrets of Strixhaven,198,normal,uncommon,1,111709,676ba521-66e4-42cf-a315-70d03cb7334e,0.13,false,false,near_mint,es,EUR,2026-04-19T19:45:43.732Z
Kishla Skimmer,TDM,Tarkir: Dragonstorm,201,normal,uncommon,1,104899,b5f1acb0-d73e-4814-8158-3645daf5c4cc,0.11,false,false,near_mint,en,EUR,2025-04-20T23:27:12.695Z
Kishla Trawlers,TDM,Tarkir: Dragonstorm,50,normal,uncommon,1,104472,190fbc55-e8e9-4077-9532-1de7406baabf,0.06,false,false,near_mint,en,EUR,2025-04-20T23:27:12.695Z
Knight of Grace,DOM,Dominaria,23,normal,uncommon,1,2253,7bbbddc0-f8b3-4255-bd82-d50f829ca009,0.11,false,false,near_mint,es,EUR,2025-04-20T23:27:12.695Z
Knight of Malice,DOM,Dominaria,97,normal,uncommon,1,2179,b45266f0-eb4f-4a06-bc64-8c2d774b4cc5,0.19,false,false,near_mint,es,EUR,2025-04-20T23:27:12.695Z
Kolaghan Warmonger,MAT,March of the Machine: The Aftermath,67,normal,uncommon,3,82578,8d58c593-327c-4798-8bb8-811c831efb49,0.11,false,false,near_mint,es,EUR,2025-04-20T23:27:12.695Z
"Koya, Death from Above",TMT,Teenage Mutant Ninja Turtles,11,normal,uncommon,2,111584,7a4f1ccc-2225-4cd0-abef-0eb7a8eae9cf,0.08,false,false,near_mint,en,EUR,2026-03-06T23:49:55.735Z
"Kraven, Proud Predator",SPM,Marvel's Spider-Man,132,normal,uncommon,1,108567,af7c63e1-eccc-40a2-ba14-ce0d2a6123fc,0.02,false,false,near_mint,en,EUR,2025-09-30T23:51:40.191Z
"Lagorin, Soul of Alacria",DFT,Aetherdrift,211,foil,uncommon,2,103124,7b04e3f4-103b-4845-b3f0-5417971c7666,0.11,false,false,near_mint,en,EUR,2025-04-20T23:27:12.695Z
"Landroval, Horizon Witness",LTR,The Lord of the Rings: Tales of Middle-earth,21,normal,uncommon,1,83089,5684483b-9a6a-499b-a5e1-e2815ee03cdb,0.03,false,false,near_mint,es,EUR,2025-04-20T23:27:12.695Z
Larval Scoutlander,EOE,Edge of Eternities,194,normal,uncommon,1,107555,d6083f43-58dc-46fc-aeff-347b1080417b,0.17,false,false,near_mint,en,EUR,2025-08-02T12:05:52.876Z
Lashwhip Predator,EOE,Edge of Eternities,195,normal,uncommon,1,107593,24553e98-29a9-47e3-91c7-9add708d9ad1,0.15,false,false,near_mint,en,EUR,2025-08-02T12:05:52.876Z
"Lazav, Familiar Stranger",OTJ,Outlaws of Thunder Junction,216,normal,uncommon,1,93022,00293326-3eb2-492c-b565-7abafa037d8c,0.13,false,false,near_mint,en,EUR,2025-10-27T10:57:33.331Z
Leaves from the Vine,TLA,Avatar: The Last Airbender,185,normal,uncommon,1,109520,b18995c2-efe3-46ca-8204-e2dc0e42f6e3,0.14,false,false,near_mint,en,EUR,2025-11-26T15:34:18.488Z
Leech Collector // Bloodletting,SOS,Secrets of Strixhaven,88,normal,uncommon,1,112684,c715fe4c-c0e7-4342-811f-b74687851097,0.08,false,false,near_mint,en,EUR,2026-05-08T10:13:36.429Z
"Leonardo, Leader in Blue",TMT,Teenage Mutant Ninja Turtles,16,normal,uncommon,1,111523,d6eaae35-d513-43d8-be2d-b97c15e25937,0.04,false,false,near_mint,en,EUR,2026-03-06T23:49:55.813Z
Lie in Wait,TDM,Tarkir: Dragonstorm,203,normal,uncommon,1,104819,96fff22c-282b-4849-82ce-890013b53262,0.07,false,false,near_mint,en,EUR,2025-04-20T23:27:12.695Z
Lightning Bolt,PLST,The List,E01-54,normal,uncommon,1,48353,32a180dd-9641-4546-8940-9b21084f0c71,1.27,false,false,near_mint,es,EUR,2025-04-20T23:27:12.695Z
Lithobraking,EOE,Edge of Eternities,142,normal,uncommon,1,107438,5a22024c-2c0f-4487-98d1-ee89cf3dba89,0.21,false,false,near_mint,en,EUR,2025-08-02T12:05:52.876Z
"Living Brain, Mechanical Marvel",SPM,Marvel's Spider-Man,167,normal,uncommon,1,108495,26833b64-2e6d-4977-9a6e-6fe73c54d671,0.07,false,false,near_mint,en,EUR,2025-09-30T23:51:40.191Z
Locust Spray,SOA,Secrets of Strixhaven Mystical Archive,31,normal,uncommon,1,112497,b221e1e9-7b14-4444-ac1c-3d5174c711e9,0.3,false,false,near_mint,es,EUR,2026-04-19T19:45:43.750Z
Locust Spray,SOA,Secrets of Strixhaven Mystical Archive,31,normal,uncommon,1,112497,b221e1e9-7b14-4444-ac1c-3d5174c711e9,0.05,false,false,near_mint,en,EUR,2026-05-08T10:13:36.454Z
Lofty Dreams,ECL,Lorwyn Eclipsed,58,normal,uncommon,1,110803,a2908ed1-517e-4f1a-94e5-b06fb033c1a6,0.08,false,false,near_mint,en,EUR,2026-01-25T20:47:46.746Z
Lorehold Charm,SOS,Secrets of Strixhaven,200,normal,uncommon,1,111656,5fe70295-e550-4577-a341-dab6c25aabfd,0.22,false,false,near_mint,es,EUR,2026-04-19T19:45:43.743Z
Lorehold Charm,SOS,Secrets of Strixhaven,200,normal,uncommon,1,111656,5fe70295-e550-4577-a341-dab6c25aabfd,0.14,false,false,near_mint,en,EUR,2026-05-08T10:13:36.514Z
Loxodon Battle Priest,TDM,Tarkir: Dragonstorm,15,normal,uncommon,1,104861,a527cdb0-f54a-4b53-83a0-6b3e8cafa45e,0.05,false,false,near_mint,en,EUR,2025-04-20T23:27:12.695Z
Lumengrid Gargoyle,MBS,Mirrodin Besieged,112,normal,uncommon,1,20029,45350c4b-def2-4b93-ab66-9f32bd426cff,0.13,false,false,near_mint,es,EUR,2025-04-20T23:27:12.695Z
Luminollusk,ECL,Lorwyn Eclipsed,179,normal,uncommon,1,110729,3d591e66-4bf9-47e7-bcef-57769ec3edc6,0.05,false,false,near_mint,en,EUR,2026-01-25T20:47:46.736Z
"Madame Web, Clairvoyant",SPM,Marvel's Spider-Man,36,normal,uncommon,1,108558,a16ca3fc-3cdf-4333-93e0-524afafe367b,0.1,false,false,near_mint,en,EUR,2025-09-30T23:51:40.191Z
Magitek Armor,FIN,Final Fantasy,24,normal,uncommon,1,106432,59c4a1a2-623c-43b2-8005-ecb5c6436c10,0.07,false,false,near_mint,en,EUR,2025-06-18T14:09:45.764Z
Magma Vein,ODY,Odyssey,203,normal,uncommon,1,31974,69ed2b52-2862-423c-8ce3-6c8232d9d92c,0.11,false,false,near_mint,en,EUR,2025-06-16T17:24:56.249Z
Magnetic Snuffler,MKM,Murders at Karlov Manor,254,normal,uncommon,1,90958,70476534-2fc7-4872-a009-3380dd5ce2ab,0.13,false,false,near_mint,en,EUR,2025-04-20T23:27:12.695Z
Make a Stand,M19,Core Set 2019,26,normal,uncommon,1,1286,4a0857fa-f2cc-4c01-9fe5-8f74d08d1b29,0.25,false,false,near_mint,es,EUR,2025-04-20T23:27:12.695Z
Make Your Own Luck,OTJ,Outlaws of Thunder Junction,218,normal,uncommon,1,93032,0557b0a3-2b48-408f-a508-9f4da2ab1cd1,0.13,false,false,near_mint,en,EUR,2025-10-27T10:57:33.331Z
Marauding Sphinx,OTJ,Outlaws of Thunder Junction,56,normal,uncommon,1,93116,34071884-c5b6-42c0-9eb3-9f32910c29d8,0.07,false,false,near_mint,en,EUR,2025-10-27T10:57:33.331Z
Mardu Monument,TDM,Tarkir: Dragonstorm,245,normal,uncommon,1,104328,9bd0c794-77bc-4d4a-a769-3829e2ce4bdf,0.04,false,false,near_mint,en,EUR,2025-04-20T23:27:12.695Z
Marrow Bats,C13,Commander 2013,82,normal,uncommon,2,15304,a469e9a9-2498-4651-89fb-a86729d8c978,0.05,false,false,near_mint,es,EUR,2025-04-20T23:27:12.695Z
Marrow Shards,NPH,New Phyrexia,15,normal,uncommon,1,19870,53ca60ee-e54b-4a28-b6a6-7bf3503c35b4,0.28,false,false,near_mint,es,EUR,2025-04-20T23:27:12.695Z
Master Piandao,TLA,Avatar: The Last Airbender,28,normal,uncommon,1,108191,3e4a042c-f2a6-45e7-9444-acd1ca838b87,0.13,false,false,near_mint,en,EUR,2025-11-26T15:34:18.488Z
Matterbending Mage,SOS,Secrets of Strixhaven,59,normal,uncommon,1,112606,460c6afd-cddf-4fea-925f-b27517ff250a,0.13,false,false,near_mint,en,EUR,2026-07-20T10:08:18.032Z
"Mauhúr, Uruk-hai Captain",LTR,The Lord of the Rings: Tales of Middle-earth,214,normal,uncommon,1,83145,65e9a757-7ed4-4cc0-bb6f-a59fa69b32a5,0.11,false,false,near_mint,es,EUR,2025-04-20T23:27:12.695Z
Mayhem Devil,EOC,Edge of Eternities Commander,121,normal,uncommon,1,107049,674f3a8a-4552-4289-b92a-06ce158f115c,0.27,false,false,near_mint,en,EUR,2025-08-06T14:50:32.528Z
Meanders Guide,ECL,Lorwyn Eclipsed,25,normal,uncommon,1,110787,8c41a0ad-138e-4eef-8f7f-35017e3b086f,0.08,false,false,near_mint,en,EUR,2026-01-25T20:47:46.765Z
Mechan Assembler,EOE,Edge of Eternities,63,normal,uncommon,1,107416,3fd46726-095e-4eb2-a804-eeeb988eee1d,0.2,false,false,near_mint,en,EUR,2025-08-02T12:05:52.876Z
Mechan Navigator,EOE,Edge of Eternities,64,normal,uncommon,1,107507,a1fe1d39-42c8-41d0-8bf0-46973e4b07d4,0.17,false,false,near_mint,en,EUR,2025-08-02T12:05:52.876Z
Meltstrider Eulogist,EOE,Edge of Eternities,197,normal,uncommon,1,107563,df61aa0c-effc-4d57-be19-876a82c41d33,0.16,false,false,near_mint,en,EUR,2025-08-01T19:16:32.510Z
Meltstrider's Resolve,EOE,Edge of Eternities,199,normal,uncommon,1,107596,53c08af4-b975-4d9d-baba-73e6727f2778,0.17,false,false,near_mint,en,EUR,2025-08-01T19:16:32.510Z
Memorial Team Leader,EOE,Edge of Eternities,144,normal,uncommon,1,107413,3ddc240a-62df-4773-98d7-48a9adaf1846,0.14,false,false,near_mint,en,EUR,2025-08-02T12:05:52.876Z
Memory Guardian,DFT,Aetherdrift,49,normal,uncommon,2,103524,6b199ce2-0ea0-47e5-a36c-36373be53fec,0.4,false,false,near_mint,en,EUR,2025-04-20T23:27:12.695Z
Meriadoc Brandybuck,LTR,The Lord of the Rings: Tales of Middle-earth,177,normal,uncommon,1,83266,885a3277-ef10-4dcf-ac63-eb8971cd627c,0.08,false,false,near_mint,es,EUR,2025-04-20T23:27:12.695Z
Metalhead,TMT,Teenage Mutant Ninja Turtles,44,normal,uncommon,1,111563,3c2d8b09-8694-45ab-be01-f8dc17378cf0,0.09,false,false,near_mint,en,EUR,2026-03-06T23:49:55.733Z
Meteor Golem,M20,Core Set 2020,232,normal,uncommon,1,45228,b748341f-557c-4b6a-a36c-c08c9cc05b90,0.1,false,false,near_mint,es,EUR,2025-04-20T23:27:12.695Z
"Mica, Reader of Ruins",SOS,Secrets of Strixhaven,124,normal,uncommon,2,112369,949ad3ff-9e80-493c-a3ae-146b919bfcd7,0.1,false,false,near_mint,es,EUR,2026-04-19T19:45:43.730Z
"Michelangelo, Mutant BFF",TMT,Teenage Mutant Ninja Turtles,120,normal,uncommon,2,111436,02f7281f-b50c-4a1c-a2fc-3caeb6ab7d41,0.13,false,false,near_mint,en,EUR,2026-03-06T23:49:55.732Z
Micromancer,DMU,Dominaria United,57,normal,uncommon,1,71700,b21203c8-a935-4ce0-a742-148587e32145,0.04,false,false,near_mint,es,EUR,2025-04-20T23:27:12.695Z
Micromancer,FDN,Foundations,158,normal,uncommon,1,101274,e6af54ea-b57a-4e50-8e46-1747cca14430,0.05,false,false,near_mint,en,EUR,2025-04-20T23:27:12.695Z
Midnight Snack,FDN,Foundations,65,normal,uncommon,1,101129,c9b7543f-2a45-4db6-b560-d15507a58c91,0.18,false,false,near_mint,es,EUR,2025-04-20T23:27:12.695Z
Mild-Mannered Librarian,FDN,Foundations,228,normal,uncommon,1,100515,5389663a-fe25-41b9-8c92-1f4d7721ffc2,0.04,false,false,near_mint,en,EUR,2025-04-20T23:27:12.695Z
Mind Control,M11,Magic 2011,67,normal,uncommon,1,21322,496f79d6-33ee-4e31-9601-2722b0bc9141,0.2,false,false,near_mint,en,EUR,2025-04-20T23:27:12.695Z
Mind Stone,BLC,Bloomburrow Commander,280,normal,uncommon,1,96305,5cf95476-27ed-487d-8459-c97a921bb808,0.16,false,false,near_mint,en,EUR,2025-11-06T20:40:57.429Z
Mindsparker,FDN,Foundations,628,normal,uncommon,1,100469,4c8b3e58-be07-451e-a5c7-61c70cc3a5a2,0.29,false,false,near_mint,es,EUR,2025-04-20T23:27:12.695Z
Mischievous Mystic,FDN,Foundations,47,normal,uncommon,1,100242,20d89cec-528b-4b2a-87db-e11ce0000622,0.24,false,false,near_mint,en,EUR,2025-04-20T23:27:12.695Z
Mischievous Mystic,FDN,Foundations,47,normal,uncommon,2,100242,20d89cec-528b-4b2a-87db-e11ce0000622,0.24,false,false,near_mint,es,EUR,2025-04-20T23:27:12.695Z
Mischievous Pup,FDN,Foundations,144,normal,uncommon,1,100670,7214d984-6400-44d7-bde6-57d96b606e78,0.08,false,false,near_mint,en,EUR,2025-04-20T23:27:12.695Z
Mold Adder,M10,Magic 2010,194,normal,uncommon,1,23159,a216a729-6283-4c2b-90fe-ec8f3b9c570f,0.17,false,false,near_mint,es,EUR,2025-04-20T23:27:12.695Z
Molecular Modifier,EOE,Edge of Eternities,146,normal,uncommon,1,107739,7b80b9c9-a871-4c04-b8be-feb81a900591,0.08,false,false,near_mint,en,EUR,2025-08-02T12:05:52.876Z
Monoist Sentry,EOE,Edge of Eternities,111,normal,uncommon,1,107753,acc503e2-5c3a-4200-beb0-7d193d6c869e,0.24,false,false,near_mint,en,EUR,2025-08-01T19:16:32.510Z
Monstrous Rage,SOA,Secrets of Strixhaven Mystical Archive,45,normal,uncommon,1,112439,4b2e000b-a147-443b-9138-9ff2d16c0422,0.35,false,false,near_mint,es,EUR,2026-04-19T19:45:43.794Z
Moon-Vigil Adherents,ECL,Lorwyn Eclipsed,184,normal,uncommon,1,110756,60621c37-62e1-4261-ae76-3946b4a0cfa3,0.07,false,false,near_mint,en,EUR,2026-01-25T20:47:46.687Z
Moonlit Lamenter,ECL,Lorwyn Eclipsed,26,normal,uncommon,1,110871,fb8fc509-cff6-470f-abf6-b07f6c3f94e1,0.04,false,false,near_mint,en,EUR,2026-01-25T20:47:46.721Z
Morcant's Eyes,ECL,Lorwyn Eclipsed,185,normal,uncommon,1,110585,a730b254-ff7c-4f89-a559-b44ad7fd6c6c,0.02,false,false,near_mint,en,EUR,2026-01-25T20:47:46.689Z
Morcant's Loyalist,ECL,Lorwyn Eclipsed,236,normal,uncommon,1,110693,175c6b1c-8790-41a2-ae15-5031206c410f,0.23,false,false,near_mint,en,EUR,2026-01-25T20:47:46.796Z
Mortify,PLST,The List,C18-186,normal,uncommon,1,47897,8d29e7a2-bcb3-41d0-b467-2a6263bf5223,0.37,false,false,near_mint,es,EUR,2025-04-20T23:27:12.695Z
Mountain Valley,EOC,Edge of Eternities Commander,61,normal,uncommon,1,106989,3094800e-9994-47c3-9ebc-536bf5de13cd,0.17,false,false,near_mint,en,EUR,2025-08-06T14:50:32.528Z
Mouth of the Storm,EOE,Edge of Eternities,70,normal,uncommon,2,106997,380f16d6-ad43-4e0d-9645-6abde6248182,0.08,false,false,near_mint,en,EUR,2025-08-01T19:16:32.510Z
Myriad Landscape,EOC,Edge of Eternities Commander,169,normal,uncommon,1,107112,a0e2098f-1d94-491a-a7e9-a45a9f69e3a8,0.15,false,false,near_mint,en,EUR,2025-08-06T14:50:32.528Z
Mystic Monastery,BLC,Bloomburrow Commander,318,normal,uncommon,1,96459,c59b9295-1802-4452-ae8b-72adeb566c3a,0.21,false,false,near_mint,en,EUR,2025-11-06T20:40:57.429Z
Nameless Inversion,ECL,Lorwyn Eclipsed,113,normal,uncommon,1,110772,7a4944ac-839e-4aa1-8200-78cff36bb2ed,0.14,false,false,near_mint,en,EUR,2026-01-25T20:47:46.690Z
Nature's Lore,EOC,Edge of Eternities Commander,101,normal,uncommon,1,107027,5b42a79a-1f08-4e15-b40e-c993307ae066,1.95,false,false,near_mint,en,EUR,2025-08-06T14:50:32.528Z
Necropouncer,NPH,New Phyrexia,147,normal,uncommon,1,19738,4ed51dbc-bbec-4c78-a71e-26322a8d2439,0.19,false,false,near_mint,en,EUR,2025-04-20T23:27:12.695Z
Neighborhood Guardian,MKM,Murders at Karlov Manor,339,normal,uncommon,1,90656,0d12e748-e8d6-42d2-b501-c39cfcd6551d,0.14,false,false,near_mint,en,EUR,2025-04-20T23:27:12.695Z
Nephalia Smuggler,AVR,Avacyn Restored,69,normal,uncommon,1,18209,1a531b2f-2a9e-4cc9-aea6-9dce239f5511,0.13,false,false,near_mint,en,EUR,2025-04-20T23:27:12.695Z
Nessian Hornbeetle,FDN,Foundations,229,normal,uncommon,1,100395,3d4d93de-85c6-4653-8ddd-d8bf21516d44,0.08,false,false,near_mint,en,EUR,2025-04-20T23:27:12.695Z
Nesting Bot,DFT,Aetherdrift,22,normal,uncommon,1,103118,7829c0ae-f72f-4195-ad43-775d7218565c,0.21,false,false,near_mint,en,EUR,2025-04-20T23:27:12.695Z
Noggle Robber,ECL,Lorwyn Eclipsed,237,normal,uncommon,1,110671,0082ca96-10f3-4823-be16-117556b2afc3,0.09,false,false,near_mint,en,EUR,2026-07-20T10:08:18.046Z
North Pole Patrol,TLA,Avatar: The Last Airbender,65,normal,uncommon,1,109536,c2c0c138-5b61-4949-8431-4a6d458ead6a,0.12,false,false,near_mint,en,EUR,2025-11-26T15:34:18.488Z
Novel Nunchaku,TMT,Teenage Mutant Ninja Turtles,127,normal,uncommon,1,111540,f37ef012-c566-4d16-acf8-6079244907be,0.02,false,false,near_mint,en,EUR,2026-03-06T23:49:55.791Z
Noxious Revival,NPH,New Phyrexia,118,normal,uncommon,1,19767,1bdd1243-1d14-496a-9b7a-0c5b34461361,3.54,false,false,near_mint,es,EUR,2025-04-20T23:27:12.695Z
Obliterating Bolt,BRO,The Brothers' War,145,normal,uncommon,1,75585,7f886411-8216-4fb7-9172-a408c39043ee,0.19,false,false,near_mint,es,EUR,2025-04-20T23:27:12.695Z
Oblivion Ring,M12,Magic 2012,27,normal,uncommon,1,19240,9efc5a2a-eb76-410d-98e6-1455108faa52,0.21,false,false,near_mint,en,EUR,2025-04-20T23:27:12.695Z
Old-Growth Educator,SOS,Secrets of Strixhaven,207,normal,uncommon,1,111761,eb7e858a-9b85-49b2-a379-ee656b64935a,0.14,false,false,near_mint,es,EUR,2026-04-19T19:45:43.744Z
Omni-Changeling,ECL,Lorwyn Eclipsed,62,normal,uncommon,1,110660,f29ce8f9-42a3-43fa-8197-666cc26e2c76,0.12,false,false,near_mint,en,EUR,2026-01-25T20:47:46.766Z
Ordeal of Nylea,THS,Theros,170,normal,uncommon,1,15494,e5c48950-c246-47ad-94e1-bf42a62c2fe7,0.11,false,false,near_mint,es,EUR,2025-04-20T23:27:12.695Z
Outpace Oblivion,DFT,Aetherdrift,139,normal,uncommon,1,103619,c22e415f-636f-4394-9b21-600ab720ac98,0.09,false,false,near_mint,en,EUR,2025-04-20T23:27:12.695Z
Overrun,FDN,Foundations,230,normal,uncommon,2,100220,1d8e9cbb-8bf4-4a48-a58e-79deb3abdf7f,0.12,false,false,near_mint,en,EUR,2025-04-20T23:27:12.695Z
Overrun,PLST,The List,CMA-130,normal,uncommon,1,48067,cea507a6-1c98-4f96-b718-9fdde63f1e55,0.31,false,false,near_mint,es,EUR,2025-04-20T23:27:12.695Z
Overwhelming Surge,TDM,Tarkir: Dragonstorm,115,normal,uncommon,1,105163,bd7af85f-354e-468a-990b-bd774e68240f,0.02,false,false,near_mint,en,EUR,2025-04-20T23:27:12.695Z
Pacesetter Paragon,DFT,Aetherdrift,140,normal,uncommon,1,103103,7364b4dc-8cce-498d-a62e-eabc612b062a,0.04,false,false,near_mint,en,EUR,2025-04-20T23:27:12.695Z
Paradox Surveyor,SOS,Secrets of Strixhaven,208,normal,uncommon,1,112394,d7cb1af2-0302-46ff-8303-ae9d07541a01,0.04,false,false,near_mint,en,EUR,2026-05-08T10:13:36.428Z
Path to Exile,BLC,Bloomburrow Commander,147,normal,uncommon,1,96413,a5b070f2-f2f2-4ccd-9a4b-d19ea01b2298,1.0,false,false,near_mint,en,EUR,2025-11-06T20:40:57.429Z
Pelakka Wurm,PLST,The List,MM2-154,normal,uncommon,1,48064,3137e404-2378-4825-9e09-4eac140265a7,0.11,false,false,near_mint,es,EUR,2025-04-20T23:27:12.695Z
Pelakka Wurm,ROE,Rise of the Eldrazi,204,normal,uncommon,1,21763,8e732593-0bdc-4dd4-9b07-9aa1a780e6e8,0.09,false,false,near_mint,en,EUR,2025-04-20T23:27:12.695Z
Peregrin Took,LTR,The Lord of the Rings: Tales of Middle-earth,181,normal,uncommon,1,83648,f5baee8d-88e7-4468-94a9-66ca8e2caf15,0.19,false,false,near_mint,es,EUR,2025-04-20T23:27:12.695Z
Peregrin Took,LTR,The Lord of the Rings: Tales of Middle-earth,315,normal,uncommon,1,83673,fbbdd288-83ec-4be9-b55f-17771fd5ecc4,0.17,false,false,near_mint,en,EUR,2026-04-19T14:28:02.867Z
Perforating Artist,FDN,Foundations,124,normal,uncommon,1,100674,72980409-53f0-43c1-965e-06f22e7bb608,0.13,false,false,near_mint,es,EUR,2025-04-20T23:27:12.695Z
Perforating Artist,FDN,Foundations,124,normal,uncommon,1,100674,72980409-53f0-43c1-965e-06f22e7bb608,0.13,false,false,near_mint,en,EUR,2025-04-20T23:27:12.695Z
Pestbrood Sloth,SOS,Secrets of Strixhaven,157,normal,uncommon,1,112680,c1251ae6-2f19-4f84-ab02-6a6cc7ce6056,0.07,false,false,near_mint,en,EUR,2026-05-08T10:13:36.546Z
Pestered Wellguard,ECL,Lorwyn Eclipsed,63,normal,uncommon,1,110732,3e06c99e-ecb2-42e9-ac58-2542de8d54a5,0.12,false,false,near_mint,en,EUR,2026-01-25T20:47:46.795Z
Phoenix Down,FIN,Final Fantasy,29,normal,uncommon,1,105961,62e299b0-9ef6-49d3-aa79-384325fed89e,0.09,false,false,near_mint,en,EUR,2025-06-18T14:09:45.764Z
Pictures of Spider-Man,SPM,Marvel's Spider-Man,109,normal,uncommon,1,108470,e1ec41d4-0180-42f7-9c54-f3c39b4ffb8d,0.09,false,false,near_mint,en,EUR,2025-09-30T23:51:40.191Z
Pigment Wrangler // Striking Palette,SOS,Secrets of Strixhaven,126,normal,uncommon,1,112683,c2faf4cf-c4b6-4721-ac06-0e045dd9704a,0.2,false,false,near_mint,es,EUR,2026-04-19T19:45:43.800Z
"Pizza Face, Gastromancer",TMT,Teenage Mutant Ninja Turtles,163,normal,uncommon,1,111594,b03cf0bb-3207-4e8e-bb3f-e3e4367aa86e,0.13,false,false,near_mint,en,EUR,2026-03-06T23:49:55.850Z
Plow Through,DFT,Aetherdrift,174,normal,uncommon,1,103593,a311d4b3-ab2a-43c2-8480-6c5daac41178,0.03,false,false,near_mint,en,EUR,2025-04-20T23:27:12.695Z
Plumecreed Escort,BLB,Bloomburrow,65,normal,uncommon,1,95983,f71320ed-2f30-49ce-bcb0-19aebba3f0e8,0.15,false,false,near_mint,en,EUR,2025-11-06T20:40:57.429Z
Point the Way,DFT,Aetherdrift,175,normal,uncommon,1,103573,8fd4c73d-0e9a-4ffe-8062-f2f4d0e601fe,0.09,false,false,near_mint,en,EUR,2025-04-20T23:27:12.695Z
Polygraph Orb,MKM,Murders at Karlov Manor,99,normal,uncommon,1,91101,a6cc4c6f-4a84-4d42-89fa-7405f7ad6ba0,0.04,false,false,near_mint,en,EUR,2025-04-20T23:27:12.695Z
Pompous Gadabout,MKM,Murders at Karlov Manor,171,foil,uncommon,1,90946,6d803b93-c1df-4a02-9dbb-d347c841d4d7,0.07,false,false,near_mint,en,EUR,2025-04-20T23:27:12.695Z
Practiced Scrollsmith,SOS,Secrets of Strixhaven,210,normal,uncommon,1,112289,40075e3f-58b3-47fd-8fbe-4b301e9ce7a1,0.02,false,false,near_mint,en,EUR,2026-05-08T10:13:36.544Z
Pride of the Road,DFT,Aetherdrift,24,normal,uncommon,1,103484,4172222f-d871-4354-9a02-7af0001d8956,0.1,false,false,near_mint,en,EUR,2025-04-20T23:27:12.695Z
Prismabasher,ECL,Lorwyn Eclipsed,188,normal,uncommon,1,110761,65c057a7-70af-4464-bd8d-1e7e158d1ae7,0.05,false,false,near_mint,en,EUR,2026-07-20T10:08:18.049Z
Prismari Charm,SOS,Secrets of Strixhaven,211,normal,uncommon,2,111723,8f6c2a5e-fe13-407c-aadd-c9caf2884ff1,0.29,false,false,near_mint,es,EUR,2026-04-19T19:45:43.797Z
Prismari Charm,SOS,Secrets of Strixhaven,211,normal,uncommon,1,111723,8f6c2a5e-fe13-407c-aadd-c9caf2884ff1,0.3,false,false,near_mint,en,EUR,2026-05-08T10:13:36.458Z
Prismari Charm,SOS,Secrets of Strixhaven,364,normal,uncommon,1,111754,dad9d807-316a-4707-949c-9b826b971a83,0.2,false,false,near_mint,en,EUR,2026-05-17T22:24:02.946Z
Protective Response,ECL,Lorwyn Eclipsed,29,normal,uncommon,1,110688,113975e1-7712-4760-96ad-405f8b4e41e3,0.09,false,false,near_mint,en,EUR,2026-01-25T20:47:46.691Z
"Prowler, Clawed Thief",SPM,Marvel's Spider-Man,138,normal,uncommon,2,108462,bd31953a-7259-44e3-a94f-013bda68006d,0.11,false,false,near_mint,en,EUR,2025-09-30T23:51:40.191Z
Pull Through the Weft,EOE,Edge of Eternities,202,normal,uncommon,1,107601,a70d0877-1a1e-436b-bf8c-0ff6df9efc6a,0.18,false,false,near_mint,en,EUR,2025-08-02T12:05:52.876Z
Push the Limit,DFT,Aetherdrift,143,normal,uncommon,1,103443,21de84a2-2654-4e1a-a569-bf385bb43685,0.08,false,false,near_mint,en,EUR,2025-04-20T23:27:12.695Z
Putrefy,EOC,Edge of Eternities Commander,124,normal,uncommon,1,106969,1e355b88-a73d-430b-95eb-8ba646f2e406,0.1,false,false,near_mint,en,EUR,2025-08-06T14:50:32.528Z
Pym Particles,MSH,Marvel Super Heroes,70,normal,uncommon,1,113418,928dfa54-1ead-4eff-a538-36cb94f05b78,0.16,false,false,near_mint,es,EUR,2026-06-20T00:03:25.264Z
Quakestrider Ceratops,FDN,Foundations,110,normal,uncommon,1,100120,067f72c2-ead6-4879-bc9d-696c9f87c0b2,0.15,false,false,near_mint,en,EUR,2025-04-20T23:27:12.695Z
Quakestrider Ceratops,FDN,Foundations,110,normal,uncommon,1,100120,067f72c2-ead6-4879-bc9d-696c9f87c0b2,0.15,false,false,near_mint,es,EUR,2025-04-20T23:27:12.695Z
Quaketusk Boar,BLB,Bloomburrow,146,normal,uncommon,2,95869,2f2b7fd3-a139-49ea-8a89-b64261e868ef,0.04,false,false,near_mint,es,EUR,2025-04-20T23:27:12.695Z
Quandrix Charm,SOS,Secrets of Strixhaven,217,normal,uncommon,1,111696,318486e0-f255-40f5-8150-dc272eec9d7d,0.17,false,false,near_mint,en,EUR,2026-04-19T19:45:43.823Z
Queen Brahne,FIN,Final Fantasy,149,normal,uncommon,1,106414,c38c98bb-74c9-460f-9997-ea5c5f922347,0.06,false,false,near_mint,en,EUR,2025-06-18T14:09:45.764Z
Quill-Blade Laureate // Twofold Intent,SOS,Secrets of Strixhaven,27,normal,uncommon,1,112450,62a47835-5719-48c4-a740-a0c5f00dce11,0.2,false,false,near_mint,es,EUR,2026-04-19T19:45:43.781Z
Quill-Blade Laureate // Twofold Intent,SOS,Secrets of Strixhaven,27,normal,uncommon,1,112450,62a47835-5719-48c4-a740-a0c5f00dce11,0.05,false,false,near_mint,en,EUR,2026-05-08T10:13:36.471Z
Quintessential Katana,TMT,Teenage Mutant Ninja Turtles,23,normal,uncommon,1,111538,ef9e227e-c581-479c-a962-2f191352b07f,0.03,false,false,near_mint,en,EUR,2026-03-06T23:49:55.821Z
Quistis Trepe,FIN,Final Fantasy,66,normal,uncommon,1,106279,61784cbd-92e9-43c7-a1a8-4004b1bf4dae,0.03,false,false,near_mint,en,EUR,2025-06-18T14:09:45.764Z
Rabid Attack,SOS,Secrets of Strixhaven,96,normal,uncommon,1,112714,f5e67560-3135-4b27-a344-5859edf8bcd9,0.12,false,false,near_mint,en,EUR,2026-05-08T10:13:36.528Z
Rabid Gnaw,BLB,Bloomburrow,147,normal,uncommon,2,96014,2f815bae-820a-49f6-8eed-46f658e7b6ff,0.09,false,false,near_mint,es,EUR,2025-04-20T23:27:12.695Z
Rage Extractor,NPH,New Phyrexia,91,normal,uncommon,2,19794,d8cebc2c-a46b-4459-b62b-7fce1a744b11,0.09,false,false,near_mint,es,EUR,2025-04-20T23:27:12.695Z
Rakdos Charm,EOC,Edge of Eternities Commander,125,normal,uncommon,1,107041,64b67170-1602-4050-80c0-ade2a6cac211,0.49,false,false,near_mint,en,EUR,2025-08-06T14:50:32.528Z
Rakish Crew,OTJ,Outlaws of Thunder Junction,99,normal,uncommon,1,93215,70f64358-58db-40ab-90e8-6137c3bd0a29,0.09,false,false,near_mint,en,EUR,2025-10-27T10:57:33.331Z
Rally the Monastery,TDM,Tarkir: Dragonstorm,19,normal,uncommon,1,104136,b56e0037-8143-4c13-83e1-0c3f44e685ea,0.15,false,false,near_mint,en,EUR,2025-04-20T23:27:12.695Z
Rangers' Aetherhive,DFT,Aetherdrift,217,normal,uncommon,1,102937,1b238d2c-d10f-496d-aa34-5a1536e056b5,0.03,false,false,near_mint,en,EUR,2025-04-20T23:27:12.695Z
Rangers' Refueler,DFT,Aetherdrift,55,normal,uncommon,2,103086,67d2d713-8acb-4e3d-bd1d-0416fe9b9ef6,0.05,false,false,near_mint,en,EUR,2025-04-20T23:27:12.695Z
Rapid Hybridization,BLC,Bloomburrow Commander,111,normal,uncommon,1,96200,213bdaac-8044-4af3-b568-2859e3087082,1.53,false,false,near_mint,en,EUR,2025-11-06T20:40:57.429Z
Rapturous Moment,SOS,Secrets of Strixhaven,219,normal,uncommon,1,112285,21afe19d-881a-48cb-863e-22942bea5ebe,0.15,false,false,near_mint,es,EUR,2026-04-19T19:45:43.810Z
Ravenous Amulet,FDN,Foundations,131,normal,uncommon,1,100744,80cadee5-6f26-4440-ad31-a8e573a90436,0.13,false,false,near_mint,es,EUR,2025-04-20T23:27:12.695Z
Ravenous Amulet,FDN,Foundations,131,normal,uncommon,2,100744,80cadee5-6f26-4440-ad31-a8e573a90436,0.13,false,false,near_mint,en,EUR,2025-04-20T23:27:12.695Z
Ravenous Giant,MH1,Modern Horizons,143,normal,uncommon,1,44791,52337d8d-e0ee-4229-848d-9bbd989e15b7,0.09,false,false,near_mint,es,EUR,2025-04-20T23:27:12.695Z
"Ray Fillet, Man Ray",TMT,Teenage Mutant Ninja Turtles,49,normal,uncommon,1,111438,14e0892c-a556-43c3-974f-6be44188da2e,0.02,false,false,near_mint,en,EUR,2026-03-06T23:49:55.746Z
Rayblade Trooper,EOE,Edge of Eternities,30,normal,uncommon,3,107535,c08c7bf9-a2ed-45c6-8b48-15122d9d9e37,0.18,false,false,near_mint,en,EUR,2025-08-01T19:16:32.510Z
Reach the Horizon,FIN,Final Fantasy,195,normal,uncommon,1,106644,c25960e0-5779-4e20-89f3-03950ad9d91c,0.06,false,false,near_mint,en,EUR,2025-06-18T14:09:45.764Z
Reckless Velocitaur,DFT,Aetherdrift,144,normal,uncommon,2,103570,8edd18be-3861-4510-ba6d-38ccba60bb5b,0.08,false,false,near_mint,en,EUR,2025-04-20T23:27:12.695Z
Reclamation Sage,FDN,Foundations,231,normal,uncommon,1,100197,1918ea65-ab7f-4d40-97fd-a656c892a2a1,0.1,false,false,near_mint,es,EUR,2025-04-20T23:27:12.695Z
Recruitment Officer,BRO,The Brothers' War,23,normal,uncommon,2,75754,c226656b-68d5-4df2-b313-a323a728c520,0.12,false,false,near_mint,es,EUR,2025-04-20T23:27:12.695Z
Red Dragon,AFR,Adventures in the Forgotten Realms,160,normal,uncommon,3,60306,7cf57369-b8e2-481c-89d4-c83c617499a3,0.13,false,false,near_mint,es,EUR,2025-04-20T23:27:12.695Z
Redrock Sentinel,OTJ,Outlaws of Thunder Junction,247,normal,uncommon,1,93256,8eb98381-8418-4dfd-b7d1-4353570e611b,0.09,false,false,near_mint,en,EUR,2025-10-27T10:57:33.331Z
Release the Dogs,FDN,Foundations,580,normal,uncommon,1,100125,07f10906-4fd5-44e8-99c7-3f9dcc988c48,0.2,false,false,near_mint,es,EUR,2025-04-20T23:27:12.695Z
Remnant Elemental,EOE,Edge of Eternities,155,normal,uncommon,1,107475,830d5532-3b24-470e-912f-f0f5df1cb530,0.08,false,false,near_mint,en,EUR,2025-08-01T19:16:32.510Z
Reno and Rude,FIN,Final Fantasy,113,normal,uncommon,1,106358,b5eb0064-c7c4-4e3e-add2-b86269de3fb9,0.02,false,false,near_mint,en,EUR,2025-06-18T14:09:45.764Z
Repel Calamity,BLB,Bloomburrow,27,normal,uncommon,2,95834,d068192a-6270-4981-819d-4945fa4a2b83,0.14,false,false,near_mint,es,EUR,2025-04-20T23:27:12.695Z
Repulse,OTP,Breaking News,13,normal,uncommon,1,93246,88941ed3-1cae-47ce-8ccb-938c5d0e767f,0.05,false,false,near_mint,en,EUR,2025-10-27T10:57:33.331Z
Repulsive Mutation,MKM,Murders at Karlov Manor,227,foil,uncommon,1,90964,71701c28-f113-4d38-8fd3-a19cd9749661,0.35,false,false,near_mint,en,EUR,2025-04-20T23:27:12.695Z
Requiting Hex,ECL,Lorwyn Eclipsed,116,normal,uncommon,1,110659,f21b0fb7-91b6-403f-a81a-562665961276,0.95,false,false,near_mint,en,EUR,2026-01-25T20:47:46.778Z
Rescue Skiff,EOE,Edge of Eternities,32,normal,uncommon,1,107459,6fe86bfb-c67d-4df9-88c9-f083091f4cda,0.15,false,false,near_mint,en,EUR,2025-08-02T12:05:52.876Z
Resolute Reinforcements,FDN,Foundations,145,normal,uncommon,1,100841,940f3989-77cc-49a9-92e0-095a75d80f0f,0.11,false,false,near_mint,en,EUR,2025-04-20T23:27:12.695Z
Resolute Reinforcements,FDN,Foundations,145,normal,uncommon,1,100841,940f3989-77cc-49a9-92e0-095a75d80f0f,0.11,false,false,near_mint,es,EUR,2025-04-20T23:27:12.695Z
Retched Wretch,ECL,Lorwyn Eclipsed,117,normal,uncommon,1,110838,c7a4d7f1-976a-4a28-97a9-ff089a241c9d,0.05,false,false,near_mint,en,EUR,2026-01-25T20:47:46.735Z
Return the Favor,SOA,Secrets of Strixhaven Mystical Archive,47,normal,uncommon,1,112535,e968efff-635b-4780-9bbe-099e75a1841b,0.02,false,false,near_mint,en,EUR,2026-05-08T10:13:36.526Z
Revenge of the Rats,FDN,Foundations,67,normal,uncommon,1,100232,1f463c55-39a0-4f2f-aae3-0c5540bde5b7,0.18,false,false,near_mint,en,EUR,2025-04-20T23:27:12.695Z
"Rhino, Barreling Brute",SPM,Marvel's Spider-Man,140,normal,uncommon,1,108440,4b8ac400-1e98-49fc-94be-00386d15f2ae,0.09,false,false,near_mint,en,EUR,2025-09-30T23:51:40.191Z
Ride the Shoopuf,FIN,Final Fantasy,197,normal,uncommon,1,106518,19ad36d6-8bf4-490c-9980-b98a470af892,0.1,false,false,near_mint,en,EUR,2025-06-18T14:09:45.764Z
Rime Chill,ECL,Lorwyn Eclipsed,64,normal,uncommon,1,110811,a9a425f4-2103-4f96-88a0-91fe554037d7,0.07,false,false,near_mint,en,EUR,2026-01-25T20:47:46.779Z
Rimekin Recluse,ECL,Lorwyn Eclipsed,66,normal,uncommon,1,110827,ba6b5368-3262-4002-bf1e-fce62f7f7901,0.09,false,false,near_mint,en,EUR,2026-01-25T20:47:46.675Z
Rise from the Wreck,DFT,Aetherdrift,178,normal,uncommon,1,103486,43e6ac32-a7a4-4c15-81b0-8485d6a0e7ca,0.04,false,false,near_mint,en,EUR,2025-04-20T23:27:12.695Z
Roadside Blowout,DFT,Aetherdrift,58,normal,uncommon,1,103289,d6153a76-56f7-46ee-bba5-b62c0143388a,0.06,false,false,near_mint,en,EUR,2025-04-20T23:27:12.695Z
Robotics Mastery,SPM,Marvel's Spider-Man,41,normal,uncommon,1,108578,d0e92939-6d86-44b4-8a43-1963e97a2bb3,0.05,false,false,near_mint,en,EUR,2025-09-30T23:51:40.191Z
Rocketeer Boostbuggy,DFT,Aetherdrift,220,normal,uncommon,2,103030,4c80c91e-dd3d-4c7b-89e4-bfb253eeaee2,0.07,false,false,near_mint,en,EUR,2025-04-20T23:27:12.695Z
Rocky Tar Pit,EOC,Edge of Eternities Commander,173,normal,uncommon,1,106981,2aa1f7c6-f888-4384-9626-f106571e164c,0.2,false,false,near_mint,en,EUR,2025-08-06T14:50:32.528Z
Rogue's Passage,PLST,The List,C17-272,normal,uncommon,1,47670,bd7c49d3-a0c7-4df3-b732-53e4f562c201,0.2,false,false,near_mint,es,EUR,2025-04-20T23:27:12.695Z
Roiling Dragonstorm,TDM,Tarkir: Dragonstorm,55,normal,uncommon,1,104280,455f4c96-684b-4b14-bd21-6799da2e1fa7,0.11,false,false,near_mint,en,EUR,2025-04-20T23:27:12.695Z
Roiling Regrowth,EOC,Edge of Eternities Commander,105,normal,uncommon,1,106984,2c446dbb-b883-47e9-aab3-ac921ff218f8,0.26,false,false,near_mint,en,EUR,2025-08-06T14:50:32.528Z
Rope,MKM,Murders at Karlov Manor,173,normal,uncommon,1,90931,6881946c-5036-4d9f-926f-932c9a592aff,0.07,false,false,near_mint,en,EUR,2025-04-20T23:27:12.695Z
Rosie Cotton of South Lane,LTR,The Lord of the Rings: Tales of Middle-earth,27,normal,uncommon,1,83198,75338f49-1f02-4333-87e4-5779ef14e688,0.12,false,false,near_mint,es,EUR,2025-04-20T23:27:12.695Z
Roving Actuator,EOE,Edge of Eternities,157,normal,uncommon,1,107375,1111173b-ea49-4de4-b5b0-07d768c626b9,0.06,false,false,near_mint,en,EUR,2025-08-01T19:16:32.510Z
Rowdy Research,BLC,Bloomburrow Commander,173,normal,uncommon,1,96205,22737b82-bb81-4e4d-8ce7-7f06c5692d9b,0.15,false,false,near_mint,en,EUR,2025-11-06T20:40:57.429Z
Royal Treatment,SOA,Secrets of Strixhaven Mystical Archive,56,normal,uncommon,1,112412,009bad41-5e96-4bb3-9f5e-66500fb8af29,0.23,false,false,near_mint,es,EUR,2026-04-19T19:45:43.778Z
"Ruby, Daring Tracker",FDN,Foundations,245,normal,uncommon,1,101405,fe3e7dd2-b66d-4218-9fde-f84bec26b7bf,0.13,false,false,near_mint,es,EUR,2025-04-20T23:27:12.695Z
"Ruby, Daring Tracker",FDN,Foundations,245,normal,uncommon,1,101405,fe3e7dd2-b66d-4218-9fde-f84bec26b7bf,0.13,false,false,near_mint,en,EUR,2025-04-20T23:27:12.695Z
Rufus Shinra,FIN,Final Fantasy,238,normal,uncommon,1,106685,f5fff00b-c9a0-4e90-abc0-349f8716c885,0.11,false,false,near_mint,en,EUR,2025-06-18T14:09:45.764Z
Ruinous Rampage,EOE,Edge of Eternities,158,normal,uncommon,1,107299,91d7a4c2-1a4b-4e9f-b543-225b6906752f,0.17,false,false,near_mint,en,EUR,2025-08-01T19:16:32.510Z
Ruthless Lawbringer,OTJ,Outlaws of Thunder Junction,229,normal,uncommon,2,93266,927b5498-23f1-47c0-b441-7daaeb54f9b8,0.19,false,false,near_mint,en,EUR,2025-10-27T10:57:33.331Z
Sabotage Strategist,DFT,Aetherdrift,59,foil,uncommon,1,103627,c8bb15e2-e1ad-4645-aab0-df4a1a68563d,0.03,false,false,near_mint,en,EUR,2025-04-20T23:27:12.695Z
Sage of the Fang,TDM,Tarkir: Dragonstorm,155,normal,uncommon,1,105123,1ebf4a9d-d90c-4017-9f00-fca89899f301,0.06,false,false,near_mint,en,EUR,2025-04-20T23:27:12.695Z
"Sami, Ship's Engineer",EOE,Edge of Eternities,225,normal,uncommon,1,106764,75c38cc9-07de-46d4-8195-f04b2b7e0fee,0.1,false,false,near_mint,en,EUR,2025-08-01T19:16:32.510Z
Samurai's Katana,FIN,Final Fantasy,154,normal,uncommon,1,106267,11f1d378-c78c-402a-ac46-2d32598c23e7,0.06,false,false,near_mint,en,EUR,2025-06-18T14:09:45.764Z
Sandman's Quicksand,SPM,Marvel's Spider-Man,63,normal,uncommon,1,108570,b7795e17-6717-464c-9ae3-20da52ba005a,0.02,false,false,near_mint,en,EUR,2025-09-30T23:51:40.191Z
Sandsteppe Citadel,TDM,Tarkir: Dragonstorm,266,normal,uncommon,1,104603,47f47e7f-39ba-4807-8e32-7262a61dfbba,0.09,false,false,near_mint,en,EUR,2025-04-20T23:27:12.695Z
Sandstorm Verge,OTJ,Outlaws of Thunder Junction,263,normal,uncommon,1,93128,3ab4e0a4-2faf-456b-99e3-ee06c008538c,0.07,false,false,near_mint,en,EUR,2025-10-27T10:57:33.331Z
Savage Ventmaw,FDN,Foundations,665,normal,uncommon,1,100489,50027d69-8bb0-444c-8e9b-4c9afd91cbda,0.47,false,false,near_mint,es,EUR,2025-04-20T23:27:12.695Z
Savannah Lions,FDN,Foundations,146,normal,uncommon,1,97184,9c9ac1bc-cdf3-4fa6-8319-a7ea164e9e47,0.04,false,false,near_mint,en,EUR,2025-04-20T23:27:12.695Z
Saved by the Shell,TMT,Teenage Mutant Ninja Turtles,132,normal,uncommon,1,111611,f6314c7f-41dc-4bbd-99db-3a8a1d2977b2,0.16,false,false,near_mint,en,EUR,2026-03-06T23:49:55.734Z
Sazh's Chocobo,FIN,Final Fantasy,200,normal,uncommon,1,103809,dda6b4d0-1b60-46b0-b321-b9ffe15afff4,0.36,false,false,near_mint,en,EUR,2025-06-18T14:09:45.764Z
Scalestorm Summoner,OTJ,Outlaws of Thunder Junction,144,normal,uncommon,1,93364,d603c00f-048a-4a05-9df9-52844819d523,0.08,false,false,near_mint,en,EUR,2025-10-27T10:57:33.331Z
Scene of the Crime,MKM,Murders at Karlov Manor,267,normal,uncommon,1,91247,de039992-631b-4feb-a522-acdb0a6d1f26,0.2,false,false,near_mint,en,EUR,2025-04-20T23:27:12.695Z
Sea Troll,HML,Homelands,39,normal,uncommon,1,39252,b7da23d4-f9fb-40a5-8395-51b47a064600,0.16,false,false,near_mint,en,EUR,2025-06-16T17:24:56.249Z
Seam Rip,EOE,Edge of Eternities,34,normal,uncommon,1,107750,9d298847-2d02-4593-b4d3-c5b722edac1e,0.93,false,false,near_mint,en,EUR,2025-08-02T12:05:52.876Z
Secluded Courtyard,FDN,Foundations,267,normal,uncommon,2,101161,d13373d2-139b-48c7-a8c9-828cefc4f150,0.27,false,false,near_mint,en,EUR,2025-04-20T23:27:12.695Z
Secret Identity,SPM,Marvel's Spider-Man,43,normal,uncommon,1,108632,37a31d84-e87b-406e-9249-fae1b5e23e72,0.11,false,false,near_mint,en,EUR,2025-09-30T23:51:40.191Z
Seedship Agrarian,EOE,Edge of Eternities,204,normal,uncommon,1,107706,2fc7946d-37b0-4dc8-9daa-8d2204d8e4d2,0.16,false,false,near_mint,en,EUR,2025-08-02T12:05:52.876Z
Seedship Impact,EOE,Edge of Eternities,205,normal,uncommon,1,107169,d060d95f-f33a-4fc0-b002-c394d4cd82ce,0.15,false,false,near_mint,en,EUR,2025-08-01T19:16:32.510Z
Seeker's Folly,FDN,Foundations,69,normal,uncommon,1,101067,bc359da6-8b7f-45ec-b530-ce159fc35953,0.03,false,false,near_mint,es,EUR,2025-04-20T23:27:12.695Z
Seeker's Folly,FDN,Foundations,69,normal,uncommon,1,101067,bc359da6-8b7f-45ec-b530-ce159fc35953,0.09,false,false,near_mint,en,EUR,2025-06-16T17:08:25.900Z
Seismic Rupture,DTK,Dragons of Tarkir,156,normal,uncommon,1,11658,9b952e4e-c1ed-4455-90d5-46b56478e6b0,0.07,false,false,near_mint,es,EUR,2025-04-20T23:27:12.695Z
Self-Reflection,FDN,Foundations,163,normal,uncommon,2,101247,e1e6abc9-25b2-4d51-b519-2525079eab51,0.06,false,false,near_mint,en,EUR,2025-04-20T23:27:12.695Z
Shared Roots,SOA,Secrets of Strixhaven Mystical Archive,58,normal,uncommon,1,112432,3aeb1fe1-3ff3-466c-9eda-b8747702734c,0.02,false,false,near_mint,en,EUR,2026-05-08T10:13:36.467Z
Shared Roots,TLA,Avatar: The Last Airbender,196,normal,uncommon,1,109570,e7847ba5-e85e-417f-96c0-aef2e6f83994,0.76,false,false,near_mint,en,EUR,2025-11-26T15:34:18.488Z
Shattered Angel,MOC,March of the Machine Commander,206,normal,uncommon,1,81687,58e4fb9b-76bc-4daf-b0a3-4bf62757902d,0.24,false,false,near_mint,es,EUR,2025-04-20T23:27:12.695Z
Shefet Archfiend,DFT,Aetherdrift,104,normal,uncommon,1,103422,079dc8d2-0de3-415e-8af8-b8dec669368a,0.2,false,false,near_mint,en,EUR,2025-04-20T23:27:12.695Z
Shepherd of the Clouds,OTJ,Outlaws of Thunder Junction,28,normal,uncommon,1,93334,c2245f36-2138-4f01-9b70-151137a5ac59,0.08,false,false,near_mint,en,EUR,2025-10-27T10:57:33.331Z
Shipwreck Dowser,M21,Core Set 2021,71,normal,uncommon,1,50817,59d38ef7-5017-4ea3-b97f-a8fe12d03e98,0.09,false,false,near_mint,es,EUR,2025-04-20T23:27:12.695Z
Shivan Branch-Burner,MOM,March of the Machine,165,normal,uncommon,1,81255,e585631c-bd41-4b48-aac4-4b6f5636ecd5,0.06,false,false,near_mint,es,EUR,2025-04-20T23:27:12.695Z
Shivan Dragon,FDN,Foundations,206,foil,uncommon,1,100236,1fcff1e0-2745-448d-a27b-e31719e222e9,0.06,false,false,near_mint,en,EUR,2025-04-20T23:27:12.695Z
Shivan Dragon,FDN,Foundations,206,normal,uncommon,2,100236,1fcff1e0-2745-448d-a27b-e31719e222e9,0.07,false,false,near_mint,en,EUR,2025-04-20T23:27:12.695Z
"Shocker, Unshakable",SPM,Marvel's Spider-Man,89,normal,uncommon,1,107652,8b2c0d9a-364a-4823-aa4c-fe473d4463f0,0.08,false,false,near_mint,en,EUR,2025-09-30T23:51:40.191Z
Shredder's Technique,TMT,Teenage Mutant Ninja Turtles,77,normal,uncommon,1,111312,99a24349-7d11-421b-a161-c1edbb8f53b1,0.22,false,false,near_mint,en,EUR,2026-03-06T23:49:55.745Z
"Shredder, Unrelenting",TMT,Teenage Mutant Ninja Turtles,74,normal,uncommon,1,111488,88a48867-5c65-483c-92b0-f70c53ea2a9e,0.08,false,false,near_mint,en,EUR,2026-03-06T23:49:55.837Z
"Shriek, Treblemaker",SPM,Marvel's Spider-Man,144,normal,uncommon,1,108615,01f1900e-b10f-47dd-8b3d-6913fa661186,0.1,false,false,near_mint,en,EUR,2025-09-30T23:51:40.191Z
Sidequest: Raise a Chocobo // Black Chocobo,FIN,Final Fantasy,201,normal,uncommon,1,106508,0cbf911c-a721-4b84-8645-d83a0966be18,0.13,false,false,near_mint,en,EUR,2025-06-18T14:09:45.764Z
Silverquill Charm,SOS,Secrets of Strixhaven,225,normal,uncommon,1,111655,3eb73579-f1c6-4762-81d2-9568ab501fac,0.19,false,false,near_mint,en,EUR,2026-04-19T19:45:43.826Z
Sizzling Changeling,ECL,Lorwyn Eclipsed,155,normal,uncommon,1,110420,e58f0722-9ad1-4952-9aee-ea8137c58911,0.12,false,false,near_mint,en,EUR,2026-01-25T20:47:46.705Z
Skateboard,TMT,Teenage Mutant Ninja Turtles,178,normal,uncommon,1,111527,deadb6d8-3eea-4261-a07c-8536df89e85c,0.61,false,false,near_mint,en,EUR,2026-03-06T23:49:55.790Z
Skyship Buccaneer,FDN,Foundations,50,normal,uncommon,1,100587,62958fc3-55dc-4b97-a070-490d6ed27820,0.06,false,false,near_mint,en,EUR,2025-04-20T23:27:12.695Z
Sleep,M11,Magic 2011,73,normal,uncommon,1,21316,93ba1c16-eeb2-405d-9f66-6de2f4354224,0.12,false,false,near_mint,en,EUR,2025-04-20T23:27:12.695Z
Sleep Magic,FIN,Final Fantasy,74,normal,uncommon,1,106650,c96cae63-7625-48e3-aaba-5b1632a8642d,0.02,false,false,near_mint,en,EUR,2025-06-18T14:09:45.764Z
Sleight of Hand,SOA,Secrets of Strixhaven Mystical Archive,22,normal,uncommon,1,112686,c837c418-2fe9-4ce8-b76d-c37241579a93,0.15,false,false,near_mint,en,EUR,2026-05-08T10:13:36.512Z
Slick Imitator,DFT,Aetherdrift,62,normal,uncommon,2,103481,3e86ef50-4939-4e7c-853d-438f0f3e0411,0.08,false,false,near_mint,en,EUR,2025-04-20T23:27:12.695Z
Slick Sequence,OTJ,Outlaws of Thunder Junction,233,normal,uncommon,1,93329,beb1c974-0d35-4e9f-a310-44eb2af64494,0.13,false,false,near_mint,en,EUR,2025-10-27T10:57:33.331Z
Slickshot Lockpicker,OTJ,Outlaws of Thunder Junction,67,normal,uncommon,1,93048,109a9464-ce30-4747-874e-3bbf75913081,0.1,false,false,near_mint,en,EUR,2025-10-27T10:57:33.331Z
Slumbering Cerberus,FDN,Foundations,94,normal,uncommon,2,100892,9d06faa8-201d-45db-b398-ad56f7b01848,0.21,false,false,near_mint,en,EUR,2025-04-20T23:27:12.695Z
Snakeskin Veil,FDN,Foundations,233,normal,uncommon,1,100645,6cc4c21d-9bdc-4490-9203-17f51db0ddd1,0.1,false,false,near_mint,en,EUR,2025-04-20T23:27:12.695Z
Snarl Song,SOS,Secrets of Strixhaven,161,normal,uncommon,1,112723,fc4c7fa2-aebb-4636-9afd-f1010c923316,0.07,false,false,near_mint,en,EUR,2026-07-20T10:08:18.029Z
Sol Ring,BLC,Bloomburrow Commander,129,normal,uncommon,1,96542,fff440c0-7e6a-46c2-9989-f1b5af20fd44,1.02,false,false,near_mint,en,EUR,2025-11-06T20:40:57.429Z
Sol Ring,EOC,Edge of Eternities Commander,57,normal,uncommon,1,107201,ee6e5a35-fe21-4dee-b0ef-a8f2841511ad,0.89,false,false,near_mint,en,EUR,2025-08-06T14:50:32.528Z
Sol Ring,FDC,Foundations Commander,2,foil,uncommon,1,100250,219210d3-263c-41c4-9211-0e59b2d4ccf3,2.44,false,false,near_mint,en,EUR,2025-04-20T23:27:12.695Z
Sol Ring,PLST,The List,C18-222,normal,uncommon,1,47721,1b3a4537-1d51-47ac-a12e-6b8d68f530e6,0.81,false,false,near_mint,es,EUR,2025-04-20T23:27:12.695Z
Solemn Offering,BBD,Battlebond,107,normal,uncommon,1,1886,e30d14b8-b431-4764-9b30-f511bd40fd08,0.18,false,false,near_mint,es,EUR,2025-04-20T23:27:12.695Z
Solstice Revelations,TLA,Avatar: The Last Airbender,153,normal,uncommon,1,109580,f22ac19f-66fb-4d54-9f09-495a20a29577,0.02,false,false,near_mint,en,EUR,2025-11-26T15:34:18.488Z
Soul Enervation,MKM,Murders at Karlov Manor,302,normal,uncommon,1,91003,7ef61777-be03-40c5-be9c-d573cf025813,0.21,false,false,near_mint,en,EUR,2025-04-20T23:27:12.695Z
Soul Search,MKM,Murders at Karlov Manor,232,normal,uncommon,1,90665,0f852937-381d-4445-99d3-2ecb8af6bb6a,0.15,false,false,near_mint,en,EUR,2025-04-20T23:27:12.695Z
Soul-Guide Lantern,THB,Theros Beyond Death,237,normal,uncommon,1,46825,7c850b94-75c9-4457-8b5e-1193352d6fcb,0.35,false,false,near_mint,es,EUR,2025-04-20T23:27:12.695Z
Soulbright Seeker,ECL,Lorwyn Eclipsed,157,normal,uncommon,1,110783,895ac890-608a-47de-8bc8-9337fd2064e8,0.07,false,false,near_mint,en,EUR,2026-01-25T20:47:46.764Z
"SP//dr, Piloted by Peni",SPM,Marvel's Spider-Man,147,normal,uncommon,1,107670,c47c1d83-e76d-4939-9ed6-05a9e709dea1,0.02,false,false,near_mint,en,EUR,2025-09-30T23:51:40.191Z
Specimen Freighter,EOE,Edge of Eternities,76,normal,uncommon,2,107526,b862a9f8-2361-4220-99bd-ae2530905195,0.15,false,false,near_mint,en,EUR,2025-08-01T19:16:32.510Z
Spectral Denial,TDM,Tarkir: Dragonstorm,58,normal,uncommon,1,105037,ee4e732a-1ffd-463d-92c2-26187659cfc3,0.12,false,false,near_mint,en,EUR,2025-04-20T23:27:12.695Z
Spectral Sailor,M20,Core Set 2020,76,normal,uncommon,2,45385,67483891-36d1-46f2-8b4f-b8b7bd54bdcc,0.17,false,false,near_mint,es,EUR,2025-04-20T23:27:12.695Z
Spell Pierce,DFT,Aetherdrift,64,normal,uncommon,1,103568,8dd4374f-0301-4b2e-bc99-2cd19568cb3b,0.16,false,false,near_mint,en,EUR,2025-04-20T23:27:12.695Z
Spell Pierce,SOA,Secrets of Strixhaven Mystical Archive,23,normal,uncommon,1,112504,bc8f80e2-dd9d-4abc-b44c-fbef4d403e6f,0.55,false,false,near_mint,es,EUR,2026-04-19T19:45:43.805Z
"Spider-Byte, Web Warden",SPM,Marvel's Spider-Man,44,normal,uncommon,1,107618,210ae606-12a4-453b-bfb4-73ca9c22b8b5,0.08,false,false,near_mint,en,EUR,2025-09-30T23:51:40.191Z
Spider-Man India,SPM,Marvel's Spider-Man,151,normal,uncommon,1,108448,65b8af30-559b-43a9-8526-62c28c378339,0.14,false,false,near_mint,en,EUR,2025-09-30T23:51:40.191Z
Spider-Man Noir,SPM,Marvel's Spider-Man,204,normal,uncommon,1,107886,d9a8b9a4-c9d9-4e9f-80b0-23de71a7423b,0.02,false,false,near_mint,en,EUR,2025-09-30T23:51:40.191Z
Spider-Mobile,SPM,Marvel's Spider-Man,174,normal,uncommon,1,108595,f12664c0-d7cd-4acb-87db-cfa3c85f32a9,0.08,false,false,near_mint,en,EUR,2025-09-30T23:51:40.191Z
"Spider-Slayer, Hatred Honed",SPM,Marvel's Spider-Man,175,normal,uncommon,1,108655,ac37ca6f-a6ee-4dfb-949f-2562f98d09d0,0.07,false,false,near_mint,en,EUR,2025-09-30T23:51:40.191Z
Spider-UK,SPM,Marvel's Spider-Man,17,normal,uncommon,1,108531,6beb4548-1fab-4b9e-bf24-f7b9aadecc87,0.08,false,false,near_mint,en,EUR,2025-09-30T23:51:40.191Z
Spinewoods Armadillo,OTJ,Outlaws of Thunder Junction,182,normal,uncommon,1,93429,f79d63e7-a8c6-4750-91c9-c575a4d0561b,0.11,false,false,near_mint,en,EUR,2025-10-27T10:57:33.331Z
"Splinter, Hamato Yoshi",TMT,Teenage Mutant Ninja Turtles,79,normal,uncommon,1,111591,9ea9d072-aa98-405e-a475-26f93cc37e53,0.15,false,false,near_mint,en,EUR,2026-03-06T23:49:55.765Z
Sprouting Goblin,EOC,Edge of Eternities Commander,90,normal,uncommon,1,107208,f5555845-0424-4cb6-b373-57a722444a4a,0.13,false,false,near_mint,en,EUR,2025-08-06T14:50:32.528Z
Stalwart Successor,TDM,Tarkir: Dragonstorm,227,normal,uncommon,1,104288,4a7b206f-8190-46e6-bb9e-44763d3eb4ac,0.02,false,false,near_mint,en,EUR,2025-04-20T23:27:12.695Z
Starfield Shepherd,EOE,Edge of Eternities,37,normal,uncommon,1,106954,1226e575-aa78-4c68-be1d-6e5c2dc6315b,0.28,false,false,near_mint,en,EUR,2025-08-02T12:05:52.876Z
Startled Relic Sloth,SOS,Secrets of Strixhaven,233,normal,uncommon,1,112711,f143fd41-58c3-45a0-bef8-e9e4b4a502a5,0.22,false,false,near_mint,es,EUR,2026-04-19T19:45:43.741Z
Stasis Snare,PBFZ,Battle for Zendikar Promos,50,normal,uncommon,2,10416,f4694ece-a576-45f9-8dd6-4fee0df9751d,0.25,false,false,near_mint,es,EUR,2025-04-20T23:27:12.695Z
Station Monitor,EOE,Edge of Eternities,230,normal,uncommon,1,107529,ba9f6d16-ee3e-4fbb-b78a-6292188eb61f,0.15,false,false,near_mint,en,EUR,2025-08-02T12:05:52.876Z
Steelswarm Operator,EOE,Edge of Eternities,80,normal,uncommon,1,107544,ca468b86-f31a-4cd7-a574-eb984bc4bc3e,0.12,false,false,near_mint,en,EUR,2025-08-02T12:05:52.876Z
Stew the Coneys,LTR,The Lord of the Rings: Tales of Middle-earth,189,normal,uncommon,1,83455,bcc7c41c-f416-457e-91ba-1f338f45eeac,0.11,false,false,near_mint,es,EUR,2025-04-20T23:27:12.695Z
Sting-Slinger,ECL,Lorwyn Eclipsed,161,normal,uncommon,1,110722,386c5f73-fb8f-46c8-ad45-56e2c19b7d1f,0.02,false,false,near_mint,en,EUR,2026-01-25T20:47:46.677Z
Stirring Honormancer,SOS,Secrets of Strixhaven,234,normal,uncommon,1,112709,ee84b04d-78fc-416f-9166-72e5417c3e17,0.14,false,false,near_mint,es,EUR,2026-04-19T19:45:43.780Z
Stirring Honormancer,SOS,Secrets of Strixhaven,234,normal,uncommon,1,112709,ee84b04d-78fc-416f-9166-72e5417c3e17,0.08,false,false,near_mint,en,EUR,2026-05-08T10:13:36.502Z
Stock Up,SOA,Secrets of Strixhaven Mystical Archive,24,normal,uncommon,1,110977,ad048b7c-588f-4c34-906f-4224f1aaaeb6,0.02,false,false,near_mint,en,EUR,2026-05-08T10:13:36.482Z
Stone of Erech,LTR,The Lord of the Rings: Tales of Middle-earth,251,normal,uncommon,1,83452,bc02e193-df33-4eb1-adc1-b51ee931218a,0.18,false,false,near_mint,en,EUR,2026-04-19T14:28:02.870Z
Storm the Seedcore,MOM,March of the Machine,206,normal,uncommon,2,81213,bf989a4d-3209-4071-b6e9-d2b99372ec10,0.03,false,false,near_mint,es,EUR,2025-04-20T23:27:12.695Z
Stormcatch Mentor,BLB,Bloomburrow,234,normal,uncommon,2,95813,99754055-6d67-4fde-aff3-41f6af6ea764,0.19,false,false,near_mint,es,EUR,2025-04-20T23:27:12.695Z
Strixhaven Skycoach,SOS,Secrets of Strixhaven,252,normal,uncommon,1,112469,87741fbb-b426-4f83-a358-587b0907f081,0.07,false,false,near_mint,en,EUR,2026-05-08T10:13:36.501Z
Stroke of Midnight,FDN,Foundations,148,normal,uncommon,1,100970,ab135925-d924-456d-851a-6ccdaaf27271,0.36,false,false,near_mint,es,EUR,2025-04-20T23:27:12.695Z
Stromkirk Bloodthief,FDN,Foundations,185,normal,uncommon,1,97176,485d6a5a-2054-47d5-91b8-71ce308ed4dc,0.05,false,false,near_mint,en,EUR,2025-04-20T23:27:12.695Z
Stromkirk Bloodthief,MID,Innistrad: Midnight Hunt,123,normal,uncommon,1,63517,fa819123-bf13-44ea-9a6e-06c8ab023e44,0.04,false,false,near_mint,es,EUR,2025-04-20T23:27:12.695Z
Strongbox Raider,FDN,Foundations,96,normal,uncommon,1,101006,b2223eb8-59f9-489b-a3f3-b6496218cb79,0.05,false,false,near_mint,en,EUR,2025-04-20T23:27:12.695Z
Strongbox Raider,FDN,Foundations,96,normal,uncommon,1,101006,b2223eb8-59f9-489b-a3f3-b6496218cb79,0.05,false,false,near_mint,es,EUR,2025-04-20T23:27:12.695Z
Stubborn Burrowfiend,OTJ,Outlaws of Thunder Junction,184,normal,uncommon,1,93206,6d963eb4-d20b-4d3f-bf5d-c75f7bcb9670,0.13,false,false,near_mint,en,EUR,2025-10-27T10:57:33.331Z
Sultai Monument,TDM,Tarkir: Dragonstorm,247,normal,uncommon,1,104279,45308e0e-b515-49ac-9960-a24e898dd321,0.08,false,false,near_mint,en,EUR,2025-04-20T23:27:12.695Z
Summon: Anima,FIN,Final Fantasy,120,normal,uncommon,1,106356,aa4f6703-21f8-4c29-ad5a-5afb54188ade,0.02,false,false,near_mint,en,EUR,2025-06-18T14:09:45.764Z
Summon: Fenrir,FIN,Final Fantasy,372,normal,uncommon,1,105600,412093fb-15c1-4b36-aa53-9484f955ee2c,0.36,false,false,near_mint,en,EUR,2025-06-18T14:09:45.764Z
Summon: Shiva,FIN,Final Fantasy,78,normal,uncommon,2,103800,a80511f8-7cb1-4974-afde-8a5cebe13ad7,0.12,false,false,near_mint,en,EUR,2025-06-18T14:09:45.764Z
"Sun-Spider, Nimble Webber",SPM,Marvel's Spider-Man,154,normal,uncommon,1,108626,2b54d4a5-634f-4ae3-b592-0dc527f60d56,0.06,false,false,near_mint,en,EUR,2025-09-30T23:51:40.191Z
Sundering Archaic,SOS,Secrets of Strixhaven,3,normal,uncommon,1,112389,c35b57e4-2358-46c0-8f09-cd27c10eaf2d,0.05,false,false,near_mint,es,EUR,2026-04-19T19:45:43.792Z
Sundering Archaic,SOS,Secrets of Strixhaven,3,normal,uncommon,1,112389,c35b57e4-2358-46c0-8f09-cd27c10eaf2d,0.02,false,false,near_mint,en,EUR,2026-05-08T10:13:36.457Z
Sunpearl Kirin,TDM,Tarkir: Dragonstorm,29,normal,uncommon,1,104470,18292b9c-0f42-4ce2-8b85-35d06cf45a63,0.39,false,false,near_mint,en,EUR,2025-04-20T23:27:12.695Z
Sunstar Expansionist,EOE,Edge of Eternities,41,normal,uncommon,1,107300,93b0e6e5-9fb6-4342-9322-1a4cc09a7a76,0.14,false,false,near_mint,en,EUR,2025-08-02T12:05:52.876Z
Superior Foes of Spider-Man,SPM,Marvel's Spider-Man,96,normal,uncommon,1,108625,28e7bf86-5791-4412-8184-fa63fb292be4,0.08,false,false,near_mint,en,EUR,2025-09-30T23:51:40.191Z
"Surrak, the Hunt Caller",CMM,Commander Masters,326,normal,uncommon,1,84483,71590b6f-9f38-4c5d-8431-50e5f02f8c93,0.28,false,false,near_mint,es,EUR,2025-04-20T23:27:12.695Z
Survey Mechan,EOE,Edge of Eternities,245,normal,uncommon,1,107499,9b4278ea-6cd8-45ad-b024-daf3dedd29e0,0.09,false,false,near_mint,en,EUR,2025-08-01T19:16:32.510Z
Susurian Voidborn,EOE,Edge of Eternities,118,normal,uncommon,1,107765,beb97e7b-0ae7-4b08-9ceb-6a7f825bcd49,0.21,false,false,near_mint,en,EUR,2025-08-01T19:16:32.510Z
Swiftfoot Boots,FDN,Foundations,355,normal,uncommon,1,100403,3e9b53da-4744-429d-97c6-f7ee4d568731,2.6,false,false,near_mint,en,EUR,2025-04-20T23:28:25.061Z
"Syr Alin, the Lion's Claw",ELD,Throne of Eldraine,32,normal,uncommon,1,46306,4cddb2d2-d813-4b83-a592-380ba4edf54f,0.09,false,false,near_mint,es,EUR,2025-04-20T23:27:12.695Z
"Syr Konrad, the Grim",FCA,Final Fantasy: Through the Ages,10,normal,uncommon,1,105946,5b40815d-0104-461e-b193-fcf5e1f35299,0.02,false,false,near_mint,en,EUR,2025-06-18T14:09:45.764Z
"Syr Vondam, the Lucent",EOE,Edge of Eternities,232,normal,uncommon,1,107198,ea954205-5ff5-493b-bf30-6212042c2bc9,0.14,false,false,near_mint,en,EUR,2025-08-01T19:16:32.510Z
Tablet of Discovery,SOS,Secrets of Strixhaven,132,normal,uncommon,1,112565,13059664-a940-4a66-8100-0c90b884bab4,0.22,false,false,near_mint,es,EUR,2026-04-19T19:45:43.796Z
Tablet of Discovery,SOS,Secrets of Strixhaven,132,normal,uncommon,1,112565,13059664-a940-4a66-8100-0c90b884bab4,0.23,false,false,near_mint,en,EUR,2026-05-08T10:13:36.470Z
Take for a Ride,OTJ,Outlaws of Thunder Junction,148,normal,uncommon,1,93343,c8e2ff9c-0e98-46f9-a33c-739388c5f3d0,0.07,false,false,near_mint,en,EUR,2025-10-27T10:57:33.331Z
Tapestry Warden,EOE,Edge of Eternities,209,normal,uncommon,1,107068,7cbbab6c-43ae-4e50-97ce-532a3316591a,0.19,false,false,near_mint,en,EUR,2025-08-02T12:05:52.876Z
"Tatyova, Benthic Druid",PLST,The List,DOM-206,normal,uncommon,1,47860,8b338246-1bce-43ee-8725-416f8f0cfb88,0.16,false,false,near_mint,es,EUR,2025-04-20T23:27:12.695Z
Teacher's Pest,SOS,Secrets of Strixhaven,238,normal,uncommon,1,112171,eaa358ac-761d-4507-aa15-3d4684027207,0.06,false,false,near_mint,en,EUR,2026-05-08T10:13:36.517Z
Team Avatar,TLA,Avatar: The Last Airbender,38,normal,uncommon,1,109768,a9a5f6f7-f04d-477f-b67f-fd01a5dcc0f5,0.13,false,false,near_mint,en,EUR,2025-11-26T15:34:18.488Z
Tear Asunder,EOC,Edge of Eternities Commander,109,normal,uncommon,1,107189,e408c673-4a1f-45db-827a-75c501e1b3d6,0.31,false,false,near_mint,en,EUR,2025-08-06T14:50:32.528Z
Temur Monument,TDM,Tarkir: Dragonstorm,248,normal,uncommon,1,104295,55e97b40-d898-4da5-8159-cca48eb298eb,0.08,false,false,near_mint,en,EUR,2025-04-20T23:27:12.695Z
"Teo, Spirited Glider",TLA,Avatar: The Last Airbender,74,normal,uncommon,1,109450,66906ed4-baac-4be0-9359-34f453d1a04a,0.06,false,false,near_mint,en,EUR,2025-11-26T15:34:18.488Z
Terminal Agony,OTP,Breaking News,55,normal,uncommon,1,93409,ebccedbd-558c-419d-a18f-8751afd937b2,0.08,false,false,near_mint,en,EUR,2025-10-27T10:57:33.331Z
Terrapact Intimidator,EOE,Edge of Eternities,164,normal,uncommon,2,106957,13fe3358-fd68-4245-a2ad-aa9200cf4655,0.11,false,false,near_mint,en,EUR,2025-08-01T19:16:32.510Z
Terrific Team-Up,SPM,Marvel's Spider-Man,120,normal,uncommon,1,108597,f3c587b0-66b9-46bf-90ee-a6163c006c9e,0.11,false,false,near_mint,en,EUR,2025-09-30T23:51:40.191Z
Territorial Bruntar,EOE,Edge of Eternities,165,normal,uncommon,1,107776,dbb25585-6048-4a85-828e-675bf0da6508,0.1,false,false,near_mint,en,EUR,2025-08-01T19:16:32.510Z
Tester of the Tangential,SOS,Secrets of Strixhaven,69,normal,uncommon,1,112386,bbd708ec-eef4-4f45-99dd-60e1cec4b991,0.23,false,false,near_mint,es,EUR,2026-04-19T19:45:43.801Z
Tester of the Tangential,SOS,Secrets of Strixhaven,69,normal,uncommon,1,112386,bbd708ec-eef4-4f45-99dd-60e1cec4b991,0.05,false,false,near_mint,en,EUR,2026-05-08T10:13:36.484Z
"Tetsuko Umezawa, Fugitive",BLC,Bloomburrow Commander,177,normal,uncommon,1,96203,21625c5c-7a9c-498d-afb6-ea57dea33fc6,0.17,false,false,near_mint,en,EUR,2025-11-06T20:40:57.429Z
The Bath Song,LTR,The Lord of the Rings: Tales of Middle-earth,40,normal,uncommon,1,83671,fb11c04f-6f17-4da4-bbf6-0bd09de6e544,0.08,false,false,near_mint,en,EUR,2026-04-19T14:28:02.869Z
The Cave of Two Lovers,TLA,Avatar: The Last Airbender,126,normal,uncommon,1,109432,50bf5c8b-f218-46b7-843c-8d8083f02fd2,0.12,false,false,near_mint,en,EUR,2025-11-26T15:34:18.488Z
The Gold Saucer,FIN,Final Fantasy,279,normal,uncommon,1,106551,5363c881-443d-43df-afd8-f81e1a1741a2,0.02,false,false,near_mint,en,EUR,2025-06-18T14:09:45.764Z
The Grey Havens,LTR,The Lord of the Rings: Tales of Middle-earth,255,normal,uncommon,1,83571,dd698f10-b0fc-42fc-84ec-f5a0d96bfa1d,0.1,false,false,near_mint,en,EUR,2026-04-19T14:28:02.868Z
The Neutrinos,TMT,Teenage Mutant Ninja Turtles,160,normal,uncommon,1,111556,1308dadc-08a9-40bd-98a4-fb66d792e27d,0.11,false,false,near_mint,en,EUR,2026-03-06T23:49:55.778Z
Thief's Knife,FIN,Final Fantasy,81,normal,uncommon,1,106645,c2dcfd0a-3f52-4616-a09a-fd2db8b6b93e,0.11,false,false,near_mint,en,EUR,2025-06-18T14:09:45.764Z
Thirst for Identity,ECL,Lorwyn Eclipsed,79,normal,uncommon,1,110834,c3949f8c-d1c5-45c2-80ed-a57f4f9af86e,0.16,false,false,near_mint,en,EUR,2026-01-25T20:47:46.722Z
Thirst for Knowledge,MSH,Marvel Super Heroes,79,normal,uncommon,1,113413,5f4f77e5-0019-4a5f-bae6-136121946929,0.14,false,false,near_mint,es,EUR,2026-06-20T00:03:25.260Z
This Town Ain't Big Enough,OTJ,Outlaws of Thunder Junction,74,normal,uncommon,1,93322,bb206e27-da4d-4abe-9d8c-6d18c5f2f52a,0.46,false,false,near_mint,en,EUR,2025-10-27T10:57:33.331Z
Thopter Engineer,BLC,Bloomburrow Commander,204,normal,uncommon,1,96219,2933e3df-0cba-4e4b-87f9-70e56093da91,0.11,false,false,near_mint,en,EUR,2025-11-06T20:40:57.429Z
Thoughtweft Imbuer,ECL,Lorwyn Eclipsed,38,normal,uncommon,1,110773,7e585a6c-2d95-450e-98cb-8794d7d8ecca,0.04,false,false,near_mint,en,EUR,2026-01-25T20:47:46.748Z
Thoughtweft Lieutenant,ECL,Lorwyn Eclipsed,343,normal,uncommon,1,110428,fea71783-1ac5-483b-8a91-1ba45af4ea3c,0.11,false,false,near_mint,en,EUR,2026-01-25T20:47:46.789Z
Thunderdrum Soloist,SOS,Secrets of Strixhaven,134,normal,uncommon,3,112234,590d1d95-ed13-4121-899f-f5a2d8a6617a,0.1,false,false,near_mint,en,EUR,2026-05-08T10:13:36.423Z
Thundering Broodwagon,DFT,Aetherdrift,225,normal,uncommon,1,103457,2d1576d4-15a3-4e91-84ef-e71e258185e7,0.1,false,false,near_mint,en,EUR,2025-04-20T23:27:12.695Z
Thundering Rebuke,ZNR,Zendikar Rising,170,normal,uncommon,3,54780,dc671707-4708-44d8-8ec8-d5332599adf9,0.04,false,false,near_mint,es,EUR,2025-04-20T23:27:12.695Z
"Tidus, Blitzball Star",FIN,Final Fantasy,246,normal,uncommon,1,106447,aa851d68-a7a4-48c0-9cd7-d3d2e079f3a1,0.1,false,false,near_mint,en,EUR,2025-06-18T14:09:45.764Z
Tiger-Dillo,TLA,Avatar: The Last Airbender,155,normal,uncommon,1,109369,067bd117-04e6-410e-89c4-6d431d627751,0.08,false,false,near_mint,en,EUR,2025-11-26T15:34:18.488Z
Timeline Culler,EOE,Edge of Eternities,121,normal,uncommon,2,106991,33410410-72f2-49c4-9e63-a72202cd075a,0.35,false,false,near_mint,en,EUR,2025-08-01T19:16:32.510Z
Tomb Trawler,OTJ,Outlaws of Thunder Junction,250,normal,uncommon,1,93120,36e61cb8-219a-4fe6-a2e6-307665ffa38f,0.19,false,false,near_mint,en,EUR,2025-10-27T10:57:33.331Z
"Tombstone, Career Criminal",SPM,Marvel's Spider-Man,70,normal,uncommon,1,107623,313189ef-fe6e-4511-9386-920a88a49a88,0.08,false,false,near_mint,en,EUR,2025-09-30T23:51:40.191Z
Tonberry,FIN,Final Fantasy,122,normal,uncommon,1,103781,1a9b8723-4383-4c14-b24d-52863af8703d,0.14,false,false,near_mint,en,EUR,2025-06-18T14:09:45.764Z
Torch the Witness,MKM,Murders at Karlov Manor,146,foil,uncommon,1,90718,22bbf709-d8e9-4e3b-8ec8-206f1b2162b3,0.13,false,false,near_mint,en,EUR,2025-04-20T23:27:12.695Z
Tormentor's Trident,AVR,Avacyn Restored,222,normal,uncommon,1,18056,9543d454-27d6-42ba-aad8-54811d180cfb,0.08,false,false,near_mint,en,EUR,2025-04-20T23:27:12.695Z
Tormentor's Trident,AVR,Avacyn Restored,222,normal,uncommon,2,18056,9543d454-27d6-42ba-aad8-54811d180cfb,0.08,false,false,near_mint,es,EUR,2025-04-20T23:27:12.695Z
Tractor Beam,EOE,Edge of Eternities,82,normal,uncommon,1,107579,efc96d54-d6e1-49b6-b4c2-70b997776548,0.09,false,false,near_mint,en,EUR,2025-08-01T19:16:32.510Z
Tragic Banshee,FDN,Foundations,73,normal,uncommon,3,100324,30df3e33-2f17-4067-99f1-5db6b0f41fd4,0.33,false,false,near_mint,en,EUR,2025-04-20T23:27:12.695Z
Tragic Trajectory,EOE,Edge of Eternities,122,normal,uncommon,1,107063,78c8bc60-1378-4028-8ab1-3286e459bffb,0.19,false,false,near_mint,en,EUR,2025-08-02T12:05:52.876Z
Transcendent Archaic,SOS,Secrets of Strixhaven,5,normal,uncommon,1,112324,1624c680-502b-474a-b9b2-888fe3ca008c,0.11,false,false,near_mint,es,EUR,2026-04-19T19:45:43.793Z
Transit Mage,DFT,Aetherdrift,70,normal,uncommon,1,103521,6727169f-c33a-4ca5-889d-a63bcfc5a3f0,0.2,false,false,near_mint,en,EUR,2025-04-20T23:27:12.695Z
Treasure Dredger,OTJ,Outlaws of Thunder Junction,110,normal,uncommon,1,93342,c88df498-147c-4609-8a94-d8d10a87e37c,0.15,false,false,near_mint,en,EUR,2025-10-27T10:57:33.331Z
Tribute to Hunger,DDQ,Duel Decks: Blessed vs. Cursed,65,normal,uncommon,1,9118,fcfc9bd3-4378-4305-b427-4e3dd4e1fba1,0.2,false,false,near_mint,es,EUR,2025-04-20T23:27:12.695Z
Triumph of Cruelty,AVR,Avacyn Restored,122,normal,uncommon,1,18156,906618e2-2638-4017-9d6e-e6f282967a81,0.13,false,false,near_mint,es,EUR,2025-04-20T23:27:12.695Z
Trusty Boomerang,TLA,Avatar: The Last Airbender,260,normal,uncommon,1,109564,df99a166-6d58-4d92-9037-2fdfbaf65629,0.11,false,false,near_mint,en,EUR,2025-11-26T15:34:18.488Z
Trygon Predator,FDN,Foundations,667,normal,uncommon,1,101144,cdb88a22-8086-4bf7-89e8-cce929440dd8,0.13,false,false,near_mint,es,EUR,2025-04-20T23:27:12.695Z
Tundra Tank,TLA,Avatar: The Last Airbender,121,normal,uncommon,1,109384,13c66fce-8f8e-4a98-8413-9f05aebf6e13,0.08,false,false,near_mint,en,EUR,2025-11-26T15:34:18.488Z
Twin Blades,TLA,Avatar: The Last Airbender,157,normal,uncommon,1,109560,dc399ae0-36b5-4c92-9fe2-138caf8d7a86,0.07,false,false,near_mint,en,EUR,2025-11-26T15:34:18.488Z
Twinblade Blessing,FDN,Foundations,26,normal,uncommon,1,101310,ecf01cbe-9fcb-4f35-bc6b-2280620b06ff,0.29,false,false,near_mint,en,EUR,2025-04-20T23:27:12.695Z
Twinblade Blessing,FDN,Foundations,26,normal,uncommon,1,101310,ecf01cbe-9fcb-4f35-bc6b-2280620b06ff,0.29,false,false,near_mint,es,EUR,2025-04-20T23:27:12.695Z
Twinmaw Stormbrood // Charring Bite,TDM,Tarkir: Dragonstorm,320,normal,uncommon,1,105038,ef466256-7d9c-46d0-a860-a0db6930db61,0.19,false,false,near_mint,en,EUR,2025-04-20T23:27:12.695Z
"Tyrox, Saurid Tyrant",DFT,Aetherdrift,149,normal,uncommon,1,103439,159dc5a8-5cba-4c20-8c07-28a3d86c8411,0.17,false,false,near_mint,en,EUR,2025-04-20T23:27:12.695Z
Uglúk of the White Hand,LTR,The Lord of the Rings: Tales of Middle-earth,235,normal,uncommon,1,83610,e914c7fc-be3c-4346-bf37-6e10f4998204,0.09,false,false,near_mint,es,EUR,2025-04-20T23:27:12.695Z
"Ultimecia, Time Sorceress // Ultimecia, Omnipotent",FIN,Final Fantasy,247,normal,uncommon,1,105581,2d6a2b68-5407-464e-a335-7866fd969c30,0.02,false,false,near_mint,en,EUR,2025-06-18T14:09:45.764Z
Umbral Collar Zealot,EOE,Edge of Eternities,123,normal,uncommon,1,107321,bbcc1d84-9772-475d-924a-75bb54c9bc20,1.93,false,false,near_mint,en,EUR,2025-08-02T12:05:52.876Z
Uncle Iroh,TLA,Avatar: The Last Airbender,248,normal,uncommon,1,109443,5c88672c-0eba-4e93-a0ec-30bbb1bb7661,0.12,false,false,near_mint,en,EUR,2025-11-26T15:34:18.488Z
Undercity Eliminator,MKM,Murders at Karlov Manor,108,normal,uncommon,1,91100,a67a4c5e-215b-4f03-87f7-c1af4f9f0a63,0.15,false,false,near_mint,en,EUR,2025-04-20T23:27:12.695Z
Unflinching Courage,PLST,The List,C18-192,normal,uncommon,1,47852,432efc0d-d492-42a3-91d8-2ba42575da15,0.13,false,false,near_mint,es,EUR,2025-04-20T23:27:12.695Z
Unlucky Cabbage Merchant,TLA,Avatar: The Last Airbender,201,normal,uncommon,1,109374,0a838009-b115-4497-b35d-682e41ead7db,0.08,false,false,near_mint,en,EUR,2025-11-26T15:34:18.488Z
Unrooted Ancestor,TDM,Tarkir: Dragonstorm,96,normal,uncommon,1,104689,6394b125-21a8-4439-9958-94b76684138e,0.11,false,false,near_mint,en,EUR,2025-04-20T23:27:12.695Z
Unswerving Sloth,DFT,Aetherdrift,34,foil,uncommon,1,102917,12296a74-5d60-4ee3-aa53-2289f84da776,0.12,false,false,near_mint,en,EUR,2025-04-20T23:27:12.695Z
Unwelcome Sprite,ECL,Lorwyn Eclipsed,81,normal,uncommon,1,110566,902f8d86-fde2-4cdf-88f0-bf63d616f3af,0.13,false,false,near_mint,en,EUR,2026-01-25T20:47:46.706Z
Uthros Scanship,EOE,Edge of Eternities,85,normal,uncommon,1,107384,1f93887f-35c5-472f-83d0-54227b3bd1d2,0.16,false,false,near_mint,en,EUR,2025-08-01T19:16:32.510Z
"Uurg, Spawn of Turg",EOC,Edge of Eternities Commander,127,normal,uncommon,1,107170,d1974536-9e4f-4808-9e49-a036ec7bf65c,0.1,false,false,near_mint,en,EUR,2025-08-06T14:50:32.528Z
Valorous Stance,FDN,Foundations,583,normal,uncommon,1,101069,bc4c47e3-04b6-4760-9a80-b6acef1e4524,0.18,false,false,near_mint,es,EUR,2025-04-20T23:27:12.695Z
Vampire Gourmand,FDN,Foundations,74,foil,uncommon,1,100827,917514c0-9cd5-4b97-85b9-c4f753560ad4,0.36,false,false,near_mint,en,EUR,2025-04-20T23:27:12.695Z
Vampire Gourmand,FDN,Foundations,74,normal,uncommon,1,100827,917514c0-9cd5-4b97-85b9-c4f753560ad4,0.19,false,false,near_mint,en,EUR,2025-04-20T23:27:12.695Z
Vampire Nighthawk,FDN,Foundations,186,foil,uncommon,1,101474,0a1934ab-3171-4fc6-8033-ad998899ba73,0.17,false,false,near_mint,en,EUR,2025-04-20T23:27:12.695Z
Vampire Nighthawk,PLST,The List,E02-23,normal,uncommon,1,48541,e45b33c3-be86-4f8a-bdb5-df3fcb7e4cde,0.18,false,false,near_mint,es,EUR,2025-04-20T23:27:12.695Z
Vampiric Rites,BFZ,Battle for Zendikar,124,normal,uncommon,1,10227,3416309a-5824-48f5-876e-00e0f180acf9,0.18,false,false,near_mint,es,EUR,2025-04-20T23:27:12.695Z
"Vanille, Cheerful l'Cie",FIN,Final Fantasy,211,normal,uncommon,1,105667,91226c1a-63a0-494e-bcf0-77c2d6f49213,0.02,false,false,near_mint,en,EUR,2025-06-18T14:09:45.764Z
Vaultguard Trooper,EOE,Edge of Eternities,166,normal,uncommon,1,107709,36afe3b1-43a2-47b4-bc0a-24efb1e2e5a0,0.13,false,false,near_mint,en,EUR,2025-08-02T12:05:52.876Z
Venerated Stormsinger,TDM,Tarkir: Dragonstorm,97,normal,uncommon,1,104858,a4a4e985-facd-47e6-b680-3023c82c2957,0.14,false,false,near_mint,en,EUR,2025-04-20T23:27:12.695Z
Vengeful Bloodwitch,FDN,Foundations,76,normal,uncommon,4,97189,bd0c12dd-f138-45c0-9614-d83a1d8e8399,0.32,false,false,near_mint,es,EUR,2025-04-20T23:27:12.695Z
Vengeful Bloodwitch,FDN,Foundations,76,normal,uncommon,2,97189,bd0c12dd-f138-45c0-9614-d83a1d8e8399,0.32,false,false,near_mint,en,EUR,2025-04-20T23:27:12.695Z
Vengeful Tracker,MKM,Murders at Karlov Manor,147,normal,uncommon,1,91086,a247c9a0-0c65-47bc-92fd-bebe95cd35a3,0.04,false,false,near_mint,en,EUR,2025-04-20T23:27:12.695Z
Venom Connoisseur,SNC,Streets of New Capenna,161,normal,uncommon,1,67590,04897d8c-ee05-45eb-80f7-76487dbcc449,0.06,false,false,near_mint,es,EUR,2025-04-20T23:27:12.695Z
Veteran Beastrider,DFT,Aetherdrift,226,normal,uncommon,2,103629,cab38f35-b60c-464c-a0b5-9d5f2dc6de7f,0.11,false,false,near_mint,en,EUR,2025-04-20T23:27:12.695Z
Vile Entomber,MH2,Modern Horizons 2,403,normal,uncommon,1,59496,36590526-2f1b-4959-ba9e-55f3ebcffd1e,0.33,false,false,near_mint,es,EUR,2025-04-20T23:27:12.695Z
Vinebred Brawler,ECL,Lorwyn Eclipsed,201,normal,uncommon,1,110353,63c573fe-e74c-48ca-ad05-92f37dc466f1,0.11,false,false,near_mint,en,EUR,2026-01-25T20:47:46.749Z
Vinereap Mentor,BLB,Bloomburrow,238,normal,uncommon,1,95902,29b615ba-45c4-42a1-8525-1535f0b55300,0.23,false,false,near_mint,en,EUR,2025-09-30T23:51:40.191Z
Virulent Emissary,ECL,Lorwyn Eclipsed,202,normal,uncommon,1,110291,0702efed-915e-466a-96bb-ac09af06b21e,0.63,false,false,near_mint,en,EUR,2026-01-25T20:47:46.676Z
Virulent Silencer,EOE,Edge of Eternities,248,normal,uncommon,1,107009,4120fcfc-3547-4774-a15d-b9cccac04e76,0.15,false,false,near_mint,en,EUR,2025-08-02T12:05:52.876Z
Visage Bandit,OTJ,Outlaws of Thunder Junction,76,normal,uncommon,1,93196,685ec4c6-3332-498f-8b56-d7ad8fc5230c,0.15,false,false,near_mint,en,EUR,2025-10-27T10:57:33.331Z
Voracious Fell Beast,LTR,The Lord of the Rings: Tales of Middle-earth,113,normal,uncommon,1,83554,d9b7d7f8-503d-4660-9a18-6a8e2fcaa25f,0.04,false,false,near_mint,es,EUR,2025-04-20T23:27:12.695Z
Vote Out,EOE,Edge of Eternities,126,normal,uncommon,1,107717,4f50bb47-cc4d-4b81-b5f1-817ca8744d12,0.13,false,false,near_mint,en,EUR,2025-08-01T19:16:32.510Z
"Vulture, Scheming Scavenger",SPM,Marvel's Spider-Man,158,normal,uncommon,1,108471,e29281be-e722-4149-93a0-6dd3f0f64253,0.09,false,false,near_mint,en,EUR,2025-09-30T23:51:40.191Z
Wall of Omens,FCA,Final Fantasy: Through the Ages,27,normal,uncommon,1,105693,ae94ab2a-5a6b-4358-ad7f-bdc9a98a9ac0,0.02,false,false,near_mint,en,EUR,2025-06-18T14:09:45.764Z
Wandermare,ELD,Throne of Eldraine,204,normal,uncommon,1,46134,9a72fb5b-5c55-4ce9-b9d0-98f924d6f338,0.13,false,false,near_mint,en,EUR,2025-06-16T17:24:56.249Z
Wanted Scoundrels,XLN,Ixalan,131,normal,uncommon,1,3881,6704e4c9-3b5e-4ba5-a5bc-6d684e2983e9,0.13,false,false,near_mint,en,EUR,2025-09-30T23:51:40.191Z
Wardens of the Cycle,FDN,Foundations,125,normal,uncommon,1,100761,83ea9b2c-5723-4eff-88ac-6669975939e3,0.16,false,false,near_mint,es,EUR,2025-04-20T23:27:12.695Z
Water Tribe Rallier,TLA,Avatar: The Last Airbender,42,normal,uncommon,1,109430,4e744b6c-1c2f-451a-818a-5ee7785b5213,0.1,false,false,near_mint,en,EUR,2025-11-26T15:34:18.488Z
Weftstalker Ardent,EOE,Edge of Eternities,169,normal,uncommon,1,107165,cddb48cc-8eb1-47ce-90f0-7aad1e93e2c4,0.31,false,false,near_mint,en,EUR,2025-08-02T12:05:52.876Z
West Wind Avatar,TMT,Teenage Mutant Ninja Turtles,137,normal,uncommon,1,111610,f4b8f7e6-9bff-430b-b2f5-4308d57d1194,0.11,false,false,near_mint,en,EUR,2026-03-06T23:49:55.803Z
Whirlwing Stormbrood // Dynamic Soar,TDM,Tarkir: Dragonstorm,234,normal,uncommon,1,104656,56a25eb1-bdb8-4f86-8d9a-3055ad1b2a13,0.1,false,false,near_mint,en,EUR,2025-04-20T23:27:12.695Z
White Lotus Reinforcements,TLA,Avatar: The Last Airbender,251,normal,uncommon,1,109428,4c7e3e2f-d7ac-4d40-ab84-cb7efe06a316,0.14,false,false,near_mint,en,EUR,2025-11-26T15:34:18.488Z
Wickerfolk Indomitable,DFT,Aetherdrift,109,normal,uncommon,1,103245,ba78e076-8962-4b3f-b86f-04400b062951,0.04,false,false,near_mint,en,EUR,2025-04-20T23:27:12.695Z
Wildwood Scourge,M21,Core Set 2021,214,normal,uncommon,1,50792,46ff0b33-d153-4b0e-ac48-7e5ed70dea09,0.15,false,false,near_mint,es,EUR,2025-04-20T23:27:12.695Z
"Wingnut, Bat on the Belfry",TMT,Teenage Mutant Ninja Turtles,110,normal,uncommon,1,111457,40b9b1d0-b7d1-473e-b6a9-a29d527c2f35,0.11,false,false,near_mint,en,EUR,2026-03-06T23:49:55.805Z
Wispdrinker Vampire,MKM,Murders at Karlov Manor,243,normal,uncommon,1,91091,a3490c05-d12c-4483-acbc-1b4ae68877f0,0.13,false,false,near_mint,en,EUR,2025-04-20T23:27:12.695Z
Witchstalker Frenzy,WOE,Wilds of Eldraine,159,normal,uncommon,3,85454,649025a7-79d1-4d7c-b1db-d46bcf5a1ae2,0.26,false,false,near_mint,es,EUR,2025-04-20T23:27:12.695Z
Witherbloom Charm,SOS,Secrets of Strixhaven,244,normal,uncommon,1,111694,254437f7-7a8a-4b11-9cea-e8e7ea23c59e,0.27,false,false,near_mint,es,EUR,2026-04-19T19:45:43.753Z
Wormhole Serpent,STX,Strixhaven: School of Mages,62,normal,uncommon,2,58044,2d0fd73f-e161-4e42-b4f9-9246a9dba785,0.08,false,false,near_mint,es,EUR,2025-04-20T23:27:12.695Z
"Wraith, Vicious Vigilante",SPM,Marvel's Spider-Man,160,normal,uncommon,1,108523,5f46ed93-de6d-4180-9018-26ee07f75464,0.06,false,false,near_mint,en,EUR,2025-09-30T23:51:40.191Z
Wrangler of the Damned,OTJ,Outlaws of Thunder Junction,238,normal,uncommon,1,93311,b4d163dd-67dc-4aab-afb9-d043352d109c,0.04,false,false,near_mint,en,EUR,2025-10-27T10:57:33.331Z
You Cannot Pass!,LTR,The Lord of the Rings: Tales of Middle-earth,38,normal,uncommon,1,82859,116d4030-acd2-4aa2-8254-aaaff1264459,0.09,false,false,near_mint,es,EUR,2025-04-20T23:27:12.695Z
Zack Fair,FIN,Final Fantasy,45,normal,uncommon,1,106237,f21f9161-5945-40da-8da0-446f6a4a1c23,0.08,false,false,near_mint,en,EUR,2025-06-18T14:09:45.764Z
"Zhao, Ruthless Admiral",TLA,Avatar: The Last Airbender,252,normal,uncommon,1,109417,3fd48a57-b0bb-4177-a0f3-bd317a179cbe,0.11,false,false,near_mint,en,EUR,2025-11-26T15:34:18.488Z
Zimone's Experiment,SOS,Secrets of Strixhaven,169,normal,uncommon,1,112376,a6597852-4267-4ea6-a391-f927e4833be2,0.03,false,false,near_mint,en,EUR,2026-05-08T10:13:36.441Z
Zombify,FDN,Foundations,187,normal,uncommon,1,101225,dc798e6f-13c4-457c-b052-b7b65bc83cfe,0.19,false,false,near_mint,es,EUR,2025-04-20T23:27:12.695Z
Zombify,SOA,Secrets of Strixhaven Mystical Archive,36,normal,uncommon,1,112530,dfec5854-70c7-4e4b-9979-58775dd7a181,0.31,false,false,near_mint,es,EUR,2026-04-19T19:45:43.728Z
Zuko's Conviction,TLA,Avatar: The Last Airbender,123,normal,uncommon,1,109923,ad8933d6-cdc7-4d60-a78e-b43ffecfb136,0.09,false,false,near_mint,en,EUR,2025-11-26T15:34:18.488Z
